3.010624,-0.517563,-0.0033001771
3.0465102301,-0.5208631891,-0.0032630604
3.0823035268,-0.5241262611,-0.0032259437
3.1180038901,-0.527352216,-0.0031888269
3.1536113201,-0.5305410537,-0.0031517102
3.1891258167,-0.5336927743,-0.0031145934
3.22454738,-0.5368073778,-0.0030774766
3.2598760099,-0.5398848641,-0.0030403598
3.2951117065,-0.5429252333,-0.0030032431
3.3302544697,-0.5459284854,-0.0029661263
3.3653042995,-0.5488946204,-0.0029290095
3.400261196,-0.5518236382,-0.0028918926
3.4351251592,-0.5547155389,-0.0028547758
3.4698961889,-0.5575703225,-0.002817659
3.5045742853,-0.5603879889,-0.0027805422
3.5391594484,-0.5631685383,-0.0027434253
3.5736516781,-0.5659119704,-0.0027063085
3.6080509744,-0.5686182855,-0.0026691916
3.6423573374,-0.5712874835,-0.0026320747
3.6765707671,-0.5739195643,-0.0025949579
3.7106912633,-0.5765145279,-0.002557841
3.7447188262,-0.5790723745,-0.0025207241
3.7786534558,-0.5815931039,-0.0024836072
3.812495152,-0.5840767162,-0.0024464903
3.8462439148,-0.5865232114,-0.0024093734
3.8798997443,-0.5889325894,-0.0023722565
3.9134626404,-0.5913048503,-0.0023351395
3.9469326032,-0.5936399941,-0.0022980226
3.9803096326,-0.5959380208,-0.0022609057
4.0135937287,-0.5981989303,-0.0022237887
4.0467848914,-0.6004227227,-0.0021866718
4.0798831207,-0.602609398,-0.0021495548
4.1128884167,-0.6047589562,-0.0021124379
4.1458007793,-0.6068713972,-0.0020753209
4.1786202086,-0.6089467211,-0.0020382039
4.2113467045,-0.6109849278,-0.002001087
4.243980267,-0.6129860175,-0.00196397
4.2765208962,-0.61494999,-0.001926853
4.3089685921,-0.6168768453,-0.001889736
4.3413233546,-0.6187665836,-0.001852619
4.3735851837,-0.6206192047,-0.001815502
4.4057540794,-0.6224347087,-0.001778385
4.4378300418,-0.6242130956,-0.001741268
4.4698130709,-0.6259543653,-0.001704151
4.5017031666,-0.6276585179,-0.0016670339
4.5335003289,-0.6293255534,-0.0016299169
4.5652045579,-0.6309554718,-0.0015927999
4.5968158535,-0.632548273,-0.0015556828
4.6283342158,-0.6341039571,-0.0015185658
4.6597596447,-0.6356225241,-0.0014814488
4.6910921402,-0.6371039739,-0.0014443317
4.7223317024,-0.6385483066,-0.0014072147
4.7534783313,-0.6399555222,-0.0013700976
4.7845320267,-0.6413256207,-0.0013329805
4.8154927889,-0.642658602,-0.0012958635
4.8463606176,-0.6439544662,-0.0012587464
4.877135513,-0.6452132133,-0.0012216293
4.9078174751,-0.6464348433,-0.0011845123
4.9384065038,-0.6476193561,-0.0011473952
4.9689025991,-0.6487667518,-0.0011102781
4.9993057611,-0.6498770303,-0.001073161
5.0296159897,-0.6509501918,-0.0010360439
5.0598332849,-0.6519862361,-0.0009989268
5.0899576468,-0.6529851633,-0.0009618098
5.1199890754,-0.6539469733,-0.0009246927
5.1499275706,-0.6548716662,-0.0008875756
5.1797731324,-0.655759242,-0.0008504585
5.2095257609,-0.6566097007,-0.0008133414
5.239185456,-0.6574230423,-0.0007762243
5.2687522177,-0.6581992667,-0.0007391072
5.2982260461,-0.658938374,-0.00070199
5.3276069412,-0.6596403641,-0.0006648729
5.3568949029,-0.6603052371,-0.0006277558
5.3860899312,-0.6609329931,-0.0005906387
5.4151920262,-0.6615236318,-0.0005535216
5.4442011878,-0.6620771535,-0.0005164045
5.473117416,-0.662593558,-0.0004792874
5.5019407109,-0.6630728454,-0.0004421702
5.5306710725,-0.6635150156,-0.0004050531
5.5593085006,-0.6639200688,-0.000367936
5.5878529955,-0.6642880048,-0.0003308189
5.6163045569,-0.6646188237,-0.0002937017
5.6446631851,-0.6649125254,-0.0002565846
5.6729288798,-0.66516911,-0.0002194675
5.7011016412,-0.6653885775,-0.0001823504
5.7291814692,-0.6655709279,-0.0001452332
5.7571683639,-0.6657161612,-0.0001081161
5.7850623252,-0.6658242773,-0.000070999
5.8128633532,-0.6658952762,-3.38818563310438E-05
5.8405714478,-0.6659291581,3.23527156430562E-06
5.8681866091,-0.6659259228,4.03523994504077E-05
5.895708837,-0.6658855704,7.74695272257684E-05
5.9231381315,-0.6658081009,0.0001145867
5.9504744927,-0.6656935142,0.0001517038
5.9777179205,-0.6655418105,0.0001888209
6.004868415,-0.6653529896,0.000225938
6.0319259761,-0.6651270515,0.0002630552
6.0588906038,-0.6648639963,0.0003001723
6.0857622982,-0.6645638241,0.0003372894
6.1125410592,-0.6642265346,0.0003744065
6.1392268869,-0.6638521281,0.0004115237
6.1658197812,-0.6634406044,0.0004486408
6.1923197422,-0.6629919636,0.0004857579
6.2187267698,-0.6625062057,0.000522875
6.245040864,-0.6619833306,0.0005599921
6.2712620249,-0.6614233384,0.0005971092
6.2973902525,-0.6608262291,0.0006342264
6.3234255466,-0.6601920026,0.0006713435
6.3493679075,-0.6595206591,0.0007084606
6.3752173349,-0.6588121984,0.0007455777
6.400973829,-0.6580666205,0.0007826948
6.4266373898,-0.6572839256,0.0008198119
6.4522080172,-0.6564641135,0.000856929
6.4776857112,-0.6556071843,0.0008940461
6.5030704719,-0.6547131379,0.0009311632
6.5283622992,-0.6537819745,0.0009682803
6.5535611931,-0.6528136939,0.0010053974
6.5786671537,-0.6518082962,0.0010425145
6.603680181,-0.6507657813,0.0010796316
6.6286002749,-0.6496861493,0.0011166929
6.6534275233,-0.6485694559,0.0011365282
6.678189098,-0.6474329272,0.0011426855
6.7029065743,-0.6462902412,0.0011488427
6.7275799521,-0.645141398,0.001155
6.7522092314,-0.6439863975,0.0011611573
6.7767944123,-0.6428252397,0.0011673145
6.8013354947,-0.6416579247,0.0011734718
6.8258324787,-0.6404844524,0.001179629
6.8502853642,-0.6393048228,0.0011857863
6.8746941513,-0.638119036,0.0011919435
6.8990588399,-0.6369270919,0.0011981008
6.9233794301,-0.6357289905,0.001204258
6.9476559218,-0.6345247319,0.0012104153
6.971888315,-0.633314316,0.0012165726
6.9960766098,-0.6320977428,0.0012227298
7.0202208061,-0.6308750124,0.0012288871
7.044320904,-0.6296461247,0.0012350443
7.0683769034,-0.6284110797,0.0012412016
7.0923888043,-0.6271698775,0.0012473588
7.1163566068,-0.625922518,0.0012535161
7.1402803109,-0.6246690013,0.0012596734
7.1641599165,-0.6234093272,0.0012658306
7.1879954236,-0.6221434959,0.0012719879
7.2117868323,-0.6208715074,0.0012781451
7.2355341425,-0.6195933616,0.0012843024
7.2592373543,-0.6183090585,0.0012904596
7.2828964676,-0.6170185982,0.0012966169
7.3065114824,-0.6157219805,0.0013027741
7.3300823988,-0.6144192057,0.0013089314
7.3536092168,-0.6131102735,0.0013150886
7.3770919362,-0.6117951841,0.0013212459
7.4005305573,-0.6104739374,0.0013274032
7.4239250798,-0.6091465335,0.0013335604
7.447275504,-0.6078129723,0.0013397177
7.4705818296,-0.6064732538,0.0013458749
7.4938440568,-0.6051273781,0.0013520322
7.5170621856,-0.6037753451,0.0013581894
7.5402362158,-0.6024171548,0.0013643467
7.5633661477,-0.6010528073,0.0013705039
7.5864519811,-0.5996823025,0.0013766612
7.609493716,-0.5983056404,0.0013828184
7.6324913524,-0.5969228211,0.0013889757
7.6554448904,-0.5955338445,0.001395133
7.67835433,-0.5941387107,0.0014012902
7.7012196711,-0.5927374196,0.0014074475
7.7240409137,-0.5913299712,0.0014136047
7.7468180579,-0.5899163655,0.001419762
7.7695511036,-0.5884966026,0.0014259192
7.7922400509,-0.5870706824,0.0014320765
7.8148848997,-0.585638605,0.0014382337
7.8374856501,-0.5842003702,0.001444391
7.860042302,-0.5827559783,0.0014505482
7.8825548554,-0.581305429,0.0014567055
7.9050233104,-0.5798487225,0.0014628627
7.9274476669,-0.5783858587,0.00146902
7.949827925,-0.5769168377,0.0014751772
7.9721640846,-0.5754416594,0.0014813345
7.9944561458,-0.5739603238,0.0014874917
8.0167041085,-0.572472831,0.001493649
8.0389079727,-0.5709791809,0.0014998062
8.0610677385,-0.5694793735,0.0015059635
8.0831834059,-0.5679734089,0.0015121207
8.1052549747,-0.566461287,0.001518278
8.1272824452,-0.5649430078,0.0015244352
8.1492658171,-0.5634185714,0.0015305925
8.1712050906,-0.5618879777,0.0015367497
8.1931002657,-0.5603512267,0.001542907
8.2149513423,-0.5588083185,0.0015490643
8.2367583204,-0.557259253,0.0015552215
8.2585212001,-0.5557040303,0.0015613788
8.2802399814,-0.5541426503,0.001567536
8.3019146641,-0.552575113,0.0015736933
8.3235452484,-0.5510014184,0.0015798505
8.3451317343,-0.5494215666,0.0015860078
8.3666741217,-0.5478355575,0.001592165
8.3881724107,-0.5462433912,0.0015983223
8.4096266011,-0.5446450676,0.0016044795
8.4310366932,-0.5430405867,0.0016106367
8.4524026868,-0.5414299485,0.001616794
8.4737245819,-0.5398131531,0.0016240734
8.4950020847,-0.5381890783,0.0017637723
8.5162005268,-0.5364253041,0.0019943691
8.5372961102,-0.5344309324,0.0022249657
8.558288835,-0.532205963,0.002455562
8.579178701,-0.529750396,0.0026861581
8.5999657084,-0.5270642314,0.0029167539
8.6206498571,-0.5241474692,0.0031473494
8.6412311472,-0.5210001094,0.0033779446
8.6617095786,-0.5176221519,0.0036085394
8.6820851513,-0.5140135969,0.0038391338
8.7023578653,-0.5101744442,0.0040697278
8.7225277207,-0.506104694,0.0043003214
8.7425947173,-0.5018043461,0.0045309145
8.7625588554,-0.4972734006,0.0047615071
8.7824201347,-0.4925118575,0.0049920993
8.8021785554,-0.4875197168,0.0052226908
8.8218341174,-0.4822969784,0.0054532819
8.8413868207,-0.4768436425,0.0056838723
8.8608366653,-0.4711597089,0.0059144622
8.8801836513,-0.4652451778,0.0061450514
8.8994277786,-0.459100049,0.00637564
8.9185690472,-0.4527243226,0.026241182
8.9376074572,-0.4461179986,0.0461067233
8.9565430085,-0.439281077,0.0659722638
8.9753757011,-0.4322135577,0.0858378036
8.9941055351,-0.4249154409,0.1057033426
9.0127325103,-0.4173867264,0.1255688809
9.0312566269,-0.4096274144,0.1454344183
9.0496778848,-0.4016375047,0.1652999548
9.0679962841,-0.3934169974,0.1851654905
9.0862118247,-0.3849658925,0.2050310253
9.1043245066,-0.37628419,0.2248965591
9.1223343298,-0.3673718898,0.244762092
9.1402412944,-0.3582289921,0.2646276239
9.1580454003,-0.3488554967,0.2844931549
9.1757466475,-0.3392514038,0.3043586848
9.1933450361,-0.3294167132,0.3242242137
9.2108405659,-0.319351425,0.3440897415
9.2282332371,-0.3090555392,0.3639552682
9.2455230497,-0.2985290558,0.3838207938
9.2627100035,-0.2877719747,0.4036863182
9.2797940987,-0.2767842961,0.4235518415
9.2967753352,-0.2655660198,0.4434173635
9.3136537131,-0.254117146,0.4632828844
9.3304292322,-0.2424376745,0.483148404
9.3471018927,-0.2305276054,0.5030139224
9.3636716946,-0.2183869387,0.5228794395
9.3801386377,-0.2060156744,0.5427449552
9.3965027222,-0.1934138124,0.5626104696
9.412763948,-0.1805813529,0.5824759827
9.4289223151,-0.1675182957,0.6023414943
9.4449778236,-0.154224641,0.6222070045
9.4609304734,-0.1407003886,0.6420725134
9.4767802645,-0.1269455386,0.6619380207
9.4925271969,-0.112960091,0.6818035266
9.5081712707,-0.0987440458,0.7016690309
9.5237124858,-0.0842974029,0.7215345337
9.5391508422,-0.0696201625,0.741400035
9.55448634,-0.0547123245,0.7612655346
9.5697189791,-0.0395738888,0.7811310327
9.5848487595,-0.0242048555,0.8009965291
9.5998756812,-0.0086052246,0.8208620239
9.6147997443,0.0072250039,0.8407275169
9.6296209487,0.02328583,0.8605930083
9.6443392944,0.0395772537,0.8804584979
9.6589547815,0.0560992751,0.9003239858
9.6734674098,0.072851894,0.9201894719
9.6878771795,0.0898351106,0.9400549562
9.7021840906,0.1070489248,0.9599204387
9.7163881429,0.1244933366,0.9797859193
9.7304893366,0.142168346,0.9996513981
9.7444876716,0.160073953,1.0195168749
9.758383148,0.1782101576,1.0393823498
9.7721757657,0.1965769598,1.0592478227
9.7858655247,0.2151743597,1.0791132937
9.799452425,0.2340023572,1.0989787627
9.8129364666,0.2530609522,1.1188442297
9.8263176496,0.2723501449,1.1387096946
9.8395959739,0.2918699352,1.1585751574
9.8527714396,0.3116203231,1.1784394468
9.8658429861,0.3316001369,1.1982295861
9.8787434854,0.3517351984,1.2179755274
9.8914329242,0.3719812923,1.2377214682
9.9039113027,0.3923384186,1.2574674085
9.9161786209,0.4128065775,1.2772133483
9.9282348787,0.4333857687,1.2969592876
9.9400800762,0.4540759925,1.3167052264
9.9517142133,0.4748772487,1.3364511647
9.96313729,0.4957895374,1.3561971024
9.9743493064,0.5168128585,1.3759430397
9.9853502625,0.5379472121,1.3956889764
9.9961401582,0.5591925981,1.4154349126
10.0067189935,0.5805490166,1.4351808482
10.0170867685,0.6020164676,1.4549267834
10.0272434831,0.623594951,1.474672718
10.0371891374,0.6452844669,1.494418652
10.0469237313,0.6670850153,1.5141645856
10.0564472649,0.6889965961,1.5339105186
10.0657597381,0.7110192093,1.553656451
10.074861151,0.7331528551,1.5734023829
10.0837515035,0.7553975333,1.5931483143
10.0924307957,0.7777532439,1.593259291
10.1008990275,0.800219987,1.5933702672
10.109156199,0.8227977626,1.5934812428
10.1172023101,0.8454865706,1.5935922178
10.1250373609,0.8682864111,1.5937031923
10.1326613513,0.8911972841,1.5938141662
10.1400742813,0.9142191895,1.5939251396
10.147276151,0.9373521274,1.5940361124
10.1542669604,0.9605960977,1.5941470846
10.1610467094,0.9839511005,1.5942580562
10.167615398,1.0074171357,1.5943690273
10.1739730263,1.0309942035,1.5944799978
10.1801195943,1.0546823036,1.5945909677
10.1860551019,1.0784814363,1.594701937
10.1917795491,1.1023916014,1.5948129057
10.197292936,1.1264127989,1.5949238739
10.2025952625,1.1505450289,1.5950348414
10.2076865287,1.1747882914,1.5951458083
10.2125667345,1.1991425864,1.5952567747
10.21723588,1.2236079138,1.5953677404
10.2216939651,1.2481842736,1.5954787056
10.2259409899,1.2728716659,1.5955896701
10.2299769543,1.2976700907,1.595700634
10.2338018584,1.322579548,1.5958115973
10.2374157021,1.3476000377,1.59592256
10.2408184855,1.3727315598,1.5960335221
10.2440102085,1.3979741145,1.5961444835
10.2469908712,1.4233277015,1.5962554443
10.2497604735,1.4487923211,1.5963664045
10.2523190154,1.4743679731,1.5964773641
10.254666497,1.5000546576,1.596588323
10.2568029183,1.5258523745,1.5966992813
10.2587282792,1.5517611239,1.596810239
10.2604425797,1.5777809057,1.596921196
10.2619458199,1.60391172,1.5970321524
10.2632379997,1.6301535668,1.5971431081
10.2643191192,1.656506446,1.5972540632
10.2651891784,1.6829703577,1.5973650176
10.2658481772,1.7095453018,1.5974759714
10.2662961156,1.7362312785,1.5975869245
10.2665329937,1.7630282875,1.597697877
10.2665588114,1.7899363291,1.5978088287
10.2663735688,1.816955403,1.5979197799
10.2659772658,1.8440855095,1.5980307303
10.2653699025,1.8713266484,1.5981416801
10.2645514788,1.8986788198,1.5982526292
10.2635219947,1.9261420236,1.5983635777
10.2622814504,1.9537162599,1.5984745255
10.2608298456,1.9814015287,1.5985854725
10.2591671805,2.0091978299,1.5986964189
10.2572934551,2.0371051635,1.5988073646
10.2552086693,2.0651235297,1.5989183097
10.2529128231,2.0932529283,1.599029254
10.2504059166,2.1214933593,1.5991401976
10.2476879498,2.1498448228,1.5992511406
10.2447589226,2.1783073188,1.5993620828
10.241618835,2.2068808473,1.5994730243
10.2382676871,2.2355654082,1.5995839651
10.2347054789,2.2643610015,1.5996934688
10.2309366527,2.2932661897,1.5997455489
10.2271387979,2.3222235015,1.5997678179
10.2234041093,2.3512031011,1.599790087
10.2197325871,2.3802049884,1.5998123559
10.2161242312,2.4092291635,1.5998346249
10.2125790416,2.4382756262,1.5998568938
10.2090970183,2.4673443767,1.5998791627
10.2056781613,2.4964354149,1.5999014316
10.2023224706,2.5255487408,1.5999237004
10.1990299463,2.5546843545,1.5999459692
10.1958005882,2.5838422559,1.599968238
10.1926343965,2.613022445,1.5999905067
10.189531371,2.6422249218,1.6000127755
10.1864915119,2.6714496864,1.6000350441
10.183514819,2.7006967387,1.6000573128
10.1806012925,2.7299660787,1.6000795814
10.1777509323,2.7592577064,1.60010185
10.1749637384,2.7885716219,1.6001241186
10.1722397108,2.8179078251,1.6001463872
10.1695788495,2.847266316,1.6001686557
10.1669811545,2.8766470946,1.6001909242
10.1644466258,2.906050161,1.6002131926
10.1619752635,2.9354755151,1.6002354611
10.1595670674,2.9649231569,1.6002577295
10.1572220377,2.9943930864,1.6002799978
10.1549401742,3.0238853037,1.6003022662
10.1527214771,3.0533998087,1.6003245345
10.1505659463,3.0829366014,1.6003468028
10.1484735817,3.1124956818,1.600369071
10.1464443835,3.14207705,1.6003913392
10.1444783516,3.1716807059,1.6004136074
10.142575486,3.2013066495,1.6004358756
10.1407357867,3.2309548808,1.6004581437
10.1389592538,3.2606253999,1.6004804119
10.1372458871,3.2903182067,1.6005026799
10.1355956867,3.3200333012,1.600524948
10.1340086527,3.3497706834,1.600547216
10.1324847849,3.3795303534,1.600569484
10.1310240835,3.4093123111,1.6005917519
10.1296265484,3.4391165565,1.6006140199
10.1282921795,3.4689430896,1.6006362878
10.127020977,3.4987919105,1.6006585556
10.1258129408,3.5286630191,1.6006808235
10.1246680709,3.5585564154,1.6007030913
10.1235863673,3.5884720995,1.6007253591
10.1225678301,3.6184100712,1.6007476268
10.1216124591,3.6483703307,1.6007698946
10.1207202544,3.6783528779,1.6007921622
10.1198912161,3.7083577129,1.6008144299
10.119125344,3.7383848355,1.6008366975
10.1184226383,3.7684342459,1.6008589651
10.1177830988,3.7985059441,1.6008812327
10.1172067257,3.8285999299,1.6009035003
10.1166935189,3.8587162035,1.6009257678
10.1162434784,3.8888547648,1.6009480353
10.1158566042,3.9190156138,1.6009703027
10.1155328963,3.9491987505,1.6009925701
10.1152723547,3.979404175,1.6010148375
10.1150749794,4.0096318872,1.6010371049
10.1149407705,4.0398818871,1.6010593722
10.1148697278,4.0701541747,1.6010816395
10.1148618515,4.1004487501,1.6011039068
10.1149171414,4.1307656132,1.6011261741
10.1150355977,4.161104764,1.6011484413
10.1152172202,4.1914662026,1.6011707085
10.1154620091,4.2218499288,1.6011929756
10.1157699643,4.2522559428,1.6012152427
10.1161410858,4.2826842446,1.6012375098
10.1165753736,4.313134834,1.6012597769
10.1170728277,4.3436077112,1.6012820439
10.1176334482,4.3741028761,1.6013043109
10.1182572349,4.4046203287,1.6013265779
10.1189441879,4.435160069,1.6013488448
10.1196943073,4.4657220971,1.6013711117
10.1205075929,4.4963064129,1.6013933786
10.1213840449,4.5269130164,1.6014156455
10.1223236631,4.5575419077,1.6014379123
10.1233264477,4.5881930866,1.6014601791
10.1243923986,4.6188665533,1.6014824459
10.1255215158,4.6495623078,1.6015051275
10.126712759,4.6802807652,1.6015393247
10.1279372582,4.7110334522,1.6015787377
10.1291819367,4.7418255895,1.6016181506
10.1304467945,4.7726571771,1.6016575634
10.1317318317,4.803528215,1.6016969761
10.1330370482,4.8344387032,1.6017363887
10.134362444,4.8653886418,1.6017758013
10.1357080191,4.8963780307,1.6018152137
10.1370737735,4.92740687,1.601854626
10.1384597073,4.9584751595,1.6018940383
10.1398658204,4.9895828994,1.6019334504
10.1412921128,5.0207300896,1.6019728625
10.1427385846,5.0519167301,1.6020122744
10.1442052356,5.083142821,1.6020516862
10.145692066,5.1144083622,1.602091098
10.1471990757,5.1457133537,1.6021305097
10.1487262647,5.1770577956,1.6021699212
10.1502736331,5.2084416877,1.6022093327
10.1518411808,5.2398650302,1.602248744
10.1534289078,5.2713278231,1.6022881553
10.1550368141,5.3028300662,1.6023275665
10.1566648998,5.3343717597,1.6023669775
10.1583131647,5.3659529035,1.6024063885
10.159981609,5.3975734976,1.6024457994
10.1616702327,5.4292335421,1.6024852101
10.1633790356,5.4609330369,1.6025246208
10.1651080179,5.492671982,1.6025640314
10.1668571795,5.5244503774,1.6026034419
10.1686265204,5.5562682232,1.6026428523
10.1704160406,5.5881255193,1.6026822625
10.1722257402,5.6200222657,1.6027216727
10.1740556191,5.6519584624,1.6027610828
10.1759056773,5.6839341095,1.6028004928
10.1777759148,5.7159492069,1.6028399027
10.1796663317,5.7480037546,1.6028793124
10.1815769279,5.7800977527,1.6029187221
10.1835077034,5.812231201,1.6029581317
10.1854586582,5.8444040997,1.6029975412
10.1874297924,5.8766164488,1.6030369506
10.1894211058,5.9088682481,1.6030763599
10.1914325986,5.9411594978,1.603115769
10.1934642707,5.9734901978,1.6031551781
10.1955161222,6.0058603481,1.6031945871
10.197588153,6.0382699488,1.603233996
10.1996803631,6.0707189998,1.6032734048
10.2017927525,6.1032075011,1.6033128135
10.2039253212,6.1357354527,1.603352222
10.2060780693,6.1683028547,1.6033916305
10.2082509967,6.200909707,1.6034310389
10.2104441034,6.2335560096,1.6034704472
10.2126573894,6.2662417626,1.6035098553
10.2148908548,6.2989669658,1.6035492634
10.2171444994,6.3317316194,1.6035886714
10.2194183235,6.3645357234,1.6036280792
10.2217123268,6.3973792776,1.603667487
10.2240265094,6.4302622822,1.6037068947
10.2263608714,6.4631847371,1.6037463022
10.2287154127,6.4961466423,1.6037857097
10.2310901333,6.5291479979,1.6038251171
10.2334850333,6.5621888038,1.6038645243
10.2359001125,6.59526906,1.6039039315
10.2383353711,6.6283887665,1.6039433385
10.2407908091,6.6615479234,1.6039827455
10.2432664263,6.6947465306,1.6040221523
10.2457622229,6.7279845881,1.604061559
10.2482781987,6.761262096,1.6041009657
10.250814354,6.7945790541,1.6041403722
10.2533706885,6.8279354626,1.6041797786
10.2559472024,6.8613313215,1.604219185
10.2585438955,6.8947666306,1.6042585912
10.261160768,6.9282413901,1.6042979973
10.2637978199,6.9617555999,1.6043374033
10.266455051,6.99530926,1.6043768092
10.2691324615,7.0289023705,1.604416215
10.2718300513,7.0625349313,1.6044556207
10.2745478204,7.0962069424,1.6044950263
10.2772857689,7.1299184038,1.6045344318
10.2800438966,7.1636693156,1.6045738372
10.2828222037,7.1974596777,1.6046132425
10.2856206901,7.2312894901,1.6046399791
10.2884240959,7.2651460698,1.6044071966
10.2909198163,7.2987696019,1.6040717843
10.2929842362,7.3320573464,1.6037363645
10.2946173556,7.3650093031,1.6034009373
10.2958191745,7.3976254721,1.6030655028
10.2965896929,7.4299058534,1.602730061
10.2969289108,7.461850447,1.602394612
10.2968368283,7.4934592529,1.6020591559
10.2963134452,7.5247322711,1.6017236928
10.2953587616,7.5556695015,1.6013882227
10.2939727776,7.5862709443,1.6044071966
10.292155493,7.6165365993,1.6044071966
10.289906908,7.6464664666,1.6044071966
10.2872270224,7.6760605462,1.6044071966
10.2841158364,7.7053188381,1.6044071966
10.2805733498,7.7342413423,1.6044071966
10.2765995628,7.7628280587,1.6044071966
10.2721944753,7.7910789875,1.6044071966
10.2673580872,7.8189941285,1.6044071966
10.2620903987,7.8465734818,1.6044071966
10.2563914097,7.8738170474,1.6044071966
10.2502611202,7.9007248253,1.6044071966
10.2436995302,7.9272968155,1.6044071966
10.2367066397,7.953533018,1.6044071966
10.2292824487,7.9794334327,1.6044071966
10.2214269572,8.0049980598,1.6044071966
10.2131401652,8.0302268991,1.6044071966
10.2044220727,8.0551199507,1.6044071966
10.1952726797,8.0796772146,1.6044071966
10.1856919862,8.1038986908,1.6044071966
10.1756799922,8.1277843793,1.6044071966
10.1652366978,8.15133428,1.6044071966
10.1543621028,8.1745483931,1.6044071966
10.1430562073,8.1974267184,1.6044071966
10.1313190114,8.219969256,1.6044071966
10.1191505149,8.2421760059,1.6044071966
10.106550718,8.2640469681,1.6044071966
10.0935196205,8.2855821426,1.6044071966
10.0800572226,8.3067815294,1.6044071966
10.0661635241,8.3276451284,1.6044071966
10.0518385252,8.3481729398,1.6044071966
10.0370822258,8.3683649634,1.6044071966
10.0218946259,8.3882211993,1.6044071966
10.0062757254,8.4077416475,1.6044071966
9.9902255245,8.426926308,1.6044071966
9.9737440231,8.4457751808,1.6044071966
9.9568312212,8.4642882658,1.6044071966
9.9394871188,8.4824655632,1.6044071966
9.9217117159,8.5003070728,1.6044071966
9.9035050125,8.5178127947,1.6044071966
9.8848670086,8.5349827289,1.6044071966
9.8657977042,8.5518168754,1.6044071966
9.8462970993,8.5683152342,1.6044071966
9.826365194,8.5844778053,1.5842717804
9.8060019881,8.6003045886,1.6153519787
9.7852074817,8.6157955843,1.646432174
9.7639816748,8.6309507922,1.6775123665
9.7423245675,8.6457702124,1.7085925561
9.7202361596,8.6602538449,1.739672743
9.6977164513,8.6744016897,1.7707529272
9.6747654424,8.6882137468,1.8018331089
9.6513831331,8.7016900161,1.832913288
9.6275695232,8.7148304978,1.8639934647
9.6033246129,8.7276351917,1.8950736391
9.5786484021,8.7401040979,1.9261538112
9.5535408907,8.7522372164,1.957233981
9.5280020789,8.7640345472,1.9883141488
9.5020319666,8.7754960903,2.0193943144
9.4756305538,8.7866218457,2.0504744781
9.4487978405,8.7974118133,2.0815546399
9.4215338267,8.8078659933,2.1126347999
9.3938385124,8.8179843855,2.1437149581
9.3657118976,8.82776699,2.1748049637
9.3371539823,8.8372138068,2.206050364
9.3081647665,8.8463248359,2.2373493866
9.2787442502,8.8551000773,2.268648409
9.2488924334,8.8635395309,2.2999474313
9.2186093161,8.8716431969,2.3312464533
9.1878948984,8.8794110751,2.3625454752
9.1567491801,8.8868431656,2.3938444969
9.1251935815,8.8939493179,2.4251435184
9.0935660647,8.9008849356,2.4564425398
9.0619832505,8.9077036439,2.487741561
9.030445139,8.9144054427,2.5190405821
8.99895173,8.920990332,2.5503396029
8.9675030237,8.9274583118,2.5816386237
8.93609902,8.9338093822,2.6129376443
8.9047397189,8.9400435432,2.6442366647
8.8734251204,8.9461607947,2.675535685
8.8421552245,8.9521611367,2.7068347051
8.8109300312,8.9580445693,2.7381337251
8.7797495405,8.9638110924,2.769432745
8.7486137525,8.969460706,2.8007317647
8.717522667,8.9749934102,2.8320307844
8.6864762842,8.9804092049,2.8633298038
8.655474604,8.9857080902,2.8946288232
8.6245176264,8.990890066,2.9259278425
8.5936053513,8.9959551324,2.9572268616
8.562737779,9.0009032893,2.9885258806
8.5319149092,9.0057345367,3.0198248995
8.501136742,9.0104488747,3.0511239183
8.4704032774,9.0150463032,3.082422937
8.4397145155,9.0195268223,3.1137219556
8.4090704562,9.0238904319,3.1450209741
8.3784710994,9.028137132,3.144904066
8.3479164453,9.0322669227,3.144904066
8.3174064938,9.0362798039,3.144904066
8.2869412449,9.0401757757,3.144904066
8.2565206986,9.043954838,3.144904066
8.226144855,9.0476169908,3.144904066
8.1958137139,9.0511622342,3.144904066
8.1655272754,9.0545905681,3.144904066
8.1352855396,9.0579019926,3.1447871577
8.1050885064,9.0610965076,3.1446702494
8.0749361757,9.0641741132,3.144553341
8.0448285477,9.0671348093,3.1444364326
8.0147656223,9.0699785959,3.144319524
7.9847473996,9.0727054731,3.1442026154
7.9547738794,9.0753154408,3.1440857067
7.9248450618,9.0778084991,3.1439687979
7.8949609469,9.0801846479,3.1438518891
7.8651215345,9.0824438872,3.1437349802
7.8353268248,9.0845862171,3.1436180712
7.8055768177,9.0866116375,3.1435011622
7.7758715131,9.0885201485,3.1433842532
7.7462109112,9.09031175,3.1432673441
7.716595012,9.091986442,3.1431504349
7.6870238153,9.0935442246,3.1430335257
7.6574973212,9.0949850977,3.1429166165
7.6280155297,9.0963090614,3.1427997072
7.5985784409,9.0975161156,3.1426827979
7.5691860547,9.0986062604,3.1425658886
7.539838371,9.0995794957,3.1424489792
7.51053539,9.1004358215,3.1423320698
7.4812771116,9.1011752379,3.1422151604
7.4520635358,9.1017977448,3.142098251
7.4228946626,9.1023033423,3.1419813416
7.3937704921,9.1026920303,3.1418644321
7.3646910241,9.1029638088,3.1417475227
7.3356562588,9.1031186779,3.1416306132
7.306666196,9.1031566375,3.1415137038
7.2777208359,9.1030776877,3.1413967943
7.2488201784,9.1028818284,3.1412798848
7.2199642235,9.1025690596,3.1411629754
7.1911529712,9.1021393814,3.141046066
7.1623864215,9.1015927937,3.1409291566
7.1336645744,9.1009292966,3.1408122472
7.10498743,9.10014889,3.1406953378
7.0763549881,9.099251574,3.1405784284
7.0477672489,9.0982373485,3.1404615191
7.0192242122,9.0971062135,3.1403446098
6.9907258782,9.0958581691,3.1402277006
6.9622722468,9.0944932152,3.1401107913
6.933863318,9.0930113518,3.1399938822
6.9054990918,9.091412579,3.139876973
6.8771795682,9.0896968968,3.1397600639
6.8489047473,9.0878643051,3.1396431549
6.8206746289,9.0859148039,3.1395262459
6.7924892132,9.0838483932,3.139409337
6.7643485,9.0816650731,3.1393008524
6.7362504894,9.0793732679,3.1392979482
6.7081701148,9.0770785585,3.1393267881
6.6800998396,9.0748126891,3.139355628
6.6520396637,9.0725756599,3.139384468
6.6239895872,9.0703674706,3.1394133079
6.5959496102,9.0681881215,3.1394421478
6.5679197325,9.0660376124,3.1394709877
6.5398999541,9.0639159434,3.1394998277
6.5118902752,9.0618231144,3.1395286676
6.4838906956,9.0597591255,3.1395575076
6.4559012155,9.0577239767,3.1395863475
6.4279218347,9.0557176679,3.1396151875
6.3999525533,9.0537401992,3.1396440274
6.3719933713,9.0517915705,3.1396728674
6.3440442886,9.049871782,3.1397017073
6.3161053054,9.0479808334,3.1397305473
6.2881764215,9.046118725,3.1397593873
6.260257637,9.0442854566,3.1397882272
6.2323489519,9.0424810283,3.1398170672
6.2044503662,9.04070544,3.1398459072
6.1765618799,9.0389586918,3.1398747472
6.148683493,9.0372407837,3.1399035871
6.1208152054,9.0355517156,3.1399324271
6.0929570172,9.0338914876,3.1399612671
6.0651089284,9.0322600997,3.1399901071
6.037270939,9.0306575518,3.1400189471
6.009443049,9.029083844,3.1400477871
5.9816252583,9.0275389763,3.1400766271
5.9538175671,9.0260229486,3.1401054671
5.9260199752,9.024535761,3.1401343071
5.8982324827,9.0230774134,3.1401631471
5.8704550896,9.021647906,3.1401919871
5.8426877959,9.0202472385,3.1402208271
5.8149306016,9.0188754112,3.1402496671
5.7871835066,9.0175324239,3.1402785071
5.759446511,9.0162182767,3.1403073471
5.7317196148,9.0149329695,3.1403361872
5.704002818,9.0136765024,3.1403650272
5.6762961206,9.0124488754,3.1403938672
5.6485995226,9.0112500884,3.1404227072
5.6209130239,9.0100801415,3.1404515472
5.5932366247,9.0089390346,3.1404803873
5.5655703248,9.0078267679,3.1405092273
5.5379141243,9.0067433412,3.1405380673
5.5102680232,9.0056887545,3.1405669074
5.4826320214,9.0046630079,3.1405957474
5.4550061191,9.0036661014,3.1406245874
5.4273903161,9.0026980349,3.1406534275
5.3997846125,9.0017588085,3.1406822675
5.3721890083,9.0008484222,3.1407111076
5.3446035035,8.999966876,3.1407399476
5.3170280981,8.9991141698,3.1407687876
5.2894627921,8.9982903036,3.1407976277
5.2619075854,8.9974952776,3.1408264677
5.2343624781,8.9967290915,3.1408553078
5.2068274702,8.9959917456,3.1408841478
5.1793025617,8.9952832397,3.1409129879
5.1517877526,8.9946035739,3.1409418279
5.1242830429,8.9939527482,3.140970668
5.0967884325,8.9933307625,3.140999508
5.0693039215,8.9927376169,3.1410283481
5.0418295099,8.9921733113,3.1410571881
5.0143651977,8.9916378458,3.1410860282
4.9869109849,8.9911312204,3.1411148683
4.9594668715,8.990653435,3.1411437083
4.9320328574,8.9902044897,3.1411725484
4.9046089427,8.9897843845,3.1412013884
4.8771951275,8.9893931193,3.1412302285
4.8497914116,8.9890306942,3.1412590686
4.822397795,8.9886971092,3.1412879086
4.7950142779,8.9883923642,3.1413167487
4.7676408602,8.9881164593,3.1413455887
4.7402775418,8.9878693944,3.1413744288
4.7129243228,8.9876511696,3.1414032689
4.6855812032,8.9874617849,3.1414321089
4.658248183,8.9873012403,3.141460949
4.6309252622,8.9871695357,3.1414897891
4.6036124407,8.9870666711,3.1415186291
4.5763097187,8.9869926467,3.1415474692
4.549017096,8.9869474623,3.141574785
4.5217294083,8.9869295937,3.1415865717
4.4943940396,8.9869235119,3.1415943009
4.4669972421,8.9869251592,3.1416020301
4.4395390158,8.9869345357,3.1416097592
4.4120193606,8.9869516413,3.1416174884
4.3844382767,8.9869764761,3.1416252176
4.356795764,8.9870090401,3.1416329467
4.3290918224,8.9870493332,3.1416406759
4.3013264521,8.9870973555,3.1416484051
4.2734996529,8.987153107,3.1416561342
4.2456114249,8.9872165877,3.1416638634
4.2176617682,8.9872877975,3.1416715926
4.1896506826,8.9873667365,3.1416793217
4.1615781682,8.9874534046,3.1416870509
4.133444225,8.9875478019,3.1416947801
4.105248853,8.9876499284,3.1417025092
4.0769920523,8.987759784,3.1417102384
4.0486738227,8.9878773689,3.1417179676
4.0202941643,8.9880026828,3.1417256967
3.991853077,8.988135726,3.1417334259
3.963350561,8.9882764983,3.1417411551
3.9347866162,8.9884249998,3.1417488842
3.9061612426,8.9885812304,3.1417566134
3.8774744402,8.9887451903,3.1417643426
3.8487262089,8.9889168793,3.1417720717
3.8199165489,8.9890962974,3.1417798009
3.79104546,8.9892834447,3.1417875301
3.7621129424,8.9894783212,3.1417952592
3.7331189959,8.9896809269,3.1418029884
3.7040636207,8.9898912617,3.1418107176
3.6749468166,8.9901093257,3.1418184467
3.6457685837,8.9903351188,3.1418261759
3.6165289221,8.9905686412,3.1418339051
3.5872278316,8.9908098926,3.1418416342
3.5578653123,8.9910588733,3.1418493634
3.5284413642,8.9913155831,3.1418570926
3.4989559873,8.9915800221,3.1418648217
3.4694091816,8.9918521903,3.1418725509
3.4398009471,8.9921320876,3.1418802801
3.4101312838,8.9924197141,3.1418880092
3.3804001917,8.9927150698,3.1418957384
3.3506076708,8.9930181546,3.1419034676
3.3207537211,8.9933289686,3.1419111967
3.2908383425,8.9936475118,3.1419189259
3.2608615352,8.9939737841,3.1419266551
3.230823299,8.9943077856,3.1419343842
3.2007236341,8.9946495162,3.1419421134
3.1705625404,8.9949989761,3.1419498426
3.1403400178,8.9953561651,3.1419575717
3.1100560664,8.9957210832,3.1419653009
3.0797106863,8.9960937306,3.1419730301
3.0493038773,8.9964741071,3.1419807592
3.0188356395,8.9968622127,3.1419884884
2.9883059729,8.9972580476,3.1419962176
2.9577148776,8.9976616116,3.1420039467
2.9270623534,8.9980729047,3.1420116759
2.8963484004,8.9984919271,3.1420194051
2.8655730186,8.9989186786,3.1420271342
2.834736208,8.9993531593,3.1420348634
2.8038379686,8.9997953691,3.1420425926
2.7728783003,9.0002453081,3.1420503217
2.7418572033,9.0007029763,3.1420580509
2.7107746775,9.0011683736,3.1420657801
2.6796307229,9.0016415001,3.1420735092
2.6484253394,9.0021223558,3.1420812384
2.6171585272,9.0026109406,3.1420889676
2.5858302861,9.0031072546,3.1420966967
2.5544406163,9.0036112978,3.1421044259
2.5229895176,9.0041230702,3.1421121551
2.4914769902,9.0046425717,3.1421198842
2.4599030339,9.0051698024,3.1421276134
2.4282676488,9.0057047622,3.1421353425
2.396570835,9.0062474512,3.1421430717
2.3648125923,9.0067978694,3.1421508009
2.3329929208,9.0073560167,3.14215853
2.3011118205,9.0079218932,3.1421662592
2.2691692914,9.0084954989,3.1421739884
2.2371653335,9.0090768338,3.1421817175
2.2050999468,9.0096658978,3.1421894467
2.1729731313,9.010262691,3.1421944098
2.1408161312,9.0108644472,3.1421760525
2.1088923615,9.0114478463,3.1421524203
2.0772614059,9.012007613,3.1421287881
2.0459232643,9.0125437475,3.1421051558
2.0148779368,9.0130562498,3.1420815236
1.9841254233,9.0135451198,3.1420578913
1.9536657238,9.0140103576,3.1420342591
1.9234988385,9.0144519631,3.1420106268
1.8936247672,9.0148699364,3.1419869946
1.8640435099,9.0152642775,3.1419633624
1.8347550667,9.0156349863,3.1419397301
1.8057594375,9.0159820628,3.1419160979
1.7770566224,9.0163055071,3.1418924656
1.7486466214,9.0166053191,3.1418688334
1.7205294344,9.0168814989,3.1418452011
1.6927050614,9.0171340465,3.1418215689
1.6651735025,9.0173629618,3.1417979366
1.6379347577,9.0175682448,3.1417743044
1.6109888269,9.0177498956,3.1417506721
1.5843357102,9.0179079142,3.1417270399
1.5579754075,9.0180423005,3.1417034077
1.5319079189,9.0181530546,3.1416797754
1.5061332443,9.0182401764,3.1416561432
1.4806513838,9.0183036659,3.1416325109
1.4554623373,9.0183435233,3.1416088787
1.4305661049,9.0183597483,3.1415852464
1.4059626866,9.0183523412,3.1415616142
1.3816520823,9.0183213017,3.1415379819
1.357634292,9.0182666301,3.1415143497
1.3339093158,9.0181883261,3.1414907174
1.3104771537,9.01808639,3.1414670852
1.2873378056,9.0179608216,3.1414434529
1.2644912716,9.0178116209,3.1414198207
1.2419375516,9.017638788,3.1413961884
1.2196766456,9.0174423228,3.1413725562
1.1977085538,9.0172222254,3.1413489239
1.1760332759,9.0169784958,3.1413252917
1.1546508122,9.0167111339,3.1413016595
1.1335611625,9.0164201397,3.1412780272
1.1127643268,9.0161055133,3.141254395
1.0922603052,9.0157672547,3.1412307627
1.0720490976,9.0154053638,3.1412071305
1.0521307041,9.0150198407,3.1411834982
1.0325051247,9.0146106853,3.141159866
1.0131723593,9.0141778977,3.1411362337
0.9941324079,9.0137214778,3.1411126015
0.9753852707,9.0132414257,3.1410889693
0.9569309474,9.0127377413,3.141065337
0.9387694382,9.0122104247,3.1410417048
0.9209007431,9.0116594758,3.1410180725
0.903324862,9.0110848947,3.1409944403
0.886041795,9.0104866813,3.1409708081
0.869051542,9.0098648357,3.1409471758
0.8523541031,9.0092193578,3.1409235436
0.8359494783,9.0085502477,3.1408999113
0.8198376675,9.0078575054,3.1408762791
0.8040186707,9.0071411308,3.1408526469
0.788492488,9.0064011239,3.1408290146
0.7732591194,9.0056374848,3.1408053824
0.7583185648,9.0048502135,3.1407817502
0.7436708242,9.0040393099,3.1407581179
0.7293158977,9.003204774,3.1407344857
0.7152537853,9.0023466059,3.1407108535
0.7014844869,9.0014648056,3.1406872213
0.6880080026,9.000559373,3.140663589
0.6748243323,8.9996303082,3.1406399568
0.6619334761,8.9986776111,3.1406163246
0.6493354339,8.9977012818,3.1405926923
0.6370302058,8.9967013202,3.1405690601
0.6250177918,8.9956777264,3.1405454279
0.6132981917,8.9946305003,3.1405217957
0.6018714058,8.993559642,3.1404981635
0.5907374339,8.9924651514,3.1404745312
0.579896276,8.9913470286,3.140450899
0.5693479323,8.9902052736,3.1404272668
0.5590924025,8.9890398862,3.1404036346
0.5491296868,8.9878508667,3.1403800024
0.5394597852,8.9866382149,3.1403563702
0.5300826976,8.9854019308,3.140332738
0.5209984241,8.9841420145,3.1403164017
0.5121559559,8.982865762,3.1403516754
0.5031944716,8.9816247831,3.1403970034
0.4940436776,8.9804291324,3.1404423315
0.4847035739,8.9792788097,3.1404876595
0.4751741604,8.9781738152,3.1405329875
0.4654554371,8.9771141488,3.1405783156
0.4555474041,8.9760998104,3.1406236437
0.4454500614,8.9751308002,3.1406689717
0.4351634089,8.9742071181,3.1407142998
0.4246874467,8.973328764,3.1407596279
0.4140221747,8.9724957381,3.1408049559
0.4031675929,8.9717080403,3.140850284
0.3921237015,8.9709656706,3.1408956121
0.3808905002,8.970268629,3.1409409402
0.3694679893,8.9696169155,3.1409862683
0.3578561686,8.9690105301,3.1410315964
0.3460550381,8.9684494728,3.1410769245
0.3340645979,8.9679337436,3.1411222525
0.3218848479,8.9674633426,3.1411675806
0.3095157883,8.9670382696,3.1412129087
0.2969574188,8.9666585247,3.1412582368
0.2842097396,8.9663241079,3.1413035649
0.2712727507,8.9660350193,3.141348893
0.258146452,8.9657912587,3.1413942211
0.2448308436,8.9655928263,3.1414395492
0.2313259254,8.9654397219,3.1414848773
0.2176316975,8.9653319457,3.1415302054
0.2037481598,8.9652694975,3.1415755336
0.1896753124,8.9652523775,3.1416208617
0.1754131552,8.9652805856,3.1416661898
0.1609616883,8.9653541217,3.1417115179
0.1463209117,8.965472986,3.141756846
0.1314908253,8.9656371784,3.1418021741
0.1164714291,8.9658466989,3.1418475022
0.1012627233,8.9661015475,3.1418928303
0.0858647076,8.9664017242,3.1419381584
0.0702773822,8.966747229,3.1419834865
0.0545007471,8.9671380619,3.1420288146
0.0385348022,8.9675742229,3.1420741427
0.0223795476,8.968055712,3.1421194708
0.0060349832,8.9685825292,3.1421647988
-0.0104988909,8.9691546745,3.1422101269
-0.0272220747,8.969772148,3.142255455
-0.0441345683,8.9704349495,3.1423007831
-0.0612363717,8.9711430791,3.1423461112
-0.0785274848,8.9718965369,3.1423914393
-0.0960079076,8.9726953227,3.1424367673
-0.1136776402,8.9735394367,3.1424820954
-0.1315366825,8.9744288787,3.1425274235
-0.1495850346,8.9753636489,3.1425727515
-0.1678226965,8.9763437471,3.1426180796
-0.186249668,8.9773691735,3.1426634077
-0.2048659493,8.978439928,3.1427087357
-0.2236715404,8.9795560105,3.1427540637
-0.2426664412,8.9807174212,3.1427993918
-0.2618506518,8.98192416,3.1428447198
-0.2812241721,8.9831762269,3.1428900479
-0.3007870021,8.9844736219,3.1429353759
-0.3205391419,8.985816345,3.1429807039
-0.3404805915,8.9872043962,3.1430260319
-0.3606113508,8.9886377755,3.1430713599
-0.3809314198,8.9901164829,3.1431166879
-0.4014407986,8.9916405184,3.1431620159
-0.4221394871,8.993209882,3.1432073439
-0.4430274854,8.9948245738,3.1432526719
-0.4641047934,8.9964845936,3.1432979999
-0.4853714112,8.9981899415,3.1433433278
-0.5068273387,8.9999406175,3.1433886558
-0.5284725759,9.0017366217,3.1434339838
-0.5503071229,9.0035779539,3.1434793117
-0.5723309797,9.0054646143,3.1435246396
-0.5945441462,9.0073966027,3.1435699676
-0.6169466224,9.0093739193,3.1436152955
-0.6395384084,9.011396564,3.1436606234
-0.6623195042,9.0134645367,3.1437059513
-0.6852899096,9.0155778376,3.1437512792
-0.7084496249,9.0177364666,3.1437966071
-0.7317986498,9.0199404237,3.143841935
-0.7553369846,9.0221897088,3.1438872629
-0.779064629,9.0244843221,3.143922027
-0.8029750538,9.0268136997,3.1438934086
-0.8270290822,9.0291144588,3.1438542266
-0.8512201848,9.0313760357,3.1438150445
-0.8755483616,9.0335984303,3.1437758624
-0.9000136126,9.0357816425,3.1437366803
-0.9246159379,9.0379256725,3.1436974982
-0.9493553373,9.0400305203,3.1436583161
-0.9742318109,9.0420961857,3.143619134
-0.9992453587,9.0441226689,3.1435799519
-1.0243959807,9.0461099698,3.1435407697
-1.0496836769,9.0480580884,3.1435015876
-1.0751084473,9.0499670248,3.1434624055
-1.1006702919,9.0518367788,3.1434232233
-1.1263692108,9.0536673506,3.1433840412
-1.1522052038,9.0554587401,3.143344859
-1.178178271,9.0572109474,3.1433056769
-1.2042884124,9.0589239723,3.1432664947
-1.230535628,9.060597815,3.1432273125
-1.2569199178,9.0622324754,3.1431881304
-1.2834412818,9.0638279536,3.1431489482
-1.3100997201,9.0653842494,3.143109766
-1.3368952325,9.066901363,3.1430705838
-1.3638278191,9.0683792943,3.1430314016
-1.3908974799,9.0698180433,3.1429922194
-1.4181042149,9.07121761,3.1429530372
-1.4454480241,9.0725779945,3.142913855
-1.4729289076,9.0738991967,3.1428746728
-1.5005468652,9.0751812166,3.1428354906
-1.528301897,9.0764240542,3.1427963084
-1.556194003,9.0776277096,3.1427571261
-1.5842231832,9.0787921827,3.1427179439
-1.6123894376,9.0799174735,3.1426787617
-1.6406927663,9.081003582,3.1426395795
-1.6691331691,9.0820505082,3.1426003972
-1.6977106461,9.0830582522,3.142561215
-1.7264251973,9.0840268139,3.1425220327
-1.7552768227,9.0849561933,3.1424828505
-1.7842655224,9.0858463905,3.1424436682
-1.8133912962,9.0866974053,3.142404486
-1.8426541442,9.0875092379,3.1423653037
-1.8720540664,9.0882818882,3.1423261215
-1.9015910628,9.0890153562,3.1422869392
-1.9312651335,9.089709642,3.142247757
-1.9610762783,9.0903647455,3.1422085747
-1.9910244973,9.0909806667,3.1421693924
-2.0211097905,9.0915574056,3.1421302102
-2.0513321579,9.0920949622,3.1420910279
-2.0816915996,9.0925933366,3.1420518456
-2.1121881154,9.0930525287,3.1420126634
-2.1428217054,9.0934725385,3.1419734811
-2.1735923696,9.093853366,3.1419342988
-2.204500108,9.0941950113,3.1418951166
-2.2355449207,9.0944974743,3.1418559343
-2.2667268075,9.094760755,3.141816752
-2.2980457685,9.0949848534,3.1417775697
-2.3295018037,9.0951697695,3.1417383875
-2.3610949131,9.0953155034,3.1416992052
-2.3928250968,9.095422055,3.1416600229
-2.4246923546,9.0954894243,3.1416208406
-2.4566966866,9.0955176114,3.1415816584
-2.4888380928,9.0955066161,3.1415424761
-2.5211165733,9.0954564386,3.1415032938
-2.5535321279,9.0953670788,3.1414641115
-2.5860847567,9.0952385368,3.1414249292
-2.6187744597,9.0950708124,3.141385747
-2.651601237,9.0948639058,3.1413465647
-2.6845650884,9.0946178169,3.1413073824
-2.717666014,9.0943325457,3.1412682001
-2.7509040138,9.0940080923,3.1412290179
-2.7842790879,9.0936444565,3.1411898356
-2.8177912361,9.0932416385,3.1411506533
-2.8514404585,9.0927996382,3.1411114711
-2.8852267551,9.0923184557,3.1410722888
-2.919150126,9.0917980908,3.1410331065
-2.953210571,9.0912385437,3.1409939243
-2.9874080902,9.0906398143,3.140954742
-3.0217426836,9.0900019026,3.1409155597
-3.0562143513,9.0893248087,3.1408763775
-3.0908230931,9.0886085325,3.1408371952
-3.1255689091,9.087853074,3.1408035236
-3.160436314,9.0870639438,3.140798138
-3.1953458208,9.086269428,3.1407967512
-3.2302861925,9.0854735255,3.1407953644
-3.2652574291,9.0846762361,3.1407939776
-3.3002595306,9.08387756,3.1407925908
-3.335292497,9.083077497,3.140791204
-3.3703563283,9.0822760473,3.1407898172
-3.4054510246,9.0814732108,3.1407884304
-3.4405765857,9.0806689874,3.1407870436
-3.4757330118,9.0798633773,3.1407856568
-3.5109203027,9.0790563804,3.14078427
-3.5461384586,9.0782479967,3.1407828833
-3.5813874794,9.0774382261,3.1407814965
-3.6166673651,9.0766270688,3.1407801097
-3.6519781158,9.0758145247,3.1407787229
-3.6873197313,9.0750005938,3.1407773361
-3.7226922117,9.0741852761,3.1407759493
-3.7580955571,9.0733685717,3.1407745625
-3.7935297674,9.0725504804,3.1407731757
-3.8289948425,9.0717310023,3.1407717889
-3.8644907826,9.0709101374,3.1407704021
-3.9000175876,9.0700878857,3.1407690153
-3.9355752576,9.0692642473,3.1407676285
-3.9711637924,9.068439222,3.1407662417
-4.0067831921,9.0676128099,3.1407648549
-4.0424334568,9.0667850111,3.1407634681
-4.0781145864,9.0659558254,3.1407620813
-4.1138265808,9.065125253,3.1407606945
-4.1495694402,9.0642932937,3.1407593077
-4.1853431645,9.0634599477,3.1407579209
-4.2211477537,9.0626252148,3.1407565342
-4.2569832079,9.0617890952,3.1407551474
-4.2928495269,9.0609515888,3.1407537606
-4.3287467108,9.0601126956,3.1407523738
-4.3646747597,9.0592724155,3.140750987
-4.4006336735,9.0584307487,3.1407496002
-4.4366234522,9.0575876951,3.1407482134
-4.4726440958,9.0567432547,3.1407468266
-4.5086956043,9.0558974275,3.1407454398
-4.5447779777,9.0550502135,3.140744053
-4.580891216,9.0542016127,3.1407426662
-4.6170353193,9.0533516251,3.1407412794
-4.6532102874,9.0525002507,3.1407398926
-4.6894161205,9.0516474895,3.1407385058
-4.7256528185,9.0507933416,3.140737119
-4.7619203814,9.0499378068,3.1407357322
-4.7982188092,9.0490808852,3.1407343454
-4.8345481019,9.0482225768,3.1407329586
-4.8709082595,9.0473628817,3.1407315718
-4.907299282,9.0465017997,3.140730185
-4.9437211695,9.045639331,3.1407287983
-4.9801739219,9.0447754754,3.1407274115
-5.0166575391,9.0439102331,3.1407260247
-5.0531720213,9.0430436039,3.1407246379
-5.0897173684,9.042175588,3.1407232511
-5.1262935804,9.0413061853,3.1407218643
-5.1629006574,9.0404353957,3.1407204775
-5.1995385992,9.0395632194,3.1407190907
-5.2362074059,9.0386896563,3.1407177039
-5.2729070776,9.0378147064,3.1407163171
-5.3096376142,9.0369383697,3.1407149303
-5.3463990157,9.0360606461,3.1407135435
-5.383191282,9.0351815358,3.1407121567
-5.4200144134,9.0343010387,3.1407107699
-5.4568684096,9.0334191548,3.1407093831
-5.4937532707,9.0325358842,3.1407079963
-5.5306689967,9.0316512267,3.1407066095
-5.5676155877,9.0307651824,3.1407052227
-5.6045930436,9.0298777513,3.1407038359
-5.6416013643,9.0289889334,3.1407024492
-5.67864055,9.0280987288,3.1407010624
-5.7157106006,9.0272071373,3.1406996756
-5.7528115161,9.026314159,3.1406982888
-5.7899432966,9.025419794,3.140696902
-5.8271059419,9.0245240421,3.1406955152
-5.8642994522,9.0236269035,3.1406941284
-5.9015238273,9.022728378,3.1406927416
-5.9387790674,9.0218284658,3.1406913548
-5.9760651724,9.0209271667,3.140689968
-6.0133821423,9.0200244809,3.1406911789
-6.0507097766,9.0191230059,3.1407038738
-6.0879587703,9.0182342259,3.1407179309
-6.1251185309,9.017359503,3.140731988
-6.1621890583,9.0164988373,3.1407460451
-6.1991703524,9.0156522286,3.1407601022
-6.2360624134,9.0148196771,3.1407741593
-6.2728652412,9.0140011826,3.1407882164
-6.3095788357,9.0131967453,3.1408022736
-6.3462031971,9.0124063651,3.1408163307
-6.3827383252,9.011630042,3.1408303878
-6.4191842202,9.0108677761,3.1408444449
-6.455540882,9.0101195672,3.140858502
-6.4918083105,9.0093854155,3.1408725591
-6.5279865059,9.0086653209,3.1408866162
-6.5640754681,9.0079592833,3.1409006733
-6.600075197,9.007267303,3.1409147304
-6.6359856928,9.0065893797,3.1409287875
-6.6718069554,9.0059255135,3.1409428446
-6.7075389848,9.0052757045,3.1409569017
-6.7431817809,9.0046399525,3.1409709588
-6.7787353439,9.0040182577,3.140985016
-6.8141996737,9.00341062,3.1409990731
-6.8495747702,9.0028170394,3.1410131302
-6.8848606336,9.0022375159,3.1410271873
-6.9200572638,9.0016720496,3.1410412444
-6.9551646608,9.0011206403,3.1410553015
-6.9901828245,9.0005832882,3.1410693586
-7.0251117551,9.0000599931,3.1410834157
-7.0599514525,8.9995507552,3.1410974728
-7.0947019166,8.9990555745,3.14111153
-7.1293631476,8.9985744508,3.1411255871
-7.1639351454,8.9981073842,3.1411396442
-7.19841791,8.9976543748,3.1411537013
-7.2328114414,8.9972154224,3.1411677584
-7.2671157395,8.9967905272,3.1411818155
-7.3013308045,8.9963796891,3.1411958726
-7.3354566363,8.9959829081,3.1412099297
-7.3694932349,8.9956001843,3.1412239868
-7.4034406002,8.9952315175,3.141238044
-7.4372987324,8.9948769079,3.1412521011
-7.4710676314,8.9945363553,3.1412661582
-7.5047472972,8.9942098599,3.1412802153
-7.5383377298,8.9938974216,3.1412942724
-7.5718389291,8.9935990404,3.1413083295
-7.6052508953,8.9933147164,3.1413223866
-7.6385736283,8.9930444494,3.1413364438
-7.6718071281,8.9927882396,3.1413505009
-7.7049513947,8.9925460869,3.141364558
-7.7380064281,8.9923179912,3.1413786151
-7.7709722283,8.9921039527,3.1413926722
-7.8038487952,8.9919039714,3.1414067293
-7.836636129,8.9917180471,3.1414207864
-7.8693342296,8.99154618,3.1414348436
-7.901943097,8.9913883699,3.1414489007
-7.9344627312,8.991244617,3.1414629578
-7.9668931322,8.9911149212,3.1414770149
-7.9992343,8.9909992825,3.141491072
-8.0314862345,8.9908977009,3.1415051291
-8.0636489359,8.9908101765,3.1415191862
-8.0957224041,8.9907367091,3.1415332434
-8.1277066391,8.9906772989,3.1415473005
-8.1596016409,8.9906319458,3.1415613576
-8.1914074095,8.9906006497,3.1415754147
-8.2231239449,8.9905834109,3.1415894718
-8.2547512471,8.9905802291,3.1416035289
-8.2862893161,8.9905911044,3.141617586
-8.3177381519,8.9906160369,3.1416316432
-8.3490977545,8.9906550265,3.1416457003
-8.3803681239,8.9907080731,3.1416597574
-8.4115492601,8.9907751769,3.1416738145
-8.4426411631,8.9908563378,3.1416878716
-8.4736438328,8.9909515559,3.1417019287
-8.5045572694,8.991060831,3.1417159858
-8.5353814728,8.9911841633,3.141730043
-8.566116443,8.9913215527,3.1417441001
-8.59676218,8.9914729991,3.1417581572
-8.6273186838,8.9916385027,3.1417722143
-8.6577859544,8.9918180635,3.1417862714
-8.6881639918,8.9920116813,3.1418003285
-8.718452796,8.9922193562,3.1418236573
-8.7486792508,8.99245036,3.1418824712
-8.7789462471,8.9927401776,3.141944768
-8.809263884,8.9930922921,3.1420070649
-8.8396321613,8.9935067034,3.1420693617
-8.8700510792,8.9939834115,3.1421316585
-8.9005206376,8.9945224165,3.1421939553
-8.9310408364,8.9951237182,3.1422562521
-8.9616116758,8.9957873168,3.1423185489
-8.9922331557,8.9965132122,3.1423808457
-9.0229052761,8.9973014045,3.1424431424
-9.053628037,8.9981518935,3.1425054392
-9.0844014384,8.9990646794,3.142567736
-9.1152254803,9.0000397621,3.1426300328
-9.1461001627,9.0010771417,3.1426923295
-9.1770254856,9.002176818,3.1427546263
-9.208001449,9.0033387912,3.142816923
-9.2390280529,9.0045630612,3.1428792197
-9.2701052974,9.0058496281,3.1429415164
-9.3012331823,9.0071984917,3.1430038131
-9.3324117077,9.0086096522,3.1430661098
-9.3636408737,9.0100831095,3.1431284065
-9.3949206801,9.0116188636,3.1431907032
-9.4262511271,9.0132169146,3.1432529998
-9.4576322145,9.0148772624,3.1433152965
-9.4890639425,9.016599907,3.1433775931
-9.5205463109,9.0183848484,3.1434398897
-9.5520793199,9.0202320866,3.1435021863
-9.5836629694,9.0221416217,3.1435644829
-9.6152972593,9.0241134536,3.1436267795
-9.6469821898,9.0261475823,3.1436890761
-9.6787177608,9.0282440079,3.1437513726
-9.7105039723,9.0304027302,3.1438136691
-9.7423408243,9.0326237494,3.1438759656
-9.7742283168,9.0349070654,3.1439382621
-9.8061664498,9.0372526783,3.1440005586
-9.8381552233,9.0396605879,3.1440628551
-9.8701946373,9.0421307944,3.1441251515
-9.9022846919,9.0446632977,3.1441874479
-9.9344253869,9.0472580979,3.1442497443
-9.9666167224,9.0499151948,3.1443120407
-9.9988586984,9.0526345886,3.144374337
-10.031151315,9.0554162792,3.1444366334
-10.063494572,9.0582602667,3.1444989297
-10.0958884696,9.0611665509,3.1445612259
-10.1283330076,9.064135132,3.1446235222
-10.1608281862,9.0671660099,3.1446858185
-10.1933740053,9.0702591846,3.1447481147
-10.2259704648,9.0734146562,3.1448104109
-10.2586175649,9.0766324245,3.144872707
-10.2913153055,9.0799124897,3.1449350032
-10.3240636866,9.0832548518,3.1449972993
-10.3568627081,9.0866595106,3.1450595954
-10.3897123702,9.0901264663,3.1451218914
-10.4226126728,9.0936557188,3.1451841875
-10.4555636159,9.0972472681,3.1452464835
-10.4885651995,9.1009011142,3.1453087794
-10.5216174236,9.1046172572,3.1453710754
-10.5547202883,9.108395697,3.1454333713
-10.5878737934,9.1122364336,3.1454956672
-10.621077939,9.116139467,3.1455579631
-10.6543327251,9.1201047973,3.1456202589
-10.6876381518,9.1241324244,3.1456825547
-10.7209942189,9.1282223483,3.1457448505
-10.7544009265,9.132374569,3.1458071462
-10.7878582747,9.1365890866,3.1458694419
-10.8213662633,9.1408659009,3.1459317376
-10.8549248925,9.1452050121,3.1459940332
-10.8885341622,9.1496064202,3.1460563288
-10.9221940723,9.154070125,3.1461186244
-10.955904623,9.1585961267,3.1461809199
-10.9896658142,9.1631844252,3.1462432154
-11.0234776459,9.1678350205,3.1463055108
-11.057340118,9.1725479127,3.1463678063
-11.0912532307,9.1773231016,3.1464301017
-11.1252169839,9.1821605874,3.146492397
-11.1592313776,9.18706037,3.1465546923
-11.1932964118,9.1920224495,3.1466169876
-11.2274120865,9.1970468258,3.1466792828
-11.2615784018,9.2021334988,3.146741578
-11.2957953575,9.2072824688,3.146707317
-11.3300205524,9.2123971767,3.1463519105
-11.3641129606,9.2171564696,3.1459708784
-11.3980613295,9.2215347224,3.1455898451
-11.4318656592,9.2255319352,3.1452088106
-11.4655259495,9.229148108,3.1448277751
-11.4990422006,9.2323832408,3.1444467386
-11.5324144124,9.2352373336,3.1440657013
-11.5656425849,9.2377103863,3.1436846633
-11.5987267182,9.2398023991,3.1433036247
-11.6316668122,9.2415133718,3.1429225855
-11.6644628669,9.2428433045,3.142541546
-11.6971148823,9.2437921972,3.1421605062
-11.7296228584,9.2443600499,3.1417794663
-11.7619867953,9.2445468626,3.1413984263
-11.7942066929,9.2443526353,3.1410173863
-11.8262825512,9.243777368,3.1406363465
-11.8582143703,9.2428210606,3.140255307
-11.89000215,9.2414837133,3.1398742679
-11.9216458905,9.2397653259,3.1394932293
-11.9531455917,9.2376658985,3.1391121913
-11.9845012537,9.2351854311,3.138731154
-12.0157128763,9.2323239237,3.1383501175
-12.0467804597,9.2290813763,3.137969082
-12.0777040038,9.2254577889,3.1375880476
-12.1084835087,9.2214531615,3.1372070143
-12.1391189742,9.217067494,3.1368259822
-12.1696104005,9.2123007866,3.1364449516
-12.1999577875,9.2071530391,3.1360639224
-12.2301611352,9.2016242516,3.1356828949
-12.2602204437,9.1957144241,3.1353018691
-12.2901357129,9.1894235566,-3.1415926536
-12.3199069428,9.1827516491,-3.1258846903
-12.3495341334,9.1756987015,-3.1101767271
-12.3790172848,9.168264714,-3.0944687638
-12.4083563968,9.1604496864,-3.0787608005
-12.4375514696,9.1522536189,-3.0630528373
-12.4666025032,9.1436765113,-3.047344874
-12.4955094974,9.1347183637,-3.0316369107
-12.5242724524,9.1253791761,-3.0159289474
-12.5528913681,9.1156589485,-3.0002209842
-12.5813662445,9.1055576809,-2.9845130209
-12.6096970816,9.0950753732,-2.9688050576
-12.6378838795,9.0842120256,-2.9530970944
-12.6659266381,9.0729676379,-2.9373891311
-12.6938253574,9.0613422102,-2.9216811678
-12.7215800375,9.0493357426,-2.9059732046
-12.7491906782,9.0369482349,-2.8902652413
-12.7766572797,9.0241796871,-2.874557278
-12.8039798419,9.0110300994,-2.8588493148
-12.8311583649,8.9974994717,-2.8431413515
-12.8581928485,8.983587804,-2.8274333882
-12.8850832929,8.9692950962,-2.811725425
-12.911829698,8.9546213484,-2.7960174617
-12.9384320638,8.9395665607,-2.7803094984
-12.9648903904,8.9241307329,-2.7646015352
-12.9912046777,8.9083138651,-2.7488935719
-13.0173749257,8.8921159572,-2.7331856086
-13.0434011344,8.8755370094,-2.7174776454
-13.0692833039,8.8585770216,-2.7017696821
-13.095021434,8.8412359937,-2.6860617188
-13.1206155249,8.8235139259,-2.6703537556
-13.1460655766,8.805410818,-2.6546457923
-13.1713715889,8.7869266701,-2.638937829
-13.196533562,8.7680614822,-2.6232298657
-13.2215514958,8.7488152543,-2.6075219025
-13.2464253903,8.7291879864,-2.5918139392
-13.2711552455,8.7091796785,-2.5761059759
-13.2957410615,8.6887903305,-2.5603980127
-13.3201828382,8.6680199426,-2.5446900494
-13.3444805756,8.6468685146,-2.5289820861
-13.3686342738,8.6253360466,-2.5132741229
-13.3926439326,8.6034225386,-2.4975661596
-13.4165095522,8.5811279906,-2.4818581963
-13.4402311325,8.5584524026,-2.4661502331
-13.4638086736,8.5353957746,-2.4504422698
-13.4872421753,8.5119581065,-2.4347343065
-13.5105316378,8.4881393985,-2.4190263433
-13.533677061,8.4639396504,-2.40331838
-13.5566784449,8.4393588624,-2.3876104167
-13.5795357896,8.4143970343,-2.3719024535
-13.6021914705,8.389132397,-2.3561944902
-13.6244784944,8.3637916602,-2.3404865269
-13.6463862771,8.3383891927,-2.3247785637
-13.6679148187,8.3129249947,-2.3090706004
-13.6890641192,8.2873990661,-2.2933626371
-13.7098341785,8.2618114068,-2.2776546739
-13.7302249967,8.236162017,-2.2619467106
-13.7502365737,8.2104508965,-2.2462387473
-13.7698689097,8.1846780455,-2.230530784
-13.7891220044,8.1588434638,-2.2148228208
-13.8079958581,8.1329471515,-2.1991148575
-13.8264904706,8.1069891086,-2.1834068942
-13.8446058419,8.0809693351,-2.167698931
-13.8623419722,8.0548878311,-2.1519909677
-13.8796988613,8.0287445964,-2.1362830044
-13.8966765092,8.0025396311,-2.1205750412
-13.913274916,7.9762729352,-2.1048670779
-13.9294940817,7.9499445086,-2.0891591146
-13.9453340063,7.9235543515,-2.0734511514
-13.9607946897,7.8971024638,-2.0577431881
-13.9758761319,7.8705888455,-2.0420352248
-13.9905783331,7.8440134965,-2.0263272616
-14.0049012931,7.817376417,-2.0106192983
-14.0188450119,7.7906776068,-1.994911335
-14.0324094896,7.7639170661,-1.9792033718
-14.0455947262,7.7370947947,-1.9634954085
-14.0584007217,7.7102107928,-1.9477874452
-14.070827476,7.6832650602,-1.932079482
-14.0828749892,7.656257597,-1.9163715187
-14.0945432612,7.6291884032,-1.9006635554
-14.1058322921,7.6020574788,-1.8849555922
-14.1167420819,7.5748648238,-1.8692476289
-14.1272726305,7.5476104382,-1.8535396656
-14.137423938,7.520294322,-1.8378317024
-14.1471960043,7.4929164752,-1.8221237391
-14.1565888295,7.4654768978,-1.8064157758
-14.1656024136,7.4379755898,-1.7907078125
-14.1742367566,7.4104125512,-1.7749998493
-14.1824918584,7.3827877819,-1.759291886
-14.190367719,7.3551012821,-1.7435839227
-14.1978643386,7.3273530516,-1.7278759595
-14.2049817169,7.2995430906,-1.7121679962
-14.2117198542,7.2716713989,-1.6964600329
-14.2180787503,7.2437379767,-1.6807520697
-14.2240584053,7.2157428238,-1.6650441064
-14.2296588192,7.1876859403,-1.6493361431
-14.2348799919,7.1595673262,-1.6336281799
-14.2397219234,7.1313869815,-1.6179202166
-14.2441846139,7.1031449063,-1.6022122533
-14.2482680632,7.0748411004,-1.5865042901
-14.2519722713,7.0464755639,-1.5707963268
-14.2552972383,7.0180482967,-1.5707963268
-14.2582429642,6.989559299,-1.5707963268
-14.260809449,6.9610085707,-1.5707963268
-14.2629966926,6.9323961118,-1.5707963268
-14.2648046951,6.9037219222,-1.5707963268
-14.2662334564,6.8749860021,-1.5707963268
-14.2672829766,6.8461883514,-1.5707963268
-14.2679532557,6.81732897,-1.5707963268
-14.2682442936,6.7884078581,-1.5707963268
-14.2681560904,6.7594250155,-1.5707963268
-14.2676886461,6.7303804423,-1.5707963268
-14.2668419606,6.7012741386,-1.5707963268
-14.2656160339,6.6721061042,-1.5707963268
-14.2640108662,6.6428763392,-1.5707963268
-14.2620264573,6.6135848436,-1.5707963268
-14.2596628073,6.5842316174,-1.5707963268
-14.2569199161,6.5548166606,-1.5707963268
-14.2537977838,6.5253399732,-1.5707963268
-14.2502964104,6.4958015552,-1.5707963268
-14.2464157958,6.4662014066,-1.5707963268
-14.2421559401,6.4365395273,-1.5707963268
-14.2375168432,6.4068159175,-1.5707963268
-14.2324985052,6.3770305771,-1.5707963268
-14.2271009261,6.347183506,-1.5707963268
-14.2213241058,6.3172747044,-1.5707963268
-14.2151680444,6.2873041721,-1.5707963268
-14.2086327419,6.2572719093,-1.5707963268
-14.2017181982,6.2271779158,-1.5707963268
-14.1944244134,6.1970221917,-1.5707963268
-14.1868963296,6.1667814771,-1.5707963268
-14.179500484,6.1363969508,-1.5707963268
-14.1722547695,6.1058657416,-1.5707963268
-14.1651591861,6.0751878494,-1.5707963268
-14.1582137337,6.0443632742,-1.5707963268
-14.1514184124,6.013392016,-1.5707963268
-14.1447732221,5.9822740749,-1.5707963268
-14.1382781629,5.9510094507,-1.5707963268
-14.1319332348,5.9195981436,-1.5707963268
-14.1257384377,5.8880401535,-1.5707963268
-14.1196937717,5.8563354804,-1.5707963268
-14.1137992367,5.8244841243,-1.5707963268
-14.1080548328,5.7924860852,-1.5707963268
-14.10246056,5.7603413631,-1.5707963268
-14.0970164182,5.7280499581,-1.5707963268
-14.0917224075,5.6956118701,-1.5707963268
-14.0865785278,5.663027099,-1.5707963268
-14.0815847792,5.630295645,-1.5707963268
-14.0767411616,5.5974175081,-1.5707963268
-14.0720476752,5.5643926881,-1.5707963268
-14.0675043197,5.5312211851,-1.5707963268
-14.0631110954,5.4979029992,-1.5707963268
-14.0588680021,5.4644381302,-1.5707963268
-14.0547750398,5.4308265783,-1.5707963268
-14.0508322087,5.3970683434,-1.5707963268
-14.0470395085,5.3631634255,-1.5707963268
-14.0433969395,5.3291118246,-1.5707963268
-14.0399045015,5.2949135408,-1.5707963268
-14.0365621945,5.2605685739,-1.5707963268
-14.0333700187,5.2260769241,-1.5707963268
-14.0303279738,5.1914385913,-1.5707963268
-14.0274360601,5.1566535755,-1.5707963268
-14.0246942774,5.1217218767,-1.5707963268
-14.0221026257,5.0866434949,-1.5707963268
-14.0196611052,5.0514184301,-1.5707963268
-14.0173697156,5.0160466824,-1.5707963268
-14.0152284572,4.9805282517,-1.5707963268
-14.0132373298,4.9448631379,-1.5707963268
-14.0113963334,4.9090513412,-1.5707963268
-14.0097054682,4.8730928616,-1.5707963268
-14.0081647339,4.8369876989,-1.5707963268
-14.0067741308,4.8007358532,-1.5707963268
-14.0055336587,4.7643373246,-1.5707963268
-14.0044433176,4.7277921129,-1.5707963268
-14.0035031077,4.6911002183,-1.5707963268
-14.0027130287,4.6542616407,-1.5707963268
-14.0020730809,4.6172763801,-1.5707963268
-14.0015832641,4.5801444366,-1.5707963268
-14.0012435783,4.54286581,-1.5707963268
-14.0010540237,4.5054405004,-1.5707963268
-14.0010146,4.4678685079,-1.5707963268
-14.0011253075,4.4301498324,-1.5707963268
-14.001386146,4.3922844739,-1.5707963268
-14.0017971155,4.3542724324,-1.5707963268
-14.0023582162,4.3161137079,-1.5707963268
-14.0030694479,4.2778083005,-1.5707963268
-14.0039308106,4.23935621,-1.5707963268
-14.0049423044,4.2007574366,-1.5707963268
-14.0061039293,4.1620119802,-1.5707963268
-14.0074156852,4.1231198408,-1.5707963268
-14.0088775722,4.0840810184,-1.5707963268
-14.0104895902,4.044895513,-1.5707963268
-14.0122517393,4.0055633246,-1.5707963268
-14.0141640195,3.9660844533,-1.5707963268
-14.0162264307,3.926458899,-1.5707963268
-14.018438973,3.8866866616,-1.5707963268
-14.0208016463,3.8467677413,-1.5707963268
-14.0233144507,3.8067021381,-1.5707963268
-14.0259773862,3.7664898518,-1.5707963268
-14.0287904527,3.7261308825,-1.5707963268
-14.0317536503,3.6856252303,-1.5707963268
-14.0348669789,3.644972895,-1.5707963268
-14.0381304386,3.6041738768,-1.5707963268
-14.0415440294,3.5632281756,-1.5707963268
-14.0451077512,3.5221357914,-1.5707963268
-14.0488216041,3.4808967243,-1.5707963268
-14.052685588,3.4395109741,-1.5707963268
-14.056699703,3.397978541,-1.5707963268
-14.0608639491,3.3562994248,-1.5707963268
-14.0651783262,3.3144736257,-1.5707963268
-14.0695388454,3.27259093,-1.5707963268
-14.0737159243,3.2308495644,-1.5707963268
-14.0777012902,3.1892566717,-1.5707963268
-14.0814949431,3.1478122518,-1.5707963268
-14.0850968831,3.1065163048,-1.5707963268
-14.0885071101,3.0653688306,-1.5707963268
-14.0917256241,3.0243698293,-1.5707963268
-14.0947524251,2.9835193009,-1.5707963268
-14.0975875132,2.9428172453,-1.5707963268
-14.1002308883,2.9022636626,-1.5707963268
-14.1026825504,2.8618585528,-1.5707963268
-14.1049424995,2.8216019158,-1.5707963268
-14.1070107357,2.7814937517,-1.5707963268
-14.1088872589,2.7415340605,-1.5707963268
-14.1105720691,2.7017228421,-1.5707963268
-14.1120651664,2.6620600965,-1.5707963268
-14.1133665507,2.6225458239,-1.5707963268
-14.114476222,2.5831800241,-1.5707963268
-14.1153941803,2.5439626971,-1.5707963268
-14.1161204257,2.5048938431,-1.5707963268
-14.116654958,2.4659734618,-1.5707963268
-14.1169977774,2.4272015535,-1.5707963268
-14.1171488839,2.388578118,-1.5707963268
-14.1171082773,2.3501031554,-1.5707963268
-14.1168759578,2.3117766656,-1.5707963268
-14.1164519254,2.2735986487,-1.5707963268
-14.1158361799,2.2355691047,-1.5707963268
-14.1150287215,2.1976880335,-1.5707963268
-14.1140295501,2.1599554352,-1.5707963268
-14.1128386657,2.1223713097,-1.5707963268
-14.1114560683,2.0849356571,-1.5707963268
-14.109881758,2.0476484774,-1.5707963268
-14.1081157347,2.0105097705,-1.5707963268
-14.1061579984,1.9735195365,-1.5707963268
-14.1040085492,1.9366777754,-1.5707963268
-14.101667387,1.8999844871,-1.5707963268
-14.0991345118,1.8634396717,-1.5707963268
-14.0964099236,1.8270433291,-1.5707963268
-14.0934936225,1.7907954595,-1.5707963268
-14.0903856084,1.7546960626,-1.5707963268
-14.0870858813,1.7187451387,-1.5707963268
-14.0835944412,1.6829426876,-1.5707963268
-14.0799112882,1.6472887093,-1.5707963268
-14.0760364222,1.6117832039,-1.5707963268
-14.0719698432,1.5764261714,-1.5707963268
-14.0677115513,1.5412176118,-1.5707963268
-14.0632615463,1.506157525,-1.5707963268
-14.0586198284,1.471245911,-1.5707963268
-14.0537863976,1.43648277,-1.5707963268
-14.0487612537,1.4018681018,-1.5707963268
-14.0435443969,1.3674019064,-1.5707963268
-14.0381358271,1.333084184,-1.5707963268
-14.0325355444,1.2989149343,-1.5707963268
-14.0267435486,1.2648941576,-1.5707963268
-14.0207598399,1.2310218537,-1.5707963268
-14.0145844182,1.1972980227,-1.5707963268
-14.0082172836,1.1637226645,-1.5707963268
-14.0016584359,1.1302957792,-1.5707963268
-13.9949078753,1.0970173668,-1.5707963268
-13.9879656017,1.0638874272,-1.5707963268
-13.9808316152,1.0309059605,-1.5707963268
-13.9735059157,0.9980729666,-1.5707963268
-13.9659885032,0.9653884456,-1.5707963268
-13.9582793777,0.9328523975,-1.5707963268
-13.9503785392,0.9004648222,-1.5707963268
-13.9422859878,0.8682257198,-1.5707963268
-13.9340017234,0.8361350903,-1.5707963268
-13.9255257461,0.8041929336,-1.5707963268
-13.9168580557,0.7723992498,-1.5707963268
-13.9079986524,0.7407540388,-1.5707963268
-13.8989475361,0.7092573007,-1.5707963268
-13.8897047069,0.6779090355,-1.5707963268
-13.8802701646,0.6467092432,-1.5707963268
-13.8706439094,0.6156579237,-1.5707963268
-13.8608259412,0.584755077,-1.5707963268
-13.8508162601,0.5540007032,-1.5707963268
-13.840614866,0.5233948023,-1.544616388
-13.8302217589,0.4929373743,-1.5184364492
-13.8196369388,0.4626284191,-1.4922565105
-13.8088604057,0.4324679367,-1.4660765717
-13.7978517832,0.4025573502,-1.4398966329
-13.7865332963,0.3730920239,-1.4137166941
-13.7749029996,0.3440768449,-1.3875367553
-13.762960893,0.3155118132,-1.3613568166
-13.7507069766,0.2873969288,-1.3351768778
-13.7381412503,0.2597321917,-1.308996939
-13.7252637142,0.232517602,-1.2828170002
-13.7120743683,0.2057531595,-1.2566370614
-13.6985732125,0.1794388644,-1.2304571227
-13.6847602468,0.1535747166,-1.2042771839
-13.6706354713,0.1281607161,-1.1780972451
-13.6561988859,0.1031968629,-1.1519173063
-13.6414504907,0.078683157,-1.1257373675
-13.6263902857,0.0546195984,-1.0995574288
-13.6110182708,0.0310061872,-1.07337749
-13.5953344461,0.0078429232,-1.0471975512
-13.5793388115,-0.0148701934,-1.0210176124
-13.563031367,-0.0371331627,-0.9948376736
-13.5464121127,-0.0589459847,-0.9686577349
-13.5294810486,-0.0803086594,-0.9424777961
-13.5122381746,-0.1012211867,-0.9162978573
-13.4946834908,-0.1216835668,-0.8901179185
-13.4768169971,-0.1416957995,-0.8639379797
-13.4586386936,-0.161257885,-0.837758041
-13.4401485802,-0.1803698231,-0.8115781022
-13.421346657,-0.1990316139,-0.7853981634
-13.4022329239,-0.2172432574,-0.7592182246
-13.382807381,-0.2350047535,-0.7330382858
-13.3630700282,-0.2523161024,-0.7068583471
-13.3430208656,-0.2691773039,-0.6806784083
-13.3226598931,-0.2855883582,-0.6544984695
-13.3019871108,-0.3015492651,-0.6283185307
-13.2810025186,-0.3170600247,-0.6021385919
-13.2597061166,-0.332120637,-0.5759586532
-13.2380979048,-0.3467311019,-0.5497787144
-13.216177883,-0.3608914196,-0.5235987756
-13.1939460515,-0.37460159,-0.4974188368
-13.1714024101,-0.387861613,-0.471238898
-13.1485469588,-0.4006714887,-0.4450589593
-13.1253796977,-0.4130312171,-0.4188790205
-13.1019006268,-0.4249407982,-0.3926990817
-13.078109746,-0.436400232,-0.3665191429
-13.0540070553,-0.4474095185,-0.3403392041
-13.0295925548,-0.4579686576,-0.3141592654
-13.0048662445,-0.4680776495,-0.2879793266
-12.9798281243,-0.477736494,-0.2617993878
-12.9544781943,-0.4869451912,-0.235619449
-12.9288164544,-0.4957037411,-0.2094395102
-12.9028429046,-0.5040121437,-0.1832595715
-12.8765575451,-0.511870399,-0.1570796327
-12.8499603756,-0.5192785069,-0.1308996939
-12.8230513963,-0.5262364676,-0.1047197551
-12.7958306072,-0.5327442809,-0.0785398163
-12.7682980082,-0.5388019469,-0.0523598776
-12.7404535994,-0.5444094656,-0.0261799388
-12.7122973807,-0.549566837,0
-12.6838293522,-0.5542740611,0
-12.6550495139,-0.5585311378,0
-12.6259578656,-0.5623380673,0
-12.5965544076,-0.5656948494,0
-12.5668391397,-0.5686014842,0
-12.5368120619,-0.5710579717,0
-12.5064731743,-0.5730643119,0
-12.4758224768,-0.5746205048,0
-12.4448599695,-0.5757265504,0
-12.4135856524,-0.5763824486,0
-12.3819995254,-0.5765881996,0
-12.3501015885,-0.5763438032,0
-12.3178918418,-0.5756492595,0
-12.2853702853,-0.5745045685,0
-12.2525369189,-0.5729097302,0
-12.2193917426,-0.5708647446,0
-12.1859347565,-0.5683696116,0
-12.1521659606,-0.5654243314,0
-12.1180853548,-0.5620289038,0
-12.0836929392,-0.5581833289,0
-12.0489887137,-0.5538876067,0
-12.0139726783,-0.5491417372,0
-11.9786448332,-0.5439457204,0
-11.9430051781,-0.5382995562,0
-11.9071189291,-0.5324052065,0
-11.8710954964,-0.5266014949,0
-11.8349366083,-0.5208937736,0
-11.7986422648,-0.5152820427,0
-11.7622124658,-0.509766302,0
-11.7256472115,-0.5043465517,0
-11.6889465017,-0.4990227917,0
-11.6521103365,-0.493795022,0
-11.6151387159,-0.4886632426,0
-11.5780316399,-0.4836274536,0
-11.5407891084,-0.4786876548,0
-11.5034111216,-0.4738438464,0
-11.4658976793,-0.4690960283,0
-11.4282487816,-0.4644442005,0
-11.3904644286,-0.459888363,0
-11.35254462,-0.4554285159,0
-11.3144893561,-0.451064659,0
-11.2762986368,-0.4467967925,0
-11.237972462,-0.4426249163,0
-11.1995108318,-0.4385490304,0
-11.1609137463,-0.4345691348,0
-11.1221812053,-0.4306852296,0
-11.0833132088,-0.4268973146,0
-11.044309757,-0.42320539,0
-11.0051708498,-0.4196094557,0
-10.9658964871,-0.4161095117,0
-10.926486669,-0.412705558,0
-10.8869413955,-0.4093975946,0
-10.8472606666,-0.4061856216,0
-10.8074444823,-0.4030696389,0
-10.7674928426,-0.4000496465,0
-10.7274057474,-0.3971256444,0
-10.6871831968,-0.3942976326,0
-10.6468251908,-0.3915656111,0
-10.6063317294,-0.38892958,0
-10.5657028126,-0.3863895392,0
-10.5249384404,-0.3839454886,0
-10.4840386128,-0.3815974284,0
-10.4430033297,-0.3793453586,0
-10.4018325912,-0.377189279,0
-10.3605263973,-0.3751291898,0
-10.319084748,-0.3731650908,0
-10.2775076433,-0.3712969822,0
-10.2357950832,-0.3695248639,0
-10.1939470676,-0.3678487359,0
-10.1519635966,-0.3662685983,0
-10.1098446703,-0.3647844509,0
-10.0675902885,-0.3633962939,0
-10.0252004513,-0.3621041272,0
-9.9826751586,-0.3609079508,0
-9.9400144106,-0.3598077647,0
-9.8972182071,-0.3588035689,0
-9.8542865483,-0.3578953635,0
-9.811219434,-0.3570831483,0
-9.7680168643,-0.3563669235,0
-9.7246788391,-0.355746689,0
-9.6812053586,-0.3552224448,0
-9.6375964227,-0.354794191,0
-9.5938520313,-0.3544619274,0
-9.5499721845,-0.3542256542,0
-9.5059568823,-0.3540853713,0
-9.4618061247,-0.3540410787,0
-9.4175199117,-0.3540927764,0
-9.3730982432,-0.3542404644,0
-9.3285411194,-0.3544841428,0
-9.2838485401,-0.3548238114,0
-9.2390205054,-0.3552594704,0
-9.1940570153,-0.3557911197,0
-9.1489580698,-0.3564187593,0
-9.1037236689,-0.3571423892,0
-9.0583538125,-0.3579620095,0
-9.0128485008,-0.3588776201,0
-8.9672077336,-0.3598892209,0
-8.921431511,-0.3609968121,0
-8.875519833,-0.3622003936,0
-8.8294726996,-0.3634999655,0
-8.7832901107,-0.3648955276,0
-8.7369720665,-0.3663870801,0
-8.6905185668,-0.3679746229,0
-8.6439296117,-0.369658156,0
-8.5974126504,-0.3713884675,0
-8.5512698927,-0.3730938659,0
-8.5055038998,-0.3747737438,0
-8.4601146716,-0.3764281011,0
-8.4151022082,-0.3780569378,0
-8.3704665095,-0.3796602539,0
-8.3262075755,-0.3812380494,0
-8.2823254063,-0.3827903244,0
-8.2388200019,-0.3843170788,0
-8.1956913622,-0.3858183125,0
-8.1529394873,-0.3872940257,0
-8.1105643771,-0.3887442183,0
-8.0685660316,-0.3901688903,0
-8.0269444509,-0.3915680418,0
-7.985699635,-0.3929416726,0
-7.9448315838,-0.3942897829,0
-7.9043402973,-0.3956123725,0
-7.8642257756,-0.3969094416,0
-7.8244880186,-0.3981809901,0
-7.7851270264,-0.399427018,0
-7.746142799,-0.4006475254,0
-7.7075353363,-0.4018425121,0
-7.6693046383,-0.4030119783,0
-7.6314507051,-0.4041559238,0
-7.5939735366,-0.4052743488,0
-7.5568731329,-0.4063672532,0
-7.520149494,-0.407434637,0
-7.4838026197,-0.4084765002,0
-7.4478325103,-0.4094928429,0
-7.4122391656,-0.4104836649,0
-7.3770225856,-0.4114489664,0
-7.3421827704,-0.4123887473,0
-7.3077197199,-0.4133030076,0
-7.2736334342,-0.4141917473,0
-7.2399239132,-0.4150549664,0
-7.206591157,-0.4158926649,0
-7.1736351655,-0.4167048429,0
-7.1410559388,-0.4174915002,0
-7.1088534768,-0.418252637,0
-7.0770277795,-0.4189882532,0
-7.0455788471,-0.4196983488,0
-7.0145066793,-0.4203829238,0
-6.9838112763,-0.4210419782,0
-6.9534926381,-0.4216755121,0
-6.9235507646,-0.4222835253,0
-6.8939856559,-0.422866018,0
-6.8647973119,-0.4234229901,0
-6.8359857326,-0.4239544416,0
-6.8075509181,-0.4244603725,0
-6.7794928684,-0.4249407828,0
-6.7518115834,-0.4253956726,0
-6.7245070632,-0.4258250417,0
-6.6975793077,-0.4262288903,0
-6.6710283169,-0.4266072183,0
-6.6448540909,-0.4269600257,0
-6.6190566297,-0.4272873125,0
-6.5936359332,-0.4275890787,0
-6.5685920014,-0.4278653244,0
-6.5439248344,-0.4281160494,0
-6.5196344321,-0.4283412539,0
-6.4957207946,-0.4285409378,0
-6.4721839219,-0.4287151011,0
-6.4490238139,-0.4288637438,0
-6.4262404706,-0.4289868659,0
-6.4038338921,-0.4290844674,0
-6.3818040783,-0.4291565484,0
-6.3601510293,-0.4292031087,0
-6.338874745,-0.4292241485,0
-6.3179752255,-0.4292196677,0
-6.2974524707,-0.4291896663,0
-6.2773064807,-0.4291341443,0
-6.2575372555,-0.4290531017,0
-6.2381447949,-0.4289465386,0
-6.2191290992,-0.4288144549,0
-6.2004901681,-0.4286568505,0
-6.1822280018,-0.4284737256,0
-6.1643426003,-0.4282650801,0
-6.1468339635,-0.428030914,0
-6.1297020915,-0.4277712274,0
-6.1129469842,-0.4274860201,0
-6.0959637361,-0.4271943075,0
-6.0779905332,-0.4269200373,0
-6.0590249108,-0.426663287,0
-6.0390668691,-0.4264240564,0
-6.0181164079,-0.4262023458,0
-5.9961735274,-0.425998155,0
-5.9732382275,-0.425811484,0
-5.9493105081,-0.4256423329,0
-5.9243903694,-0.4254907016,0
-5.8984778113,-0.4253565902,0
-5.8715728337,-0.4252399986,0
-5.8436754368,-0.4251409268,0
-5.8147856205,-0.425059375,0
-5.7849033848,-0.4249953429,0
-5.7540287297,-0.4249488307,0
-5.7221616552,-0.4249198384,0
-5.6893021613,-0.4249083659,0
-5.655450248,-0.4249144132,0
-5.6206059153,-0.4249379804,0
-5.5847691632,-0.4249790675,0
-5.5479399917,-0.4250376744,0
-5.5101184008,-0.4251138011,0
-5.4713043905,-0.4252074477,0
-5.4314979608,-0.4253186141,0
-5.3906991117,-0.4254473004,0
-5.3489078433,-0.4255935065,0
-5.3061241554,-0.4257572325,0
-5.2623480481,-0.4259384783,0
-5.2175795214,-0.426137244,0
-5.1718185754,-0.4263535295,0
-5.1250652099,-0.4265873348,0
-5.0773194251,-0.4268386601,0
-5.0285812208,-0.4271075051,0
-4.9788505972,-0.42739387,0
-4.9281275541,-0.4276977548,0
-4.8764120917,-0.4280191594,0
-4.8237042098,-0.4283580838,0
-4.7700039086,-0.4287145281,0
-4.715311188,-0.4290884922,0
-4.6596260479,-0.4294799762,0
-4.6029484885,-0.4298889801,0
-4.5452785097,-0.4303155037,0
-4.4866161115,-0.4307595473,0
-4.4269612938,-0.4312211106,0
-4.3663140568,-0.4317001939,0
-4.3046744004,-0.4321967969,0
-4.2420423246,-0.4327109199,0
-4.1784178294,-0.4332425626,0
-4.1138009148,-0.4337917252,0
-4.0481915808,-0.4343584077,0
-3.9815898274,-0.43494261,0
-3.9139956546,-0.4355443321,0
-3.8454090624,-0.4361635741,0
-3.7758300508,-0.436800336,0
-3.7052586199,-0.4374546177,0
-3.6336947695,-0.4381264192,0
-3.5611384997,-0.4388157406,0
-3.4875898105,-0.4395225819,0
-3.413048702,-0.4402469429,0
-3.337515174,-0.4409888239,0
-3.2609892266,-0.4417482246,0
-3.1834708599,-0.4425251453,0
-3.1049600737,-0.4433195857,0
-3.0254568682,-0.4441315461,0
-2.9449612432,-0.4449610262,0
-2.8634731989,-0.4458080262,0
-2.7809927351,-0.4466725461,0
-2.697519852,-0.4475545858,0
-2.6130545494,-0.4484541454,0
-2.5275968275,-0.4493712248,0
-2.4411466862,-0.450305824,0
-2.3537041255,-0.4512579431,0
-2.2652691453,-0.452227582,0
-2.1758417458,-0.4532147408,0
-2.0854219269,-0.4542194195,0
-1.9940096886,-0.455241618,0
-1.9016050309,-0.4562813363,0
-1.8082079538,-0.4573385745,0
-1.7138184573,-0.4584133325,0
-1.6184365414,-0.4595056104,0
-1.5220622061,-0.4606154081,0
-1.4246954514,-0.4617427257,0
-1.3263362773,-0.4628875631,0
-1.2269846838,-0.4640499203,0
-1.1266406709,-0.4652297974,0
-1.0253042386,-0.4664271944,0
-0.9229753869,-0.4676421112,0
-0.8196541159,-0.4688745479,0
-0.7153404254,-0.4701245044,0
-0.6100343155,-0.4713919807,0
-0.5037357863,-0.4726769769,0
-0.3964448376,-0.4739794929,0
-0.2881614695,-0.4752995288,0
-0.1788856821,-0.4766370846,0
-0.0686174752,-0.4779921601,0
0.042643151,-0.4793647556,0
0.1548961967,-0.4807548708,0
0.2681416617,-0.482162506,0
0.3823795461,-0.4835876609,0
0.49760985,-0.4850303358,0
0.6138325732,-0.4864905304,0
0.7310477158,-0.4879682449,0
0.8492552779,-0.4894634793,0
0.9684552593,-0.4909762335,0
1.0886476601,-0.4925065075,0
1.2098324803,-0.4940543014,0
1.3320097199,-0.4956196152,0
1.4551793789,-0.4972024488,0
1.5793414573,-0.4988028022,0
1.7044959551,-0.5004206755,0
1.8306428723,-0.5020560687,0
1.9577822089,-0.5037089816,0
2.0859139649,-0.5053794145,0
2.2150381403,-0.5070673671,0
2.3451547351,-0.5087728397,0
2.4762637493,-0.510495832,0
2.6083651829,-0.5122363443,0
2.7414590359,-0.5139943763,0
2.8755453082,-0.5157699282,0
3.010624,-0.517563,0
