1.913770, -0.176072, 0.008784
1.947090, -0.182512, 0.013536
1.937600, -0.185077, 0.011356
1.944389, -0.185383, 0.013973
1.962360, -0.180124, 0.009474
1.932795, -0.178722, 0.009199
1.906409, -0.179807, 0.008794
1.910595, -0.184182, 0.013198
1.934081, -0.186711, 0.013335
1.956368, -0.183973, 0.009925
1.978466, -0.186363, 0.015114
1.979059, -0.185001, 0.011458
1.974250, -0.183359, 0.008695
1.962893, -0.185977, 0.013458
1.977283, -0.187496, 0.016479
2.020054, -0.187793, 0.013284
2.022144, -0.187839, 0.014267
2.044454, -0.186323, 0.012100
2.053090, -0.182368, 0.010026
2.027647, -0.181247, 0.008653
2.048710, -0.180902, 0.008211
2.048036, -0.180741, 0.008420
2.041989, -0.180195, 0.007337
2.067352, -0.180757, 0.009537
2.064677, -0.181768, 0.011179
2.048841, -0.180570, 0.006773
2.073336, -0.181234, 0.007114
2.074720, -0.182738, 0.011980
2.063822, -0.179910, 0.011036
2.077531, -0.177923, 0.010056
2.072986, -0.180655, 0.012194
2.085408, -0.178734, 0.009288
2.060827, -0.177169, 0.006334
2.054185, -0.176382, 0.009307
2.041497, -0.175678, 0.006721
2.053292, -0.176697, 0.008281
2.038911, -0.178136, 0.009885
2.036553, -0.180790, 0.009977
2.029143, -0.180772, 0.008562
2.022194, -0.180583, 0.010454
2.028254, -0.182416, 0.008992
2.045274, -0.179070, 0.008308
2.042137, -0.179816, 0.009893
2.024341, -0.183366, 0.012818
2.022955, -0.183621, 0.014247
2.037395, -0.181454, 0.008348
2.002816, -0.176302, 0.005075
2.008446, -0.174058, 0.005663
2.020975, -0.171475, 0.005894
2.017777, -0.172185, 0.006232
2.037709, -0.174269, 0.005693
2.091221, -0.172883, 0.006118
2.121817, -0.171247, 0.005856
2.116208, -0.173438, 0.006403
2.106481, -0.176901, 0.008167
2.099995, -0.180443, 0.009854
2.105162, -0.182764, 0.009674
2.089458, -0.184436, 0.012392
2.047345, -0.183119, 0.010954
2.060656, -0.182437, 0.007431
2.091238, -0.174950, 0.005575
2.010712, -0.174346, 0.006075
2.026545, -0.178510, 0.007497
2.065795, -0.178058, 0.006741
2.096350, -0.178851, 0.006969
2.089052, -0.178865, 0.008160
2.077520, -0.178501, 0.006209
2.079633, -0.176864, 0.005894
2.081623, -0.175743, 0.005323
2.081497, -0.177253, 0.007083
2.111103, -0.172033, 0.005457
2.163812, -0.173712, 0.008147
2.141265, -0.175962, 0.009843
2.167557, -0.174297, 0.008170
2.193420, -0.176878, 0.007001
2.209601, -0.175880, 0.005467
2.181056, -0.179911, 0.009751
2.185921, -0.179829, 0.011755
2.209762, -0.177134, 0.005900
2.207460, -0.173031, 0.003489
2.233585, -0.174608, 0.006781
2.269502, -0.175848, 0.006929
2.281522, -0.175212, 0.004522
2.279276, -0.176542, 0.006095
2.296089, -0.175739, 0.008050
2.330231, -0.174797, 0.007995
2.327443, -0.176347, 0.007753
2.346909, -0.179071, 0.008586
2.296226, -0.178292, 0.010727
2.302030, -0.179079, 0.011004
2.307663, -0.182167, 0.010906
2.293986, -0.182317, 0.008244
2.290434, -0.180698, 0.010057
2.307311, -0.180985, 0.006278
2.280182, -0.179694, 0.010099
2.294994, -0.182632, 0.009653
2.336966, -0.179606, 0.008642
2.331367, -0.173309, 0.006910
2.340789, -0.167128, 0.006584
2.369306, -0.162821, 0.004369
2.357169, -0.161356, 0.006312
2.384469, -0.162045, 0.008659
2.363845, -0.164862, 0.009967
2.360450, -0.160668, 0.003251
2.372866, -0.160424, 0.004543
2.377090, -0.157538, 0.002505
2.396303, -0.159995, 0.003767
2.444434, -0.158679, 0.003338
2.450987, -0.162356, 0.003332
2.461554, -0.165911, 0.003657
2.477511, -0.161996, 0.001182
2.499482, -0.163041, 0.001295
2.481146, -0.166214, 0.002906
2.484860, -0.167714, 0.002580
2.467289, -0.172618, 0.002420
2.468865, -0.174042, 0.004094
2.465664, -0.171819, 0.003667
2.478485, -0.170111, 0.001912
2.474709, -0.173648, 0.002073
2.468138, -0.174437, 0.004234
2.480538, -0.174117, 0.007623
2.471380, -0.177294, 0.005940
2.476870, -0.176190, 0.006578
2.487440, -0.173514, 0.003484
2.516925, -0.169944, 0.003768
2.536669, -0.169193, 0.001428
2.541760, -0.168756, 0.001536
2.547936, -0.165655, -0.000153
2.551234, -0.162839, -0.000191
2.569980, -0.162683, -0.010856
2.558029, -0.159271, -0.001856
2.544087, -0.158538, -0.011874
2.550829, -0.157109, -0.009871
2.552798, -0.156698, -0.004545
2.583824, -0.158397, -0.009043
2.600357, -0.156234, -0.009885
2.610623, -0.158331, -0.008174
2.630158, -0.157937, -0.009585
2.639504, -0.157455, -0.007602
2.606776, -0.155441, -0.009780
2.597429, -0.157208, -0.007558
2.596849, -0.157967, -0.008285
2.572565, -0.159407, -0.008845
2.599938, -0.163150, -0.009612
2.583936, -0.162062, -0.011497
2.568611, -0.164356, -0.007202
2.540400, -0.164972, -0.007234
2.546427, -0.167390, -0.007552
2.533420, -0.166773, -0.011599
2.538768, -0.167344, -0.011397
2.538017, -0.166590, -0.012155
2.552994, -0.165755, -0.010422
2.557562, -0.168279, -0.015785
2.566853, -0.170781, -0.013832
2.572663, -0.172420, -0.013096
2.587729, -0.169466, -0.023944
2.604002, -0.170671, -0.023900
2.618067, -0.169262, -0.018721
2.626337, -0.165099, -0.017773
2.634935, -0.163297, -0.017136
2.643936, -0.159613, -0.014565
2.661563, -0.157707, -0.016383
2.673651, -0.156880, -0.014721
2.679651, -0.159186, -0.013822
2.669317, -0.161380, -0.009145
2.674416, -0.160342, -0.006701
2.699702, -0.158300, -0.008896
2.704925, -0.156525, -0.014395
2.714968, -0.151325, -0.015513
2.726419, -0.150410, -0.017130
2.729590, -0.149234, -0.017797
2.741291, -0.143940, -0.022681
2.757339, -0.148507, -0.021650
2.759055, -0.151488, -0.019463
2.770878, -0.150700, -0.021708
2.777954, -0.149779, -0.022441
2.787957, -0.155121, -0.011243
2.814411, -0.157497, -0.012243
2.798694, -0.161078, -0.008477
2.809695, -0.163801, -0.004886
2.797896, -0.170018, -0.004345
2.823143, -0.173873, -0.003887
2.826970, -0.178379, -0.001439
2.806978, -0.176887, -0.002146
2.792962, -0.177462, -0.001309
2.790483, -0.178371, -0.001602
2.782872, -0.180739, -0.000427
2.806098, -0.180542, -0.002806
2.804698, -0.176005, -0.004065
2.809800, -0.177797, -0.011716
2.809015, -0.176375, -0.018127
2.811809, -0.181813, -0.011256
2.826420, -0.188821, -0.020538
2.839515, -0.182474, -0.037733
2.852253, -0.180755, -0.049847
2.849727, -0.182138, -0.057926
2.846043, -0.189753, -0.058631
2.840330, -0.196179, -0.062022
2.836248, -0.199967, -0.069760
2.832240, -0.204000, -0.082346
2.836449, -0.205076, -0.086402
2.921700, -0.206846, -0.096832
2.947331, -0.212432, -0.097406
2.917002, -0.216959, -0.105582
2.900770, -0.220441, -0.126724
2.833784, -0.223579, -0.137030
2.859257, -0.228624, -0.141219
2.856363, -0.234111, -0.154268
2.834863, -0.245412, -0.160568
2.937294, -0.249532, -0.173432
3.083698, -0.274293, -0.165206
3.069923, -0.290231, -0.170395
3.053139, -0.289351, -0.184325
3.041612, -0.291580, -0.194020
3.030755, -0.299035, -0.207577
3.021678, -0.305925, -0.208711
3.003398, -0.314508, -0.219468
3.103776, -0.313938, -0.235218
3.161638, -0.320504, -0.237958
3.226171, -0.325696, -0.238298
3.286704, -0.329760, -0.238633
3.397716, -0.345790, -0.228930
3.416982, -0.360575, -0.222684
3.422481, -0.376783, -0.219101
3.437564, -0.385186, -0.218474
3.451521, -0.393094, -0.217974
3.452696, -0.403110, -0.215000
3.447563, -0.412321, -0.214818
3.455028, -0.418303, -0.214949
3.463074, -0.425093, -0.212359
3.488271, -0.431519, -0.214629
3.505527, -0.436615, -0.215245
3.503457, -0.443587, -0.213685
3.537933, -0.449758, -0.215797
3.551395, -0.457660, -0.216572
3.556983, -0.461410, -0.218247
3.555480, -0.463058, -0.222590
3.516198, -0.463938, -0.234395
3.432849, -0.462878, -0.237457
3.366911, -0.465091, -0.242988
3.347745, -0.465624, -0.243826
3.297254, -0.472691, -0.244890
3.259714, -0.476132, -0.248916
3.239021, -0.483160, -0.244073
3.201950, -0.489059, -0.249278
3.141143, -0.490902, -0.253273
3.122214, -0.494115, -0.252036
3.094598, -0.498033, -0.251085
3.051731, -0.503590, -0.257967
3.030583, -0.511440, -0.259872
3.010624, -0.517563, -0.258739
3.003808, -0.523871, -0.257950
2.988346, -0.531970, -0.246615
2.986576, -0.535239, -0.249300
2.998791, -0.535394, -0.249992
2.999194, -0.538455, -0.248824
2.996334, -0.543941, -0.251168
3.003320, -0.548400, -0.253880
3.008305, -0.553760, -0.253583
3.007220, -0.555983, -0.271352
2.993674, -0.560585, -0.278428
2.993826, -0.559794, -0.286148
2.984901, -0.559709, -0.284831
2.994584, -0.555823, -0.303932
3.030654, -0.553605, -0.276223
3.036692, -0.557522, -0.277091
3.036517, -0.563594, -0.261028
3.034351, -0.569812, -0.255216
3.069387, -0.573064, -0.259121
3.128098, -0.568362, -0.262147
3.152757, -0.570974, -0.253029
3.203671, -0.577697, -0.242263
3.258661, -0.578696, -0.242139
3.298125, -0.586295, -0.219509
3.360288, -0.593451, -0.209911
3.304591, -0.599291, -0.201068
3.264008, -0.599248, -0.199162
3.207214, -0.601734, -0.196652
3.136953, -0.606474, -0.193267
3.113299, -0.609467, -0.191863
3.084217, -0.616638, -0.188395
3.075848, -0.616743, -0.186552
3.072600, -0.620236, -0.184285
3.065811, -0.611103, -0.196562
3.077754, -0.608027, -0.191365
3.070128, -0.609912, -0.196666
3.112580, -0.614564, -0.192633
3.160187, -0.617143, -0.193556
3.179505, -0.622358, -0.194179
3.389499, -0.620046, -0.199274
3.879286, -0.626425, -0.198174
4.296876, -0.630514, -0.197766
4.450412, -0.634609, -0.195034
4.541399, -0.642578, -0.190886
4.603041, -0.649320, -0.175270
4.664687, -0.655303, -0.173307
4.715467, -0.659497, -0.170103
4.780009, -0.666668, -0.176887
4.806360, -0.668768, -0.160596
4.827745, -0.667618, -0.156923
4.834184, -0.673011, -0.148996
4.852091, -0.672180, -0.140674
4.866177, -0.685050, -0.104855
4.900717, -0.692311, -0.100792
4.931347, -0.691302, -0.102016
4.961157, -0.691092, -0.084748
4.983649, -0.686021, -0.083217
5.026076, -0.684056, -0.080219
5.081270, -0.683241, -0.079202
5.118345, -0.684280, -0.081956
5.148079, -0.681069, -0.080922
5.193033, -0.680684, -0.085139
5.218606, -0.682498, -0.087242
5.232497, -0.681133, -0.085292
5.252156, -0.679619, -0.086356
5.265706, -0.679542, -0.086147
5.286113, -0.682836, -0.077075
5.303363, -0.681414, -0.076750
5.319386, -0.678218, -0.083164
5.341756, -0.678887, -0.080179
5.360517, -0.681607, -0.064424
5.374500, -0.687266, -0.027558
5.382474, -0.695683, -0.023092
5.386672, -0.703117, -0.014453
5.386116, -0.701367, -0.013698
5.372219, -0.706339, -0.010293
5.364378, -0.707410, -0.008005
5.364874, -0.700838, -0.017190
5.359098, -0.694887, -0.020170
5.368159, -0.696929, -0.019911
5.363401, -0.693645, -0.019811
5.374259, -0.690266, -0.019673
5.376016, -0.685228, -0.022734
5.382828, -0.681631, -0.021482
5.394388, -0.676271, -0.024742
5.406046, -0.674054, -0.027102
5.418879, -0.674332, -0.024716
5.424910, -0.670089, -0.022578
5.434953, -0.668823, -0.021590
5.436973, -0.667799, -0.022624
5.447118, -0.665726, -0.020561
5.454185, -0.665273, -0.021083
5.460665, -0.665930, -0.021520
5.468494, -0.665802, -0.020460
5.481983, -0.665162, -0.021324
5.488141, -0.669160, -0.019153
5.493827, -0.670193, -0.016860
5.512426, -0.668771, -0.020070
5.539553, -0.665867, -0.025534
5.564379, -0.666818, -0.022574
5.586713, -0.664274, -0.023753
5.614145, -0.666264, -0.019976
5.644436, -0.667022, -0.016952
5.667870, -0.669308, -0.016479
5.690867, -0.671098, -0.014174
5.714997, -0.673915, -0.010724
5.747980, -0.675367, -0.005495
5.777894, -0.680321, 0.014696
5.809801, -0.681568, 0.017666
5.838067, -0.685797, 0.020939
5.880866, -0.689847, 0.028726
5.912796, -0.690062, 0.025483
5.970298, -0.700032, 0.038557
6.085643, -0.716892, 0.038520
6.161286, -0.726050, 0.046892
6.209015, -0.734804, 0.053549
6.244406, -0.738479, 0.053819
6.277917, -0.741271, 0.058428
6.302760, -0.742988, 0.061295
6.310688, -0.750981, 0.066171
6.314056, -0.751825, 0.060892
6.325413, -0.754010, 0.064551
6.333881, -0.749087, 0.064151
6.350641, -0.749133, 0.066738
6.367626, -0.746205, 0.068249
6.383779, -0.743995, 0.066627
6.391890, -0.744304, 0.068208
6.409933, -0.743037, 0.071579
6.449503, -0.746129, 0.073438
6.463969, -0.742199, 0.072116
6.473809, -0.742525, 0.074607
6.474588, -0.739069, 0.078303
6.486596, -0.736748, 0.078060
6.499789, -0.737133, 0.081694
6.496275, -0.723511, 0.066810
6.491032, -0.715894, 0.062034
6.487448, -0.705156, 0.057227
6.478358, -0.697519, 0.053912
6.470684, -0.694343, 0.052774
6.467251, -0.686357, 0.047729
6.455560, -0.681880, 0.045926
6.457744, -0.678063, 0.042950
6.454003, -0.673766, 0.040273
6.451742, -0.668799, 0.043574
6.447450, -0.664134, 0.037563
6.440365, -0.659003, 0.035419
6.438104, -0.656378, 0.038802
6.427316, -0.653789, 0.039904
6.429739, -0.651876, 0.029220
6.467439, -0.649031, 0.047113
6.533185, -0.647411, 0.048937
6.575098, -0.648036, 0.046345
6.627567, -0.648920, 0.049929
6.656607, -0.648233, 0.051942
6.683609, -0.646634, 0.051335
6.710163, -0.645680, 0.054265
6.735962, -0.645578, 0.059271
6.765470, -0.643151, 0.058807
6.804839, -0.646658, 0.069528
6.842394, -0.650021, 0.074772
6.872958, -0.652327, 0.075924
6.882615, -0.650779, 0.069830
6.906273, -0.652430, 0.079634
6.925186, -0.653060, 0.081104
6.943548, -0.654285, 0.087600
6.953245, -0.651862, 0.078957
6.947146, -0.646897, 0.071337
6.952333, -0.643065, 0.071437
6.969826, -0.642001, 0.076542
6.981796, -0.639790, 0.076725
6.990529, -0.639771, 0.081693
6.998892, -0.637691, 0.083975
7.004341, -0.635599, 0.084805
7.013899, -0.635037, 0.085217
7.033485, -0.633079, 0.080100
7.105060, -0.631441, 0.063226
7.163732, -0.629264, 0.065843
7.221093, -0.626560, 0.074906
7.256167, -0.625916, 0.077492
7.278392, -0.623315, 0.078009
7.295395, -0.624914, 0.079416
7.300323, -0.625957, 0.080611
7.307878, -0.621258, 0.079760
7.324658, -0.622962, 0.082234
7.335435, -0.621558, 0.079611
7.335780, -0.619941, 0.076860
7.344659, -0.621073, 0.078442
7.350724, -0.616971, 0.077682
7.349999, -0.617446, 0.077734
7.357992, -0.616566, 0.076893
7.367091, -0.617316, 0.078539
7.366310, -0.616926, 0.078895
7.368313, -0.614497, 0.077306
7.433214, -0.617559, 0.067520
7.473877, -0.619312, 0.073377
7.501795, -0.616574, 0.074717
7.540411, -0.604698, 0.080926
7.563551, -0.599767, 0.082336
7.599515, -0.597568, 0.084716
7.603196, -0.596609, 0.084332
7.607652, -0.598416, 0.087611
7.614602, -0.598691, 0.093374
7.626528, -0.597869, 0.094790
7.638674, -0.596218, 0.097508
7.650788, -0.593248, 0.090734
7.651411, -0.590398, 0.087983
7.652104, -0.587101, 0.087048
7.713139, -0.593712, 0.084359
7.740361, -0.593276, 0.081527
7.790125, -0.585027, 0.097559
7.818008, -0.583025, 0.099221
7.831645, -0.582415, 0.100524
7.835717, -0.579792, 0.098861
7.840522, -0.578516, 0.101554
7.852860, -0.577947, 0.103204
7.857405, -0.575194, 0.104178
7.858466, -0.573800, 0.101205
7.865600, -0.575010, 0.105503
7.865037, -0.573138, 0.107077
7.872231, -0.575476, 0.110130
7.878819, -0.576212, 0.112601
7.878110, -0.575683, 0.113304
7.887405, -0.574725, 0.117284
7.914384, -0.567103, 0.121121
7.969430, -0.568537, 0.109101
7.999277, -0.567879, 0.115276
8.012891, -0.564517, 0.118394
8.025325, -0.563914, 0.120552
8.031603, -0.563815, 0.121294
8.036516, -0.566279, 0.122644
8.042046, -0.566265, 0.122741
8.041843, -0.567573, 0.124426
8.046326, -0.564342, 0.125595
8.047486, -0.557675, 0.125269
8.066769, -0.547381, 0.126802
8.074883, -0.544534, 0.125968
8.078628, -0.541952, 0.127183
8.079635, -0.541654, 0.124278
8.124858, -0.544518, 0.112334
8.150620, -0.545884, 0.115746
8.166727, -0.547435, 0.118538
8.170798, -0.548576, 0.114971
8.174678, -0.548486, 0.116460
8.194125, -0.539029, 0.119072
8.208178, -0.535015, 0.123532
8.220785, -0.532481, 0.123861
8.227474, -0.528316, 0.126509
8.290154, -0.528686, 0.127494
8.319558, -0.527954, 0.130095
8.334947, -0.525700, 0.132148
8.345815, -0.522555, 0.134261
8.355069, -0.515675, 0.132997
8.372893, -0.509739, 0.139237
8.384026, -0.502579, 0.139195
8.420689, -0.501917, 0.130208
8.440588, -0.498612, 0.130713
8.463333, -0.493924, 0.135087
8.473884, -0.490360, 0.138548
8.476579, -0.487933, 0.132802
8.479800, -0.485150, 0.131895
8.496343, -0.474909, 0.138049
8.510910, -0.469888, 0.135971
8.518394, -0.464432, 0.137394
8.538347, -0.456014, 0.141520
8.550780, -0.451108, 0.141194
8.557474, -0.447256, 0.139580
8.578902, -0.443231, 0.145269
8.595268, -0.439362, 0.145347
8.604760, -0.432676, 0.145080
8.629765, -0.431181, 0.149763
8.641975, -0.426285, 0.148862
8.672785, -0.422019, 0.151107
8.692631, -0.416537, 0.147384
8.726824, -0.413328, 0.149807
8.739589, -0.409818, 0.143512
8.769450, -0.401230, 0.146401
8.786324, -0.398801, 0.147944
8.801599, -0.393164, 0.145137
8.828377, -0.393103, 0.150738
8.851414, -0.389368, 0.153120
8.875866, -0.382615, 0.154526
8.886693, -0.375676, 0.154430
8.915880, -0.374939, 0.160223
8.953037, -0.360957, 0.142076
8.971722, -0.351280, 0.140396
8.993152, -0.348280, 0.144748
9.018382, -0.347102, 0.149496
9.030067, -0.345915, 0.151554
9.040117, -0.342572, 0.150194
9.054107, -0.336117, 0.149181
9.068152, -0.328655, 0.149737
9.091575, -0.326066, 0.151093
9.106330, -0.324781, 0.151138
9.122890, -0.318266, 0.153041
9.142119, -0.313957, 0.151952
9.161637, -0.307725, 0.152482
9.177272, -0.300260, 0.152249
9.198122, -0.295947, 0.155451
9.223635, -0.293221, 0.160129
9.241860, -0.292164, 0.160444
9.260653, -0.289075, 0.160242
9.276725, -0.288574, 0.158788
9.293766, -0.285840, 0.158666
9.312354, -0.288766, 0.157697
9.322207, -0.290124, 0.158009
9.343596, -0.293277, 0.160509
9.366150, -0.290820, 0.159969
9.384925, -0.287890, 0.161593
9.392448, -0.286580, 0.160690
9.412950, -0.284242, 0.162787
9.428822, -0.278815, 0.164255
9.454119, -0.272181, 0.169755
9.475552, -0.263525, 0.170168
9.496356, -0.256826, 0.175655
9.521067, -0.247373, 0.177025
9.541616, -0.239390, 0.178061
9.559676, -0.230133, 0.177413
9.578575, -0.227050, 0.174106
9.591714, -0.217873, 0.176038
9.618190, -0.217961, 0.180703
9.638353, -0.219071, 0.186673
9.644930, -0.220200, 0.193719
9.669653, -0.211897, 0.198307
9.704262, -0.207522, 0.207189
9.722599, -0.201186, 0.212642
9.744569, -0.195531, 0.219738
9.768244, -0.188285, 0.226606
9.786513, -0.182629, 0.229834
9.807381, -0.173991, 0.236466
9.829371, -0.164696, 0.237925
9.836771, -0.159570, 0.268300
9.840285, -0.153293, 0.261706
9.865802, -0.149199, 0.274072
9.895032, -0.146385, 0.287256
9.911016, -0.140433, 0.292823
9.922551, -0.127478, 0.311750
9.941734, -0.116268, 0.343764
9.961755, -0.098833, 0.356140
9.977030, -0.081622, 0.387465
10.001421, -0.073701, 0.423249
10.024733, -0.053774, 0.437267
10.034925, -0.040733, 0.465288
10.032945, -0.029810, 0.484832
10.079745, -0.014943, 0.528410
10.088437, 0.009256, 0.530929
10.114736, 0.028693, 0.565447
10.106505, 0.044720, 0.573974
10.117092, 0.064173, 0.603687
10.116182, 0.074469, 0.634258
10.122251, 0.087301, 0.643602
10.129973, 0.106938, 0.680410
10.134877, 0.123850, 0.698747
10.148398, 0.148472, 0.730590
10.150423, 0.165131, 0.753313
10.167109, 0.179641, 0.768104
10.154054, 0.184840, 0.770813
10.172181, 0.207176, 0.800454
10.182010, 0.229288, 0.830990
10.199144, 0.244420, 0.860129
10.212082, 0.260262, 0.877982
10.209257, 0.286366, 0.899458
10.206546, 0.312196, 0.918376
10.220124, 0.329339, 0.929057
10.213984, 0.343387, 0.939734
10.229475, 0.371308, 0.981456
10.223943, 0.396101, 0.982052
10.211742, 0.423712, 0.994831
10.225522, 0.445695, 1.014122
10.234599, 0.461195, 1.023969
10.231100, 0.477568, 1.044866
10.250926, 0.499905, 1.078988
10.251696, 0.519758, 1.087674
10.241650, 0.532339, 1.093359
10.252537, 0.551588, 1.134625
10.254806, 0.582213, 1.136991
10.256836, 0.604390, 1.164084
10.259403, 0.619299, 1.166148
10.262617, 0.645134, 1.184297
10.255595, 0.666445, 1.197215
10.255326, 0.690435, 1.221453
10.268387, 0.717532, 1.249730
10.273394, 0.750607, 1.264745
10.266487, 0.772649, 1.288897
10.259427, 0.803641, 1.317663
10.274481, 0.832492, 1.333180
10.267680, 0.849855, 1.352107
10.251447, 0.867837, 1.371844
10.252160, 0.896139, 1.379306
10.254685, 0.923416, 1.402738
10.235947, 0.932849, 1.407971
10.247813, 0.954988, 1.426039
10.252242, 0.982034, 1.459378
10.244326, 1.012792, 1.474501
10.246683, 1.032498, 1.483217
10.245873, 1.060036, 1.510927
10.237792, 1.090798, 1.539718
10.244522, 1.121576, 1.559126
10.242828, 1.157458, 1.576072
10.234645, 1.177343, 1.579319
10.213381, 1.192722, 1.596006
10.216503, 1.219686, 1.619666
10.229957, 1.264536, 1.644266
10.230074, 1.305494, 1.650026
10.231307, 1.343018, 1.651298
10.219390, 1.361020, 1.649500
10.215042, 1.386603, 1.649853
10.219624, 1.408826, 1.655321
10.203789, 1.433741, 1.646608
10.191311, 1.462227, 1.643429
10.183671, 1.477803, 1.646988
10.188394, 1.503803, 1.652646
10.192331, 1.530030, 1.670095
10.191236, 1.566133, 1.678653
10.182929, 1.599037, 1.674718
10.176016, 1.624633, 1.660228
10.165990, 1.640320, 1.663180
10.166687, 1.666126, 1.668213
10.171931, 1.683006, 1.676475
10.158475, 1.716399, 1.671736
10.150250, 1.737970, 1.671706
10.141875, 1.754560, 1.667512
10.136093, 1.768999, 1.664165
10.135505, 1.790075, 1.670206
10.142332, 1.814226, 1.672781
10.141246, 1.841272, 1.680511
10.139966, 1.853398, 1.674838
10.134713, 1.867092, 1.672109
10.134514, 1.879322, 1.671338
10.132111, 1.889347, 1.673168
10.126372, 1.908984, 1.666889
10.119114, 1.913478, 1.661201
10.121330, 1.918971, 1.657707
10.116118, 1.931659, 1.664747
10.112291, 1.943408, 1.656475
10.108028, 1.959722, 1.655064
10.098987, 1.976404, 1.662114
10.093742, 1.993907, 1.656468
10.084431, 2.007481, 1.653362
10.080164, 2.015784, 1.662167
10.072214, 2.029366, 1.658994
10.076563, 2.044000, 1.664807
10.068334, 2.060353, 1.649128
10.073937, 2.083333, 1.638887
10.071610, 2.100807, 1.631000
10.067770, 2.125057, 1.627268
10.057119, 2.167928, 1.595106
10.046263, 2.194743, 1.591679
10.056461, 2.226580, 1.587007
10.070082, 2.253314, 1.589970
10.080893, 2.276257, 1.592683
10.104447, 2.321260, 1.600149
10.122887, 2.359282, 1.605213
10.134758, 2.394363, 1.606351
10.140283, 2.425385, 1.608143
10.136497, 2.452784, 1.606130
10.134745, 2.479384, 1.605420
10.139382, 2.503406, 1.606044
10.136354, 2.527789, 1.605455
10.142280, 2.549842, 1.607329
10.143585, 2.568230, 1.607924
10.136972, 2.583991, 1.606618
10.134490, 2.611586, 1.605581
10.133630, 2.636692, 1.605727
10.135556, 2.655951, 1.605854
10.133803, 2.671044, 1.604272
10.135942, 2.688401, 1.603347
10.145551, 2.701828, 1.606780
10.148715, 2.734464, 1.596519
10.150128, 2.764770, 1.595382
10.144754, 2.794211, 1.592510
10.141828, 2.816826, 1.592177
10.140483, 2.838203, 1.591395
10.142011, 2.862615, 1.591009
10.151406, 2.877765, 1.593686
10.152077, 2.890918, 1.594265
10.152039, 2.903743, 1.594845
10.153068, 2.919219, 1.594240
10.139124, 2.933810, 1.575443
10.127844, 2.953646, 1.578072
10.103211, 2.974239, 1.549653
10.097012, 2.999534, 1.548949
10.090216, 3.016059, 1.545598
10.086966, 3.030226, 1.544374
10.090361, 3.047233, 1.555185
10.094267, 3.075728, 1.556841
10.104157, 3.098291, 1.558375
10.102518, 3.121993, 1.557672
10.102826, 3.137840, 1.557711
10.102550, 3.161494, 1.556378
10.100881, 3.188314, 1.553294
10.102055, 3.209739, 1.553793
10.105549, 3.232079, 1.551668
10.109321, 3.259967, 1.544975
10.111928, 3.288648, 1.548074
10.108364, 3.312974, 1.545186
10.114066, 3.342689, 1.547080
10.117229, 3.369786, 1.547404
10.121169, 3.389468, 1.550061
10.124514, 3.413653, 1.547512
10.122969, 3.440449, 1.546088
10.128554, 3.462976, 1.548852
10.126139, 3.477529, 1.545304
10.133293, 3.497397, 1.547549
10.134834, 3.513949, 1.548106
10.138253, 3.531690, 1.548624
10.136818, 3.542502, 1.546231
10.141175, 3.559360, 1.547495
10.145735, 3.572224, 1.545690
10.147846, 3.610744, 1.535135
10.133505, 3.655435, 1.520188
10.127659, 3.694696, 1.518267
10.122048, 3.735591, 1.516925
10.126002, 3.786496, 1.519442
10.128374, 3.797386, 1.519433
10.137145, 3.812149, 1.524357
10.136653, 3.816982, 1.522827
10.141037, 3.831149, 1.524571
10.142275, 3.863495, 1.525619
10.142361, 3.880669, 1.526200
10.144534, 3.895645, 1.525154
10.147798, 3.920962, 1.525555
10.146957, 3.945591, 1.524828
10.154317, 3.978316, 1.523329
10.157528, 4.010370, 1.521474
10.164206, 4.042876, 1.522968
10.169765, 4.071260, 1.525597
10.174702, 4.092212, 1.527864
10.183901, 4.118827, 1.528400
10.187004, 4.146502, 1.531283
10.188782, 4.162732, 1.531558
10.192165, 4.183487, 1.531184
10.193344, 4.207251, 1.531771
10.194626, 4.230619, 1.531766
10.191981, 4.258915, 1.515040
10.187881, 4.296815, 1.507724
10.187696, 4.333650, 1.510497
10.188803, 4.367612, 1.510206
10.194490, 4.399209, 1.512592
10.196668, 4.427399, 1.513648
10.202358, 4.456809, 1.516222
10.203866, 4.483840, 1.517752
10.206494, 4.509358, 1.520673
10.211160, 4.533558, 1.520998
10.214249, 4.564634, 1.518674
10.226896, 4.595686, 1.525256
10.230944, 4.620606, 1.527421
10.229871, 4.638661, 1.527336
10.233433, 4.662483, 1.528906
10.231201, 4.697286, 1.531031
10.227256, 4.701787, 1.530398
10.223935, 4.708748, 1.529916
10.221820, 4.718933, 1.529410
10.224279, 4.723849, 1.529395
10.225816, 4.746229, 1.534337
10.229445, 4.767766, 1.535346
10.225569, 4.787335, 1.535337
10.220498, 4.811791, 1.533915
10.223810, 4.837850, 1.534059
10.222500, 4.863489, 1.535206
10.220324, 4.883247, 1.536167
10.212964, 4.905625, 1.538745
10.208171, 4.923257, 1.538221
10.206254, 4.946375, 1.539800
10.204615, 4.963614, 1.540595
10.205784, 5.012813, 1.544272
10.209596, 5.025134, 1.539904
10.214066, 5.031395, 1.543137
10.203354, 5.055949, 1.517211
10.195388, 5.081929, 1.515583
10.187948, 5.113611, 1.515647
10.187807, 5.141410, 1.517695
10.186086, 5.170326, 1.517991
10.187590, 5.204758, 1.522197
10.190165, 5.227652, 1.524586
10.191668, 5.261243, 1.526162
10.193717, 5.289582, 1.529316
10.193482, 5.316643, 1.530047
10.202363, 5.358616, 1.536210
10.204512, 5.359793, 1.535387
10.195991, 5.366195, 1.532997
10.191967, 5.373338, 1.533033
10.190219, 5.390023, 1.529608
10.192262, 5.410591, 1.533275
10.198112, 5.431357, 1.537837
10.198645, 5.458306, 1.538370
10.198759, 5.482254, 1.543083
10.200044, 5.516103, 1.553997
10.192695, 5.547224, 1.558369
10.197786, 5.578472, 1.565855
10.205708, 5.604965, 1.573714
10.213687, 5.633550, 1.578638
10.214745, 5.661718, 1.582460
10.215844, 5.691593, 1.582823
10.209046, 5.729414, 1.556587
10.206036, 5.768217, 1.558422
10.202044, 5.804952, 1.560615
10.195962, 5.832117, 1.563272
10.199948, 5.863993, 1.566980
10.195271, 5.889183, 1.568433
10.193938, 5.911186, 1.569297
10.190948, 5.933406, 1.568769
10.191658, 5.950633, 1.571092
10.186015, 5.972078, 1.570198
10.186638, 5.998188, 1.575931
10.190749, 6.018822, 1.580562
10.189576, 6.038255, 1.580826
10.188129, 6.061973, 1.581996
10.189955, 6.080897, 1.584781
10.190709, 6.102948, 1.588000
10.188999, 6.138046, 1.563137
10.191450, 6.170104, 1.569464
10.187402, 6.199994, 1.572308
10.189318, 6.258286, 1.582284
10.186699, 6.267261, 1.580588
10.191503, 6.276265, 1.585476
10.191901, 6.291103, 1.586697
10.190787, 6.307115, 1.588991
10.193549, 6.335435, 1.597596
10.195524, 6.364843, 1.605714
10.199039, 6.398789, 1.617444
10.198623, 6.422821, 1.620278
10.197351, 6.464386, 1.596611
10.198793, 6.502565, 1.603995
10.206194, 6.529819, 1.612289
10.207465, 6.558922, 1.618248
10.207340, 6.585237, 1.620709
10.200800, 6.608046, 1.622438
10.195972, 6.627338, 1.619686
10.192310, 6.646201, 1.619518
10.187577, 6.670629, 1.612312
10.186474, 6.703067, 1.599707
10.186685, 6.732706, 1.605619
10.182338, 6.759254, 1.604739
10.180310, 6.782669, 1.610164
10.178543, 6.804187, 1.612302
10.173614, 6.822747, 1.611005
10.171989, 6.840785, 1.614281
10.171026, 6.877206, 1.589701
10.168296, 6.905708, 1.595662
10.163470, 6.932976, 1.603834
10.160826, 6.955843, 1.607095
10.162107, 6.981665, 1.610980
10.157586, 7.001403, 1.611726
10.154989, 7.038316, 1.598847
10.152736, 7.070470, 1.607272
10.154397, 7.096209, 1.612846
10.151640, 7.114930, 1.616270
10.142496, 7.135057, 1.615438
10.136878, 7.160361, 1.617687
10.140119, 7.190789, 1.607719
10.133766, 7.220107, 1.613314
10.129924, 7.243001, 1.614185
10.126028, 7.262787, 1.614949
10.124030, 7.284842, 1.611068
10.121182, 7.307547, 1.616294
10.123739, 7.328797, 1.617731
10.125355, 7.347504, 1.618819
10.120345, 7.371073, 1.613841
10.116775, 7.393239, 1.612354
10.112464, 7.414629, 1.605693
10.111083, 7.437542, 1.613682
10.116359, 7.460288, 1.634617
10.116184, 7.487074, 1.630004
10.115086, 7.510613, 1.628900
10.113544, 7.532047, 1.615230
10.103996, 7.559164, 1.607414
10.102465, 7.584586, 1.610031
10.101318, 7.609124, 1.610640
10.103698, 7.637838, 1.613924
10.114827, 7.671894, 1.627234
10.112930, 7.708771, 1.631570
10.118820, 7.740997, 1.632378
10.121909, 7.761737, 1.633073
10.122761, 7.790629, 1.635563
10.122865, 7.815556, 1.637330
10.116410, 7.841944, 1.638417
10.113800, 7.862554, 1.621542
10.113185, 7.889218, 1.646102
10.111629, 7.905527, 1.629759
10.114674, 7.925005, 1.634725
10.116513, 7.946448, 1.640077
10.117094, 7.966802, 1.639019
10.111068, 7.989186, 1.635041
10.106132, 8.014070, 1.641978
10.108649, 8.040891, 1.639360
10.108405, 8.076249, 1.644273
10.111739, 8.096964, 1.650602
10.114966, 8.106734, 1.646363
10.115582, 8.116350, 1.649287
10.113603, 8.127023, 1.643658
10.108726, 8.138741, 1.645547
10.102066, 8.161160, 1.647256
10.097731, 8.179116, 1.656314
10.092101, 8.200035, 1.664389
10.089351, 8.222980, 1.688867
10.083934, 8.245411, 1.704871
10.080032, 8.262545, 1.721413
10.072157, 8.279880, 1.734178
10.068446, 8.299296, 1.740096
10.063151, 8.320228, 1.763691
10.055893, 8.342459, 1.784573
10.049183, 8.365724, 1.800914
10.042082, 8.388732, 1.820360
10.036789, 8.413954, 1.830905
10.019162, 8.443823, 1.843945
10.011396, 8.464804, 1.854912
10.003161, 8.481872, 1.861341
9.986975, 8.508376, 1.894064
9.974334, 8.530289, 1.898891
9.966986, 8.553605, 1.912411
9.945350, 8.574839, 1.923796
9.923184, 8.596765, 1.928282
9.907084, 8.617945, 1.935411
9.893438, 8.637333, 1.947607
9.892788, 8.658609, 1.970831
9.889388, 8.678039, 1.984692
9.876829, 8.700505, 2.023043
9.853315, 8.720642, 2.032347
9.848397, 8.741464, 2.051610
9.850560, 8.745905, 2.046638
9.824049, 8.760298, 2.077866
9.793125, 8.770149, 2.099063
9.773475, 8.784756, 2.114216
9.743891, 8.798120, 2.140452
9.735996, 8.816435, 2.180591
9.729133, 8.830142, 2.191599
9.721964, 8.840279, 2.203956
9.687865, 8.858830, 2.243918
9.658922, 8.869435, 2.254200
9.637351, 8.883389, 2.270636
9.614099, 8.897852, 2.285689
9.584964, 8.913128, 2.307832
9.552241, 8.929535, 2.338069
9.552322, 8.949488, 2.374720
9.545761, 8.959963, 2.384565
9.529863, 8.967412, 2.402081
9.503732, 8.978410, 2.427420
9.473777, 8.994828, 2.450338
9.446826, 9.004353, 2.467854
9.420517, 9.013616, 2.480281
9.396860, 9.022356, 2.489667
9.384494, 9.027804, 2.494276
9.349655, 9.040777, 2.520239
9.327363, 9.043008, 2.531756
9.303018, 9.052198, 2.546412
9.275987, 9.055021, 2.565000
9.261790, 9.056020, 2.580658
9.250097, 9.064270, 2.594913
9.249422, 9.077682, 2.618346
9.253950, 9.079739, 2.624824
9.244949, 9.082750, 2.637024
9.223523, 9.084706, 2.654074
9.198849, 9.090620, 2.673521
9.174875, 9.090421, 2.682262
9.141777, 9.098422, 2.700791
9.118678, 9.104693, 2.715616
9.107168, 9.105043, 2.722723
9.065358, 9.114211, 2.744787
9.016010, 9.126843, 2.770079
8.965639, 9.136046, 2.783663
8.931097, 9.141875, 2.803392
8.895071, 9.146437, 2.816406
8.862696, 9.148476, 2.825632
8.840061, 9.148326, 2.840304
8.807966, 9.149748, 2.854000
8.768007, 9.155098, 2.863180
8.752425, 9.160052, 2.873156
8.738357, 9.160171, 2.887963
8.711574, 9.162035, 2.903751
8.712755, 9.157635, 2.902049
8.689439, 9.158522, 2.925993
8.659669, 9.159405, 2.942702
8.644578, 9.161137, 2.953225
8.617170, 9.163059, 2.972177
8.608977, 9.160797, 2.983188
8.581745, 9.162299, 2.999571
8.556252, 9.160775, 3.017596
8.540981, 9.167360, 3.037265
8.529075, 9.167037, 3.045782
8.515674, 9.164560, 3.062056
8.480403, 9.165520, 3.084076
8.449545, 9.161782, 3.093453
8.427361, 9.153821, 3.107951
8.421523, 9.147439, 3.125034
8.402499, 9.139747, 3.131936
8.371656, 9.130161, 3.140142
8.323068, 9.126112, 3.141212
8.275630, 9.119675, 3.140528
8.265596, 9.118873, -3.124292
8.257521, 9.116246, -3.125732
8.225317, 9.108250, -3.133309
8.185777, 9.105477, -3.124435
8.148089, 9.100834, -3.124745
8.120833, 9.097295, -3.124059
8.085527, 9.092835, -3.123643
8.053955, 9.086829, -3.124019
8.017014, 9.085996, -3.124875
8.001318, 9.081032, -3.123976
7.984324, 9.076680, -3.124114
7.945615, 9.080462, -3.122245
7.904519, 9.079437, -3.121154
7.953619, 9.086597, -3.108441
7.961353, 9.084557, -3.112878
7.965604, 9.079213, -3.114156
7.960731, 9.076578, -3.113314
7.986796, 9.090827, -3.102671
8.008060, 9.087793, -3.105794
8.013452, 9.086019, -3.107756
7.993339, 9.081041, -3.112484
7.957234, 9.076708, -3.113907
7.930445, 9.074693, -3.112434
7.911291, 9.069851, -3.110768
7.891345, 9.069927, -3.110019
7.881608, 9.071966, -3.109822
7.849575, 9.067748, -3.119553
7.817195, 9.063676, -3.119010
7.842203, 9.071977, -3.105644
7.852698, 9.075249, -3.104991
7.826006, 9.068604, -3.115961
7.789669, 9.059505, -3.122058
7.747130, 9.053440, -3.122891
7.711009, 9.051215, -3.119095
7.673860, 9.048634, -3.120800
7.642172, 9.050502, -3.118610
7.615115, 9.048312, -3.118033
7.582132, 9.047283, -3.118345
7.553863, 9.046423, -3.114958
7.533691, 9.043653, -3.114785
7.493213, 9.045950, -3.112553
7.469272, 9.042416, -3.109247
7.449599, 9.042073, -3.109154
7.434296, 9.041203, -3.108615
7.411856, 9.040625, -3.105909
7.372580, 9.039745, -3.106460
7.346437, 9.039066, -3.104786
7.318085, 9.041564, -3.101966
7.287870, 9.039316, -3.099094
7.266595, 9.037826, -3.100341
7.234560, 9.036493, -3.101160
7.212410, 9.033605, -3.096840
7.174280, 9.032602, -3.091414
7.153040, 9.031303, -3.090173
7.099716, 9.030900, -3.089517
7.060023, 9.029060, -3.090488
7.013324, 9.026087, -3.090456
7.009696, 9.026286, -3.087273
6.983992, 9.027867, -3.087231
6.970969, 9.030390, -3.084580
6.924649, 9.025690, -3.085200
6.908183, 9.023434, -3.086984
6.875991, 9.018426, -3.086041
6.842431, 9.016100, -3.085145
6.815069, 9.018873, -3.083721
6.791705, 9.016333, -3.082137
6.752034, 9.017189, -3.082259
6.717672, 9.014187, -3.081619
6.701926, 9.014587, -3.080654
6.672660, 9.010836, -3.080795
6.662750, 9.008869, -3.077911
6.645300, 9.005198, -3.072956
6.646276, 9.005316, -3.074709
6.592318, 9.006313, -3.073178
6.553313, 9.008137, -3.078657
6.569800, 9.008276, -3.079731
6.529718, 9.003641, -3.083333
6.484886, 9.006318, -3.083893
6.447370, 9.004973, -3.087624
6.440818, 9.002041, -3.093574
6.394600, 9.004221, -3.094332
6.366339, 9.006743, -3.096274
6.334486, 9.002125, -3.098388
6.343303, 9.002455, -3.100133
6.324762, 9.003231, -3.103072
6.301278, 9.002971, -3.102905
6.302253, 9.001171, -3.108084
6.265004, 9.001566, -3.111895
6.260804, 8.996370, -3.120891
6.213610, 8.995793, -3.116666
6.179858, 8.996386, -3.124101
6.137797, 8.999022, -3.122590
6.099494, 8.996947, -3.120229
6.075609, 9.003102, -3.119225
6.066735, 9.005991, -3.124043
6.067538, 9.007033, -3.124149
6.039825, 9.008036, -3.123273
6.024524, 9.010721, -3.122245
5.981978, 9.007686, -3.126534
5.962997, 9.007232, -3.128076
5.948965, 9.006231, -3.128409
5.943576, 9.006245, -3.128568
5.909791, 9.006111, -3.127776
5.889422, 9.008376, -3.130084
5.869008, 9.009776, -3.131340
5.826126, 9.007067, -3.132203
5.786224, 9.008880, -3.131035
5.756984, 9.009603, -3.131816
5.733557, 9.010565, -3.131517
5.715116, 9.013473, -3.131922
5.675475, 9.009623, -3.132395
5.666750, 9.008377, -3.133673
5.630879, 9.010498, -3.136256
5.640432, 9.012902, -3.136356
5.588844, 9.014142, -3.140105
5.552518, 9.014992, -3.137464
5.530869, 9.014907, -3.138155
5.515422, 9.014836, -3.141086
5.497562, 9.015823, 3.140019
5.462645, 9.016508, 3.138411
5.419474, 9.016578, 3.136606
5.393645, 9.017127, 3.134813
5.367833, 9.018631, 3.133210
5.317370, 9.015533, 3.119618
5.306324, 9.016964, 3.119127
5.289002, 9.016386, 3.117968
5.238875, 9.013008, 3.116051
5.215584, 9.014751, 3.116276
5.190457, 9.019948, 3.116136
5.168860, 9.023016, 3.117975
5.145949, 9.022453, 3.115548
5.122808, 9.025053, 3.116888
5.112043, 9.026853, 3.114539
5.088767, 9.028739, 3.115380
5.092697, 9.031623, 3.120670
5.075877, 9.032812, 3.115576
5.056893, 9.031698, 3.115769
5.014077, 9.036116, 3.118411
5.005476, 9.036046, 3.114547
4.980929, 9.038334, 3.115550
4.978179, 9.038327, 3.113488
5.000409, 9.038793, 3.113296
4.990655, 9.040263, 3.114540
4.987784, 9.040715, 3.111509
4.994512, 9.042096, 3.111479
4.975642, 9.038337, 3.110282
4.982827, 9.039032, 3.107497
4.960069, 9.042641, 3.105738
4.947974, 9.047153, 3.109895
4.905051, 9.047703, 3.104858
4.875913, 9.052711, 3.109290
4.831132, 9.055790, 3.108298
4.757399, 9.056994, 3.107987
4.748296, 9.055473, 3.114154
4.766750, 9.059023, 3.126559
4.746416, 9.058340, 3.126656
4.741066, 9.055734, 3.127906
4.737467, 9.055458, 3.132745
4.691037, 9.057767, 3.133931
4.683297, 9.054677, -3.141559
4.646842, 9.053238, -3.130698
4.634078, 9.053947, -3.129906
4.594984, 9.049564, -3.130169
4.553728, 9.051287, -3.128094
4.522014, 9.048385, -3.127323
4.469213, 9.044935, -3.126453
4.442590, 9.041382, -3.129593
4.425362, 9.038095, -3.129580
4.419078, 9.033741, -3.129787
4.419804, 9.030546, -3.130146
4.391349, 9.032748, -3.129690
4.318876, 9.036070, -3.127255
4.324215, 9.038165, -3.123973
4.299952, 9.038105, -3.124631
4.300570, 9.039579, -3.120841
4.277190, 9.035595, -3.123082
4.260797, 9.031920, -3.125079
4.260687, 9.031668, -3.124118
4.222492, 9.028197, -3.122628
4.226222, 9.026369, -3.122397
4.200450, 9.022932, -3.120719
4.181374, 9.021980, -3.119136
4.153769, 9.021634, -3.119457
4.137228, 9.023865, -3.116404
4.144616, 9.026631, -3.114728
4.110043, 9.023774, -3.112241
4.084521, 9.022651, -3.111319
4.038309, 9.024049, -3.109982
4.011674, 9.021249, -3.101485
4.001743, 9.023800, -3.103881
3.972770, 9.022951, -3.106927
3.959412, 9.023603, -3.108190
3.932474, 9.023263, -3.107813
3.899031, 9.022002, -3.107656
3.863668, 9.020353, -3.101048
3.832752, 9.024067, -3.100859
3.805519, 9.023088, -3.101511
3.819192, 9.021598, -3.099175
3.813888, 9.019369, -3.098418
3.804034, 9.020291, -3.099570
3.775710, 9.020779, -3.102278
3.690632, 9.023980, -3.099128
3.665299, 9.023464, -3.088996
3.630840, 9.020740, -3.089210
3.584027, 9.019054, -3.085688
3.580574, 9.014186, -3.089018
3.550900, 9.009373, -3.087998
3.493143, 9.008536, -3.087812
3.474295, 9.005330, -3.090959
3.485445, 9.003325, -3.085885
3.463196, 8.996719, -3.089681
3.434125, 8.993570, -3.089200
3.392300, 8.992596, -3.088223
3.392171, 8.991486, -3.086607
3.360740, 8.990009, -3.083834
3.319023, 8.988025, -3.083060
3.290919, 8.984529, -3.081635
3.274295, 8.983104, -3.077698
3.264137, 8.978148, -3.086880
3.262983, 8.974741, -3.085021
3.251453, 8.974128, -3.085717
3.265295, 8.974438, -3.084774
3.286387, 8.972947, -3.083899
3.258539, 8.971637, -3.083928
3.270935, 8.972847, -3.083393
3.267863, 8.973154, -3.082749
3.248278, 8.972071, -3.079338
3.238989, 8.970847, -3.079404
3.196553, 8.969426, -3.079566
3.154875, 8.966794, -3.078996
3.121818, 8.965509, -3.076860
3.113923, 8.965615, -3.077252
3.093836, 8.963653, -3.078767
3.020893, 8.961913, -3.073471
2.972720, 8.961879, -3.075892
2.933950, 8.963122, -3.074307
2.864514, 8.960343, -3.073666
2.856212, 8.962989, -3.072527
2.859668, 8.960200, -3.074066
2.838686, 8.959695, -3.076119
2.872632, 8.961201, -3.075052
2.842270, 8.955089, -3.079753
2.835857, 8.952748, -3.080226
2.833672, 8.947609, -3.082509
2.836382, 8.946984, -3.088927
2.765053, 8.945604, -3.094125
2.745330, 8.938300, -3.099530
2.757167, 8.935219, -3.104452
2.707224, 8.936849, -3.105784
2.694186, 8.938098, -3.107751
2.653437, 8.939624, -3.108822
2.655647, 8.938478, -3.114007
2.574272, 8.938956, -3.115179
2.567220, 8.941520, -3.118658
2.536457, 8.948688, -3.099831
2.518729, 8.956752, -3.101806
2.566178, 8.964315, -3.102484
2.541729, 8.970577, -3.103279
2.498078, 8.969550, -3.115620
2.414717, 8.969538, -3.116684
2.425250, 8.970328, -3.117936
2.352142, 8.971158, -3.119080
2.328844, 8.973509, -3.121336
2.289417, 8.975591, -3.130531
2.255629, 8.979292, -3.132836
2.222462, 8.979061, -3.135078
2.205766, 8.977079, -3.137937
2.200240, 8.977546, -3.140945
2.158506, 8.978234, 3.139970
2.170947, 8.975726, 3.134861
2.122281, 8.975912, 3.133717
2.125947, 8.982162, 3.136308
2.123446, 8.988488, 3.136134
2.121040, 8.987085, 3.133937
2.078443, 8.986830, 3.137933
2.120274, 8.989949, 3.134841
2.061533, 8.990576, 3.133450
2.082080, 8.993115, 3.135713
2.086963, 8.997265, 3.136059
2.044373, 8.999296, 3.134154
2.083808, 9.002272, 3.133924
2.009291, 9.002730, 3.131852
2.025020, 8.998146, 3.130184
2.014452, 8.998469, 3.127343
2.007661, 9.000291, 3.127404
1.984122, 8.997289, 3.125260
1.981025, 8.992158, 3.124160
1.916830, 8.992319, 3.123900
1.867834, 8.993305, 3.120964
1.807959, 8.997287, 3.116677
1.801553, 9.000244, 3.118864
1.731525, 9.002453, 3.117010
1.706715, 9.004718, 3.119346
1.697086, 9.006682, 3.118780
1.657940, 9.004264, 3.115593
1.660948, 9.003573, 3.115618
1.556018, 9.005412, 3.113431
1.520574, 9.005803, 3.112530
1.498538, 9.007356, 3.112845
1.424943, 9.005323, 3.109477
1.363534, 9.005473, 3.107414
1.390516, 9.005958, 3.108193
1.359252, 9.006861, 3.104298
1.326672, 9.013116, 3.113503
1.404366, 9.008468, 3.110334
1.396171, 9.010033, 3.109647
1.368330, 9.011316, 3.108806
1.316495, 9.011415, 3.108551
1.291283, 9.013542, 3.107904
1.249113, 9.013485, 3.107831
1.220783, 9.016317, 3.106949
1.168625, 9.018715, 3.106767
1.101246, 9.015919, 3.104379
1.064486, 9.018571, 3.103882
1.053739, 9.018732, 3.102261
1.051947, 9.017484, 3.101141
1.053106, 9.016601, 3.098212
1.052202, 9.019420, 3.100042
1.027844, 9.021744, 3.100180
0.980225, 9.023853, 3.097762
0.931258, 9.023371, 3.099507
0.834306, 9.027829, 3.098885
0.807192, 9.026807, 3.098476
0.796065, 9.030870, 3.099870
0.790065, 9.033027, 3.099729
0.771708, 9.037087, 3.102047
0.854101, 9.038102, 3.101577
0.867675, 9.037919, 3.101731
0.851011, 9.038737, 3.102218
0.920768, 9.041415, 3.101548
0.871928, 9.040076, 3.100313
0.913260, 9.044008, 3.101293
0.942983, 9.041891, 3.100046
0.893822, 9.041974, 3.100656
0.848822, 9.042389, 3.102459
0.843566, 9.041459, 3.104347
0.857553, 9.044174, 3.112658
0.794968, 9.040133, 3.113988
0.748675, 9.037481, 3.120254
0.812014, 9.032894, 3.129175
0.809737, 9.032155, 3.131843
0.788836, 9.032845, -3.141217
0.752547, 9.032053, -3.136325
0.818710, 9.030050, -3.136721
0.812671, 9.030266, -3.134559
0.774332, 9.032727, -3.133192
0.653103, 9.032500, -3.132303
0.634483, 9.032056, -3.134805
0.603519, 9.031532, -3.129584
0.552829, 9.032085, -3.128406
0.580756, 9.032718, -3.126888
0.676365, 9.035289, -3.125822
0.707227, 9.034146, -3.124219
0.707794, 9.034231, -3.123220
0.693153, 9.035928, -3.121656
0.666859, 9.033345, -3.121462
0.630446, 9.034311, -3.118604
0.604279, 9.030934, -3.118409
0.569458, 9.029376, -3.118458
0.506285, 9.030268, -3.119636
0.491303, 9.027924, -3.118052
0.467517, 9.026961, -3.119138
0.477511, 9.030284, -3.116911
0.483159, 9.032314, -3.115593
0.484882, 9.028728, -3.113630
0.513065, 9.024815, -3.115331
0.408735, 9.026371, -3.113620
0.402140, 9.023386, -3.113515
0.460908, 9.018489, -3.113255
0.430860, 9.016043, -3.113217
0.470098, 9.016016, -3.113038
0.483139, 9.017778, -3.110609
0.437510, 9.018005, -3.111204
0.383228, 9.017560, -3.110056
0.363632, 9.016687, -3.107201
0.363165, 9.017733, -3.107600
0.370034, 9.015665, -3.105065
0.356426, 9.013423, -3.103308
0.328796, 9.011243, -3.103466
0.281591, 9.011347, -3.102333
0.310526, 9.008495, -3.102030
0.361430, 9.006735, -3.101507
0.388183, 9.008002, -3.099691
0.373892, 9.009122, -3.097729
0.348768, 9.011315, -3.093420
0.396582, 9.011678, -3.093993
0.333847, 9.003694, -3.090847
0.315727, 9.002747, -3.089809
0.291832, 9.001893, -3.088163
0.303035, 9.002623, -3.088059
0.248057, 8.998997, -3.085530
0.225350, 8.997011, -3.086848
0.198257, 8.996096, -3.083233
0.267338, 8.995339, -3.081526
0.285450, 8.993661, -3.082829
0.325999, 8.991095, -3.080406
0.383347, 8.990648, -3.079009
0.321785, 8.988130, -3.080476
0.303630, 8.988347, -3.080483
0.320717, 8.985679, -3.077322
0.281316, 8.987030, -3.073451
0.313350, 8.986986, -3.075032
0.241951, 8.983200, -3.072952
0.238222, 8.980779, -3.072850
0.240269, 8.979902, -3.072785
0.217958, 8.977613, -3.072033
0.247059, 8.973782, -3.070904
0.246100, 8.971303, -3.072334
0.228275, 8.967714, -3.071203
0.115155, 8.965135, -3.070107
0.072210, 8.960719, -3.073488
0.045902, 8.963932, -3.090106
0.013904, 8.968324, -3.113298
-0.004523, 8.968351, -3.120966
-0.071652, 8.972520, -3.138102
-0.035143, 8.978938, -3.137897
-0.036311, 8.979074, -3.138644
-0.115324, 8.982674, -3.140318
-0.121879, 8.987086, 3.140782
-0.171920, 8.987890, 3.140086
-0.169037, 8.989793, -3.141498
-0.200817, 8.990419, 3.138430
-0.195083, 8.990701, 3.136163
-0.096648, 8.992762, 3.135220
-0.070848, 8.992571, 3.134513
-0.111165, 8.992034, 3.134076
-0.095067, 8.991826, 3.133772
-0.131745, 8.990090, 3.132656
-0.184440, 8.985978, 3.130305
-0.263036, 8.983920, 3.129164
-0.336941, 8.985821, 3.128757
-0.398019, 8.990594, 3.126942
-0.378867, 8.991770, 3.128393
-0.430954, 8.989985, 3.125662
-0.469967, 8.991692, 3.125959
-0.524656, 8.992047, 3.123460
-0.584077, 8.994149, 3.123092
-0.600022, 8.992921, 3.120166
-0.620696, 8.992912, 3.118247
-0.665286, 8.991956, 3.117789
-0.744059, 8.995601, 3.116387
-0.716535, 8.994784, 3.114996
-0.687368, 8.999282, 3.114345
-0.706090, 8.999755, 3.109112
-0.702489, 9.001772, 3.112646
-0.692507, 9.001034, 3.111246
-0.747687, 9.001177, 3.110189
-0.704872, 9.004623, 3.109797
-0.701262, 9.007743, 3.108291
-0.722543, 9.008417, 3.108521
-0.723055, 9.008275, 3.105226
-0.716452, 9.009697, 3.104838
-0.740603, 9.013199, 3.103029
-0.725645, 9.016326, 3.104799
-0.677207, 9.019686, 3.102580
-0.615126, 9.020241, 3.102258
-0.551779, 9.022910, 3.100486
-0.540501, 9.022218, 3.098498
-0.605212, 9.022736, 3.097135
-0.597097, 9.024667, 3.095450
-0.628887, 9.029425, 3.095462
-0.693526, 9.029524, 3.094679
-0.688678, 9.032967, 3.093242
-0.693963, 9.037012, 3.092720
-0.688013, 9.039240, 3.091589
-0.815325, 9.039813, 3.090176
-0.894977, 9.043441, 3.089569
-0.881106, 9.044407, 3.089676
-0.865031, 9.044524, 3.089002
-0.933583, 9.049236, 3.088687
-0.935522, 9.047669, 3.088189
-0.883966, 9.048033, 3.087476
-0.880313, 9.047336, 3.086259
-0.828461, 9.049210, 3.083388
-0.850294, 9.052535, 3.081578
-0.862575, 9.056024, 3.082526
-0.838237, 9.062813, 3.081044
-0.771946, 9.065640, 3.080558
-0.744856, 9.065337, 3.076541
-0.773530, 9.067144, 3.075774
-0.863342, 9.069150, 3.074565
-0.848591, 9.071847, 3.075116
-0.848456, 9.076344, 3.073665
-0.853750, 9.082192, 3.073247
-0.846588, 9.083445, 3.070432
-0.854752, 9.085086, 3.069151
-0.833371, 9.086523, 3.067989
-0.875188, 9.086546, 3.064928
-0.918079, 9.090714, 3.064543
-0.961541, 9.093780, 3.065198
-0.934884, 9.096850, 3.065625
-0.943176, 9.098117, 3.063559
-1.016562, 9.103719, 3.064259
-1.049231, 9.106930, 3.071241
-1.098829, 9.108632, 3.074370
-1.185875, 9.105005, 3.076526
-1.227354, 9.103586, 3.079261
-1.331689, 9.106186, 3.088180
-1.348871, 9.105221, 3.092490
-1.402235, 9.108646, 3.098142
-1.449061, 9.110182, 3.106238
-1.462827, 9.106122, 3.110844
-1.489616, 9.103513, 3.114679
-1.520532, 9.101426, 3.119991
-1.501493, 9.095804, 3.131654
-1.532877, 9.092738, 3.131649
-1.587802, 9.092128, 3.132118
-1.663699, 9.089224, 3.130445
-1.688869, 9.088789, 3.134523
-1.757372, 9.086027, 3.131527
-1.822286, 9.089893, 3.134985
-1.853222, 9.089895, 3.135216
-1.856749, 9.087885, 3.137145
-1.760530, 9.084289, 3.139841
-1.814166, 9.088593, 3.141496
-1.895602, 9.086418, -3.136804
-1.879736, 9.086411, -3.140774
-1.880590, 9.084675, -3.138286
-1.961021, 9.082686, -3.136834
-1.973471, 9.083227, -3.137253
-1.926309, 9.084247, -3.135352
-1.974978, 9.084185, -3.131932
-1.999187, 9.087667, -3.130263
-1.997749, 9.090063, -3.128857
-1.995935, 9.091213, -3.128110
-2.145607, 9.090451, -3.128116
-2.246547, 9.088899, -3.127903
-2.390924, 9.090026, -3.127515
-2.388047, 9.087624, -3.126122
-2.457016, 9.090444, -3.123132
-2.472384, 9.087186, -3.124145
-2.529897, 9.084883, -3.122623
-2.546042, 9.082619, -3.121338
-2.523477, 9.083983, -3.119923
-2.555453, 9.084564, -3.119134
-2.486700, 9.086683, -3.114376
-2.540043, 9.085736, -3.114351
-2.572257, 9.080775, -3.107528
-2.565476, 9.082591, -3.105446
-2.601096, 9.080868, -3.105630
-2.670215, 9.081173, -3.103485
-2.737194, 9.080215, -3.103951
-2.745046, 9.077361, -3.105288
-2.817840, 9.076082, -3.105393
-2.834004, 9.075346, -3.102688
-2.827331, 9.072641, -3.106258
-2.784034, 9.068492, -3.107359
-2.786352, 9.068234, -3.106530
-2.787302, 9.066098, -3.105281
-2.799751, 9.063768, -3.108927
-2.779361, 9.063464, -3.106624
-2.807893, 9.061658, -3.104602
-2.837461, 9.061733, -3.103028
-2.868997, 9.058109, -3.107038
-2.962170, 9.055959, -3.104851
-3.000806, 9.053227, -3.104252
-3.033085, 9.053287, -3.103173
-3.046121, 9.046301, -3.111868
-3.086621, 9.046965, -3.112839
-3.145671, 9.044089, -3.110899
-3.149145, 9.039535, -3.106039
-3.162141, 9.037369, -3.105134
-3.218879, 9.038492, -3.095576
-3.244061, 9.040721, -3.101454
-3.277178, 9.042073, -3.101820
-3.315885, 9.040614, -3.103222
-3.337801, 9.038257, -3.108402
-3.396356, 9.038115, -3.105671
-3.398548, 9.040853, -3.107361
-3.429153, 9.038998, -3.112460
-3.465919, 9.040889, -3.119484
-3.499979, 9.041740, -3.121562
-3.548179, 9.041074, -3.122420
-3.518847, 9.040633, -3.129516
-3.564011, 9.042063, -3.129127
-3.606135, 9.046072, -3.131012
-3.587785, 9.048421, -3.128982
-3.574563, 9.048758, -3.128289
-3.582582, 9.051989, -3.127076
-3.661055, 9.051452, -3.126025
-3.682144, 9.053460, -3.127858
-3.739035, 9.052103, -3.131183
-3.714651, 9.048928, -3.132976
-3.694668, 9.049962, -3.133221
-3.668082, 9.050246, -3.132503
-3.710475, 9.052170, -3.133969
-3.756979, 9.050252, -3.136796
-3.772762, 9.052215, -3.138314
-3.815516, 9.048932, -3.139595
-3.788187, 9.047014, -3.139147
-3.811784, 9.051979, -3.137226
-3.861963, 9.056126, -3.139776
-3.889930, 9.057884, -3.139644
-3.898028, 9.055477, 3.140643
-3.952064, 9.055804, 3.137409
-3.966586, 9.054045, 3.139441
-3.988795, 9.052249, 3.136899
-4.010856, 9.052514, 3.135193
-4.011242, 9.052464, 3.135029
-4.022089, 9.056353, 3.134611
-4.035911, 9.056521, 3.131404
-4.122214, 9.048419, 3.117041
-4.229439, 9.043727, 3.115472
-4.282632, 9.038964, 3.110246
-4.345443, 9.043186, 3.109487
-4.367988, 9.041010, 3.107881
-4.351531, 9.041189, 3.107487
-4.343027, 9.042335, 3.107497
-4.400129, 9.044937, 3.104820
-4.427082, 9.046317, 3.105768
-4.482640, 9.049242, 3.104749
-4.511432, 9.052579, 3.105944
-4.560664, 9.054677, 3.103611
-4.705638, 9.062923, 3.112209
-4.721669, 9.062111, 3.103748
-4.824315, 9.061891, 3.112253
-4.942349, 9.068294, 3.113938
-4.997225, 9.071970, 3.113097
-5.051217, 9.076146, 3.114282
-5.097126, 9.077153, 3.114093
-5.131299, 9.082959, 3.113680
-5.163155, 9.086579, 3.114776
-5.197060, 9.092055, 3.115368
-5.234308, 9.093858, 3.116376
-5.262583, 9.086761, 3.121815
-5.284466, 9.077562, 3.131608
-5.297643, 9.072516, -3.130133
-5.314268, 9.073073, -3.117883
-5.328180, 9.070457, -3.116722
-5.343796, 9.069086, -3.116886
-5.359205, 9.066625, -3.116463
-5.376642, 9.066505, -3.115933
-5.394353, 9.067459, -3.114795
-5.415633, 9.064983, -3.113521
-5.458853, 9.069874, -3.101426
-5.496030, 9.067207, -3.097225
-5.523692, 9.066361, -3.095740
-5.533425, 9.065280, -3.096444
-5.536206, 9.063389, -3.096841
-5.554979, 9.060116, -3.103174
-5.559310, 9.055162, -3.104419
-5.582206, 9.050501, -3.106383
-5.605481, 9.047643, -3.103042
-5.623513, 9.043179, -3.108326
-5.659368, 9.039860, -3.104391
-5.684002, 9.038213, -3.104862
-5.702684, 9.038578, -3.111143
-5.726021, 9.037263, -3.113738
-5.759024, 9.035430, -3.114473
-5.794306, 9.034448, -3.112598
-5.820735, 9.032987, -3.106518
-5.840964, 9.033568, -3.112244
-5.865228, 9.030875, -3.112446
-5.890893, 9.025716, -3.100198
-5.913770, 9.023326, -3.105109
-5.952850, 9.027822, -3.104634
-5.988918, 9.027769, -3.096277
-6.017178, 9.023416, -3.104246
-6.050513, 9.020276, -3.095877
-6.070896, 9.019548, -3.092103
-6.096232, 9.018367, -3.094966
-6.112414, 9.016095, -3.087571
-6.141439, 9.018862, -3.084660
-6.170382, 9.017905, -3.085381
-6.194442, 9.016721, -3.087274
-6.222458, 9.019047, -3.080699
-6.241169, 9.018079, -3.078438
-6.263099, 9.019167, -3.076989
-6.282281, 9.018957, -3.072164
-6.309380, 9.020706, -3.072871
-6.333291, 9.024102, -3.069515
-6.370196, 9.021500, -3.068992
-6.397853, 9.017276, -3.068816
-6.425666, 9.010073, -3.070071
-6.469136, 9.006897, -3.068638
-6.474323, 9.000943, -3.068378
-6.502303, 8.998686, -3.069066
-6.516656, 8.995330, -3.069126
-6.549350, 8.991556, -3.068599
-6.578304, 8.990839, -3.068226
-6.606724, 8.989072, -3.066572
-6.630693, 8.983577, -3.067720
-6.656826, 8.978598, -3.067314
-6.680613, 8.976349, -3.066007
-6.707864, 8.973955, -3.069479
-6.740578, 8.969501, -3.071323
-6.772039, 8.966217, -3.074240
-6.799027, 8.963478, -3.075005
-6.817579, 8.965850, -3.078834
-6.843531, 8.961900, -3.080621
-6.852526, 8.958292, -3.083176
-6.877849, 8.962979, -3.088694
-6.892904, 8.966005, -3.098755
-6.918535, 8.962096, -3.107115
-6.929601, 8.967310, -3.114712
-6.969020, 8.967060, -3.126376
-7.001645, 8.968538, -3.127175
-7.018011, 8.976299, -3.125552
-7.046091, 8.982830, -3.125051
-7.072928, 8.981629, -3.124031
-7.105089, 8.986648, -3.126706
-7.138800, 8.991927, -3.125262
-7.176965, 8.993264, -3.124790
-7.201093, 8.990448, 3.134169
-7.230255, 8.987097, 3.129226
-7.264139, 8.985155, 3.127227
-7.299091, 8.985229, 3.114174
-7.329414, 8.985854, 3.113986
-7.357101, 8.990356, 3.115026
-7.377818, 8.991859, 3.114050
-7.403888, 8.993041, 3.106189
-7.424585, 8.991757, 3.111387
-7.450817, 8.994739, 3.116717
-7.480996, 8.996081, 3.110936
-7.502874, 8.999214, 3.110316
-7.514210, 8.999575, 3.108943
-7.539709, 9.002018, 3.103224
-7.551696, 9.004654, 3.114244
-7.564572, 9.009796, 3.115864
-7.579482, 9.008932, 3.116513
-7.595791, 9.013514, 3.116224
-7.606631, 9.018841, 3.127545
-7.627462, 9.019483, 3.127111
-7.636703, 9.026301, 3.129498
-7.653859, 9.030227, 3.129193
-7.657959, 9.033296, 3.127695
-7.672240, 9.036747, 3.127947
-7.688214, 9.034183, 3.126086
-7.722810, 9.034933, 3.124788
-7.745239, 9.030280, 3.113314
-7.770187, 9.036039, 3.114877
-7.784615, 9.036974, 3.113212
-7.803929, 9.036819, 3.114555
-7.834105, 9.034193, 3.112896
-7.842716, 9.033498, 3.112058
-7.870574, 9.030147, 3.110548
-7.898826, 9.030254, 3.111186
-7.925421, 9.033644, 3.113840
-7.960116, 9.035510, 3.112155
-7.990009, 9.033410, 3.112049
-8.017108, 9.034074, 3.111028
-8.048832, 9.034938, 3.108376
-8.086626, 9.041150, 3.110211
-8.106294, 9.040836, 3.109818
-8.134511, 9.043490, 3.107796
-8.155977, 9.048277, 3.107287
-8.187363, 9.048129, 3.106334
-8.212598, 9.050667, 3.106613
-8.226588, 9.054904, 3.106434
-8.240708, 9.058994, 3.107678
-8.269993, 9.060560, 3.105813
-8.299459, 9.065382, 3.104884
-8.318074, 9.069581, 3.105291
-8.353101, 9.069979, 3.102647
-8.368945, 9.070735, 3.101175
-8.381948, 9.077545, 3.102383
-8.406635, 9.076431, 3.099796
-8.439621, 9.074769, 3.097386
-8.468066, 9.079457, 3.099329
-8.512046, 9.080388, 3.085268
-8.558391, 9.079850, 3.083966
-8.595739, 9.081192, 3.083880
-8.613772, 9.079616, 3.084130
-8.636570, 9.084114, 3.085253
-8.675229, 9.086385, 3.084530
-8.717888, 9.093117, 3.086306
-8.748249, 9.095328, 3.087682
-8.769761, 9.097474, 3.084739
-8.805318, 9.102117, 3.087025
-8.826329, 9.105024, 3.088900
-8.849565, 9.105825, 3.088563
-8.865778, 9.103206, 3.091282
-8.888340, 9.102859, 3.088552
-8.913371, 9.101349, 3.101128
-8.939285, 9.099158, 3.103980
-8.969485, 9.098383, 3.110624
-8.990684, 9.102707, -3.123209
-8.997272, 9.103739, -3.118579
-9.017362, 9.105169, -3.117304
-9.043341, 9.105611, -3.116649
-9.063116, 9.106325, -3.114426
-9.088718, 9.100942, -3.113878
-9.105374, 9.100216, -3.114758
-9.131518, 9.103330, -3.111881
-9.152344, 9.104631, -3.110305
-9.167522, 9.102314, -3.110805
-9.187892, 9.099799, -3.112538
-9.204720, 9.099548, -3.111624
-9.230871, 9.096315, -3.112829
-9.253715, 9.091684, -3.113654
-9.280661, 9.088204, -3.113832
-9.311121, 9.086319, -3.112019
-9.338584, 9.080906, -3.115697
-9.366622, 9.077921, -3.114479
-9.389856, 9.076806, -3.117138
-9.430615, 9.072004, -3.118569
-9.476118, 9.066754, -3.135642
-9.514766, 9.064870, -3.134432
-9.553332, 9.060492, -3.135150
-9.585007, 9.060212, -3.133778
-9.624091, 9.059441, -3.132801
-9.651862, 9.056274, -3.132359
-9.684622, 9.056108, -3.131102
-9.719436, 9.054512, -3.128901
-9.750394, 9.052873, -3.129760
-9.769324, 9.055717, -3.126879
-9.795288, 9.056328, -3.125107
-9.821115, 9.056433, -3.123697
-9.843681, 9.058945, -3.122891
-9.868882, 9.056508, -3.120394
-9.894373, 9.048479, -3.121470
-9.925756, 9.049628, -3.119286
-9.978218, 9.050887, -3.092587
-10.020261, 9.050457, -3.093387
-10.072110, 9.050221, -3.091881
-10.117533, 9.050620, -3.088177
-10.147619, 9.047660, -3.089735
-10.183146, 9.045748, -3.089579
-10.212867, 9.045382, -3.088544
-10.245864, 9.043491, -3.087524
-10.284896, 9.044990, -3.084684
-10.322036, 9.042141, -3.085349
-10.351584, 9.039141, -3.084315
-10.394102, 9.037083, -3.086440
-10.426964, 9.034162, -3.085952
-10.437178, 9.032712, -3.087306
-10.444318, 9.032915, -3.086491
-10.471622, 9.029346, -3.105850
-10.494933, 9.022089, -3.111037
-10.530582, 9.020192, -3.108492
-10.559188, 9.016318, -3.108608
-10.579413, 9.016744, -3.104871
-10.601403, 9.014308, -3.105613
-10.626291, 9.012475, -3.105067
-10.658182, 9.012111, -3.098387
-10.710467, 9.006327, -3.075549
-10.752509, 9.006385, -3.073016
-10.785870, 9.004771, -3.072189
-10.813810, 9.003076, -3.071876
-10.838447, 9.000617, -3.071515
-10.870109, 8.997011, -3.073626
-10.894033, 8.993486, -3.073730
-10.918364, 8.992072, -3.072085
-10.940775, 8.989850, -3.074148
-10.950821, 8.988217, -3.074597
-10.988301, 8.986348, -3.100723
-11.027112, 8.986802, -3.101179
-11.051334, 8.988390, -3.100753
-11.071851, 8.986623, -3.101368
-11.102881, 8.988641, -3.103789
-11.128790, 8.992914, -3.102835
-11.179035, 8.994049, -3.127912
-11.214720, 8.994867, -3.128326
-11.239624, 8.997449, -3.125358
-11.248957, 8.999027, 3.128588
-11.261389, 9.002648, 3.124382
-11.272621, 9.005496, 3.114172
-11.307656, 9.004151, 3.103522
-11.354177, 9.002476, 3.129390
-11.385487, 9.005341, 3.134001
-11.406973, 9.005894, 3.136567
-11.425423, 9.007011, 3.138287
-11.444746, 9.010145, 3.139088
-11.458690, 9.009598, 3.138635
-11.477403, 9.011515, 3.136720
-11.503752, 9.013835, 3.130586
-11.540516, 9.013276, 3.114564
-11.560862, 9.013854, 3.114812
-11.578637, 9.011556, 3.113660
-11.594508, 9.014491, 3.115594
-11.610896, 9.016756, 3.115750
-11.631663, 9.019590, 3.117460
-11.648623, 9.022902, 3.115646
-11.683247, 9.024233, 3.094394
-11.709537, 9.023844, 3.093694
-11.724360, 9.028742, 3.093493
-11.736514, 9.031189, 3.095203
-11.754647, 9.034510, 3.098920
-11.769654, 9.036413, 3.097354
-11.799448, 9.036701, 3.069785
-11.825169, 9.039279, 3.075404
-11.841108, 9.042492, 3.077631
-11.858659, 9.046707, 3.080830
-11.871151, 9.051565, 3.081695
-11.913257, 9.044401, 3.105381
-11.938311, 9.043246, 3.106856
-11.978843, 9.044774, 3.085469
-12.018158, 9.049150, 3.087270
-12.029375, 9.050341, 3.086570
-12.039712, 9.053388, 3.084873
-12.044483, 9.053087, 3.084779
-12.066352, 9.053978, 3.060408
-12.082366, 9.058933, 3.064461
-12.101764, 9.060600, 3.060044
-12.119018, 9.060857, 3.059528
-12.154557, 9.055889, 3.079193
-12.191817, 9.058878, 3.056631
-12.215504, 9.063364, 3.056445
-12.232088, 9.063797, 3.053217
-12.251212, 9.066299, 3.042673
-12.293837, 9.065538, 3.060128
-12.318903, 9.067916, 3.061390
-12.338618, 9.068145, 3.049494
-12.371942, 9.078203, 3.036449
-12.396230, 9.086959, 3.043151
-12.431691, 9.087361, 3.046558
-12.446526, 9.090045, 3.045830
-12.460968, 9.096771, 3.042802
-12.476628, 9.101668, 3.046196
-12.502459, 9.095715, 3.047498
-12.517844, 9.099119, 3.028574
-12.535667, 9.107691, 3.022416
-12.562019, 9.112468, 3.034990
-12.575905, 9.125348, 3.025420
-12.583811, 9.138018, 3.026640
-12.607221, 9.161695, 3.022054
-12.634494, 9.178733, 3.061883
-12.653077, 9.201201, 3.072560
-12.677708, 9.217854, 3.090856
-12.694148, 9.241699, 3.103159
-12.714882, 9.256560, 3.104156
-12.734067, 9.266245, -3.131055
-12.762439, 9.259340, -3.107552
-12.772430, 9.253397, -3.106876
-12.799626, 9.248533, -3.095940
-12.905050, 9.187056, -3.072107
-12.981421, 9.118970, -3.045890
-13.029377, 9.088541, -3.010215
-13.051281, 9.063202, -2.995967
-13.069589, 9.039891, -2.994057
-13.087341, 9.021151, -2.991724
-13.114074, 9.010381, -2.992570
-13.137998, 8.998059, -2.993156
-13.158569, 8.984416, -2.992055
-13.189077, 8.977436, -2.998688
-13.244170, 8.970220, -2.982871
-13.271174, 8.958082, -2.980756
-13.295667, 8.940207, -2.975733
-13.325286, 8.927475, -2.968474
-13.335708, 8.917174, -2.965740
-13.365976, 8.907174, -2.954996
-13.391931, 8.894489, -2.916071
-13.424354, 8.886279, -2.898653
-13.449209, 8.881335, -2.884482
-13.472578, 8.867733, -2.867654
-13.508386, 8.848880, -2.844197
-13.529401, 8.827072, -2.823579
-13.557802, 8.809412, -2.794593
-13.587115, 8.793124, -2.779088
-13.609847, 8.779583, -2.762894
-13.626720, 8.763047, -2.754397
-13.657263, 8.736310, -2.716658
-13.692179, 8.714252, -2.699684
-13.711645, 8.698973, -2.683620
-13.722098, 8.689900, -2.668621
-13.740748, 8.677662, -2.659940
-13.764560, 8.662529, -2.637244
-13.786328, 8.643828, -2.622656
-13.808458, 8.617871, -2.596683
-13.836187, 8.592245, -2.583802
-13.851952, 8.577141, -2.575268
-13.868711, 8.564690, -2.553329
-13.878287, 8.551511, -2.533249
-13.902973, 8.518994, -2.496877
-13.925662, 8.494763, -2.486003
-13.934039, 8.481825, -2.475067
-13.942543, 8.464803, -2.446103
-13.940273, 8.456610, -2.438232
-13.969385, 8.430041, -2.402546
-13.984908, 8.408990, -2.390926
-13.993861, 8.393495, -2.383177
-14.013877, 8.376842, -2.357627
-14.026525, 8.344439, -2.314092
-14.031387, 8.323903, -2.307269
-14.032805, 8.305045, -2.300167
-14.053574, 8.277055, -2.270293
-14.072411, 8.253659, -2.253838
-14.087243, 8.227658, -2.212225
-14.095719, 8.197758, -2.204618
-14.099086, 8.172654, -2.197360
-14.095475, 8.158081, -2.197722
-14.107422, 8.133418, -2.170110
-14.120031, 8.103696, -2.141697
-14.141088, 8.079483, -2.118382
-14.145638, 8.053826, -2.101920
-14.139473, 8.028340, -2.090480
-14.142727, 8.003785, -2.082263
-14.156133, 7.970822, -2.049151
-14.158136, 7.947875, -2.043880
-14.172312, 7.928854, -2.020114
-14.166899, 7.911442, -2.003266
-14.181934, 7.885183, -1.970233
-14.188980, 7.854342, -1.958123
-14.174302, 7.839957, -1.960347
-14.183399, 7.805549, -1.932801
-14.198111, 7.773128, -1.900752
-14.185910, 7.729374, -1.887733
-14.191979, 7.702956, -1.867087
-14.197116, 7.676994, -1.861168
-14.190228, 7.664136, -1.857032
-14.197131, 7.629441, -1.825997
-14.201093, 7.599538, -1.800607
-14.190746, 7.589121, -1.802945
-14.186985, 7.566298, -1.797536
-14.188771, 7.543819, -1.797353
-14.182526, 7.532864, -1.788294
-14.187244, 7.511307, -1.757981
-14.195778, 7.470023, -1.732362
-14.202893, 7.434490, -1.724525
-14.215159, 7.406834, -1.700922
-14.199598, 7.392385, -1.704253
-14.190963, 7.374271, -1.696896
-14.192505, 7.347338, -1.653281
-14.190053, 7.328828, -1.644840
-14.189961, 7.301034, -1.638134
-14.199757, 7.304905, -1.631833
-14.164515, 7.277916, -1.624036
-14.163026, 7.256050, -1.596327
-14.175332, 7.239597, -1.571755
-14.167105, 7.234614, -1.576633
-14.164338, 7.227524, -1.570654
-14.134758, 7.213660, -1.554627
-14.133049, 7.188676, -1.544294
-14.120422, 7.154878, -1.542368
-14.132677, 7.117291, -1.522050
-14.139423, 7.078586, -1.518025
-14.139581, 7.047524, -1.517215
-14.141767, 7.021096, -1.516635
-14.139272, 6.992844, -1.513984
-14.134587, 6.973765, -1.512128
-14.125466, 6.941594, -1.517569
-14.128634, 6.908043, -1.514678
-14.128784, 6.874658, -1.521077
-14.123130, 6.840361, -1.519614
-14.106283, 6.801249, -1.515589
-14.105470, 6.775602, -1.520721
-14.102860, 6.755402, -1.519773
-14.104060, 6.736051, -1.508777
-14.103569, 6.717313, -1.504381
-14.098791, 6.688730, -1.513011
-14.116251, 6.669936, -1.501849
-14.093182, 6.639821, -1.516564
-14.079835, 6.615513, -1.520346
-14.080130, 6.600142, -1.514989
-14.082824, 6.594418, -1.515295
-14.074760, 6.570383, -1.517984
-14.062116, 6.552946, -1.504649
-14.064579, 6.530833, -1.502631
-14.050913, 6.502124, -1.509309
-14.046487, 6.479383, -1.505359
-14.045390, 6.458147, -1.505334
-14.052167, 6.435125, -1.502401
-14.058833, 6.407412, -1.495366
-14.057324, 6.373281, -1.497806
-14.068461, 6.343247, -1.492314
-14.062858, 6.317116, -1.494474
-14.045833, 6.286320, -1.487238
-14.037945, 6.264593, -1.490640
-14.039552, 6.239199, -1.487334
-14.039630, 6.223640, -1.487473
-14.044624, 6.205170, -1.481611
-14.046695, 6.185277, -1.481049
-14.021376, 6.146613, -1.477476
-14.015717, 6.114879, -1.483436
-14.012779, 6.093710, -1.477884
-14.015244, 6.069371, -1.484453
-14.013341, 6.044980, -1.486125
-14.020321, 6.011331, -1.494574
-14.018159, 5.980769, -1.494748
-14.016286, 5.948716, -1.494180
-14.020291, 5.921390, -1.492548
-14.029721, 5.898020, -1.499506
-14.032476, 5.883699, -1.497178
-14.034196, 5.876227, -1.500110
-14.033449, 5.866511, -1.501379
-14.021941, 5.846972, -1.535001
-14.026710, 5.826672, -1.538142
-14.028127, 5.804443, -1.542936
-13.997562, 5.765485, -1.539401
-13.986192, 5.745770, -1.541529
-13.990153, 5.722028, -1.546555
-13.999893, 5.692559, -1.549870
-14.009219, 5.673281, -1.555531
-14.012614, 5.652041, -1.552217
-14.007266, 5.603384, -1.561053
-14.008024, 5.579253, -1.562902
-14.010969, 5.559901, -1.562785
-14.001304, 5.532639, -1.553310
-14.005461, 5.502149, -1.571929
-14.015350, 5.478450, -1.571922
-14.011874, 5.448802, -1.556932
-14.015065, 5.421960, -1.567360
-14.013017, 5.384909, -1.571754
-14.013779, 5.362475, -1.576950
-14.013202, 5.335897, -1.559807
-14.015412, 5.306575, -1.589740
-14.015482, 5.278996, -1.576935
-14.016092, 5.262454, -1.567928
-14.011802, 5.240484, -1.561561
-14.009880, 5.211112, -1.591891
-14.012564, 5.188890, -1.589639
-14.012195, 5.160691, -1.574191
-14.014201, 5.142506, -1.580045
-14.009237, 5.117953, -1.585290
-14.011864, 5.092638, -1.586544
-14.015752, 5.069173, -1.581191
-14.014144, 5.035685, -1.590703
-14.015145, 5.005956, -1.587074
-14.016529, 4.975309, -1.574639
-14.013253, 4.951562, -1.577028
-14.007281, 4.923378, -1.592111
-14.009891, 4.889011, -1.587587
-14.009322, 4.864441, -1.586399
-14.010140, 4.839167, -1.584850
-14.003640, 4.814249, -1.578991
-14.000221, 4.788046, -1.580925
-14.000571, 4.756337, -1.586799
-14.001207, 4.727691, -1.588966
-14.004502, 4.702049, -1.587624
-14.005078, 4.679761, -1.584750
-14.005749, 4.657871, -1.586667
-14.004533, 4.632408, -1.591115
-14.009526, 4.604026, -1.617784
-14.009153, 4.580977, -1.598511
-14.013552, 4.558649, -1.619942
-14.017670, 4.538536, -1.629160
-14.021605, 4.516382, -1.626909
-14.024002, 4.491440, -1.627358
-14.022198, 4.466960, -1.636424
-14.021545, 4.444151, -1.639819
-14.025382, 4.414501, -1.648662
-14.029247, 4.389866, -1.642130
-14.036243, 4.363680, -1.636601
-14.038943, 4.338797, -1.640053
-14.038602, 4.313495, -1.649267
-14.045691, 4.292741, -1.639067
-14.049999, 4.268629, -1.642299
-14.055769, 4.243689, -1.637688
-14.063874, 4.215647, -1.635966
-14.072567, 4.184633, -1.627012
-14.073224, 4.156404, -1.625394
-14.070009, 4.133053, -1.621948
-14.081346, 4.104997, -1.601304
-14.087856, 4.072366, -1.598507
-14.075508, 4.036568, -1.590987
-14.066534, 4.010529, -1.585212
-14.061915, 3.985362, -1.577947
-14.059274, 3.957257, -1.580982
-14.051744, 3.921882, -1.568444
-14.052781, 3.883011, -1.566911
-14.041577, 3.854739, -1.566778
-14.038830, 3.826482, -1.564956
-14.038290, 3.802261, -1.563554
-14.039986, 3.771607, -1.563250
-14.034055, 3.741927, -1.562336
-14.045261, 3.705834, -1.551230
-14.055089, 3.670738, -1.546889
-14.058505, 3.644649, -1.541610
-14.062378, 3.612282, -1.536615
-14.059058, 3.589047, -1.534799
-14.062645, 3.553050, -1.529446
-14.058648, 3.516980, -1.529993
-14.050959, 3.491768, -1.532360
-14.043872, 3.456706, -1.530803
-14.044987, 3.425139, -1.524926
-14.049148, 3.394616, -1.524711
-14.050272, 3.358580, -1.522277
-14.038943, 3.315763, -1.518515
-14.036758, 3.279561, -1.515194
-14.015292, 3.242316, -1.519754
-14.020222, 3.207521, -1.513378
-14.012618, 3.181006, -1.516365
-14.021438, 3.143323, -1.514075
-14.044521, 3.097651, -1.499113
-14.044846, 3.054841, -1.498398
-14.051083, 2.999751, -1.510580
-14.060238, 2.951442, -1.513503
-14.065880, 2.904102, -1.514469
-14.066617, 2.863873, -1.515500
-14.065357, 2.825414, -1.517792
-14.067877, 2.802747, -1.520695
-14.067476, 2.775053, -1.523319
-14.080021, 2.721583, -1.537142
-14.098164, 2.685852, -1.535119
-14.105956, 2.659784, -1.530927
-14.084225, 2.633108, -1.545672
-14.073144, 2.609242, -1.547368
-14.077234, 2.583840, -1.545078
-14.091604, 2.555438, -1.536941
-14.094637, 2.495948, -1.556725
-14.099758, 2.455418, -1.553286
-14.108272, 2.421040, -1.548373
-14.114814, 2.397662, -1.545884
-14.089998, 2.361401, -1.556401
-14.075405, 2.327776, -1.560537
-14.063176, 2.295144, -1.563361
-14.083097, 2.276851, -1.551990
-14.070198, 2.248066, -1.558752
-14.082153, 2.190386, -1.568597
-14.079756, 2.143455, -1.570285
-14.078148, 2.102413, -1.569630
-14.079022, 2.074472, -1.571580
-14.075856, 2.052841, -1.571291
-14.072354, 2.027906, -1.574794
-14.072014, 1.997117, -1.583627
-14.081908, 1.951173, -1.584429
-14.091972, 1.918069, -1.577679
-14.094112, 1.890076, -1.574239
-14.095754, 1.866426, -1.575443
-14.101325, 1.833307, -1.578788
-14.105425, 1.801220, -1.576046
-14.094062, 1.775347, -1.600711
-14.089741, 1.747494, -1.599893
-14.090892, 1.729203, -1.599972
-14.091576, 1.700869, -1.602667
-14.089790, 1.683168, -1.601286
-14.090955, 1.634561, -1.607475
-14.098341, 1.605951, -1.602020
-14.106084, 1.584331, -1.597437
-14.104332, 1.563597, -1.597276
-14.104496, 1.534359, -1.600604
-14.112281, 1.497680, -1.602018
-14.116817, 1.473285, -1.601400
-14.118231, 1.442629, -1.603244
-14.115856, 1.414727, -1.606915
-14.127915, 1.374340, -1.612256
-14.130818, 1.341610, -1.606710
-14.132057, 1.308252, -1.606246
-14.130844, 1.286024, -1.606668
-14.134695, 1.244468, -1.605408
-14.135342, 1.212476, -1.604991
-14.141090, 1.183805, -1.601833
-14.140245, 1.155579, -1.601863
-14.147905, 1.117368, -1.604855
-14.145446, 1.087634, -1.603316
-14.147942, 1.067687, -1.602845
-14.148824, 1.042473, -1.606851
-14.150445, 1.018643, -1.607250
-14.151552, 0.997810, -1.604459
-14.154058, 0.977478, -1.609868
-14.153240, 0.953329, -1.609701
-14.161406, 0.929861, -1.610905
-14.155393, 0.910182, -1.616604
-14.161952, 0.900104, -1.615454
-14.161766, 0.877970, -1.617888
-14.156635, 0.853269, -1.622662
-14.154667, 0.829541, -1.625638
-14.155603, 0.811701, -1.627041
-14.151827, 0.782207, -1.631153
-14.164963, 0.753141, -1.626152
-14.163386, 0.732410, -1.630966
-14.161956, 0.702169, -1.636015
-14.168047, 0.665292, -1.628352
-14.179065, 0.628543, -1.620674
-14.184955, 0.590142, -1.605900
-14.185785, 0.542197, -1.593375
-14.181381, 0.532336, -1.587597
-14.180275, 0.521720, -1.587428
-14.186164, 0.513811, -1.565034
-14.175301, 0.496042, -1.552577
-14.174565, 0.458510, -1.535018
-14.163564, 0.429115, -1.523310
-14.156227, 0.402459, -1.496690
-14.145406, 0.378874, -1.486516
-14.148077, 0.346511, -1.451008
-14.137689, 0.322200, -1.443977
-14.124816, 0.303197, -1.434505
-14.119620, 0.285456, -1.415294
-14.107911, 0.261874, -1.386388
-14.098784, 0.236277, -1.362938
-14.089859, 0.213800, -1.348092
-14.063779, 0.195262, -1.325786
-14.044574, 0.167253, -1.293178
-14.029923, 0.145037, -1.282690
-14.012347, 0.124432, -1.259802
-13.994807, 0.092198, -1.223475
-13.978850, 0.074080, -1.214692
-13.958035, 0.048531, -1.188408
-13.930224, 0.021669, -1.159249
-13.915912, -0.004021, -1.147847
-13.896053, -0.028308, -1.118511
-13.868434, -0.052574, -1.095769
-13.856465, -0.069697, -1.077621
-13.839613, -0.089257, -1.046379
-13.812746, -0.114972, -1.017956
-13.789395, -0.133324, -1.008999
-13.769336, -0.151615, -0.976941
-13.750741, -0.166232, -0.968186
-13.721069, -0.175634, -0.948972
-13.709177, -0.185868, -0.939693
-13.686077, -0.197139, -0.918077
-13.673058, -0.220989, -0.878194
-13.653790, -0.241398, -0.865835
-13.620428, -0.254966, -0.846965
-13.584678, -0.276491, -0.814114
-13.566287, -0.291619, -0.794479
-13.551337, -0.299910, -0.769863
-13.511740, -0.315047, -0.746370
-13.483181, -0.327420, -0.731794
-13.464558, -0.338983, -0.701829
-13.447730, -0.346912, -0.671978
-13.428305, -0.357821, -0.658539
-13.395095, -0.365736, -0.633860
-13.363089, -0.377570, -0.597197
-13.336350, -0.386744, -0.568134
-13.293725, -0.386183, -0.542580
-13.271047, -0.398387, -0.521171
-13.251903, -0.407068, -0.507773
-13.215298, -0.394881, -0.493394
-13.203338, -0.402003, -0.455340
-13.178293, -0.410060, -0.440131
-13.150957, -0.413499, -0.414102
-13.121644, -0.414967, -0.399665
-13.099063, -0.420936, -0.376259
-13.080990, -0.416683, -0.371852
-13.074494, -0.415742, -0.345757
-13.009791, -0.429114, -0.314846
-12.967736, -0.428781, -0.304498
-12.913901, -0.427126, -0.284316
-12.868970, -0.430753, -0.259479
-12.825827, -0.434806, -0.243901
-12.770233, -0.441750, -0.221496
-12.718006, -0.448120, -0.197466
-12.670557, -0.449948, -0.185644
-12.652115, -0.452043, -0.171431
-12.592934, -0.454531, -0.144674
-12.589208, -0.460539, -0.131485
-12.574488, -0.461254, -0.109023
-12.552614, -0.459621, -0.089400
-12.530632, -0.459656, -0.078395
-12.512370, -0.461551, -0.066135
-12.496863, -0.458021, -0.056041
-12.485932, -0.452627, -0.054691
-12.464996, -0.452722, -0.036181
-12.428784, -0.446179, -0.034476
-12.403498, -0.434419, -0.016132
-12.384368, -0.425591, -0.005430
-12.359232, -0.424284, 0.004496
-12.343045, -0.424308, 0.009271
-12.330067, -0.421184, 0.014746
-12.321704, -0.413808, 0.025371
-12.294496, -0.414583, 0.040667
-12.264759, -0.418429, 0.053760
-12.234754, -0.417174, 0.065594
-12.206960, -0.415722, 0.086923
-12.190898, -0.416363, 0.093630
-12.160339, -0.399521, 0.095115
-12.126186, -0.388825, 0.116384
-12.103235, -0.383843, 0.119382
-12.088846, -0.376325, 0.123415
-12.066512, -0.370870, 0.126919
-12.053750, -0.366222, 0.130786
-12.021646, -0.357489, 0.123545
-11.993129, -0.349076, 0.126544
-11.957043, -0.343187, 0.122710
-11.935671, -0.338331, 0.127445
-11.898454, -0.331186, 0.128236
-11.862556, -0.325680, 0.136572
-11.805417, -0.314897, 0.124244
-11.752754, -0.306469, 0.128498
-11.710355, -0.298854, 0.137010
-11.680745, -0.291562, 0.135397
-11.642107, -0.283356, 0.137073
-11.604822, -0.277920, 0.132038
-11.573732, -0.273255, 0.122941
-11.539492, -0.276609, 0.108204
-11.510576, -0.279955, 0.089256
-11.478309, -0.280698, 0.080518
-11.463974, -0.283885, 0.069958
-11.435477, -0.290370, 0.042554
-11.419875, -0.292538, 0.033281
-11.399219, -0.296052, 0.013881
-11.385741, -0.301997, 0.001268
-11.353483, -0.306314, 0.001408
-11.327266, -0.307232, -0.004389
-11.298510, -0.315804, -0.002076
-11.264688, -0.319152, -0.002505
-11.267445, -0.321246, -0.005407
-11.265737, -0.325542, -0.007126
-11.234288, -0.331862, -0.005896
-11.205603, -0.331737, -0.008575
-11.140578, -0.331792, -0.011217
-11.099918, -0.331901, -0.010873
-11.065227, -0.331820, -0.014165
-11.005913, -0.331718, -0.014633
-10.955396, -0.332555, -0.016905
-10.929076, -0.334269, -0.016553
-10.900726, -0.338654, -0.019041
-10.867779, -0.341171, -0.021287
-10.848440, -0.341263, -0.021528
-10.841196, -0.343605, -0.019504
-10.814320, -0.342309, -0.024239
-10.800910, -0.345315, -0.023488
-10.773254, -0.339694, -0.028325
-10.777014, -0.340300, -0.028363
-10.756368, -0.342858, -0.029083
-10.741994, -0.344024, -0.029825
-10.708101, -0.345091, -0.032605
-10.680717, -0.345915, -0.032025
-10.659554, -0.348161, -0.034948
-10.635952, -0.354231, -0.033271
-10.613760, -0.357035, -0.034412
-10.629165, -0.356253, -0.038084
-10.600282, -0.357744, -0.035704
-10.582271, -0.362855, -0.029423
-10.555626, -0.365957, -0.029231
-10.527367, -0.367046, -0.030389
-10.509689, -0.369161, -0.039068
-10.494382, -0.370681, -0.037339
-10.484650, -0.370080, -0.039568
-10.446200, -0.372354, -0.037838
-10.417907, -0.373851, -0.038731
-10.396883, -0.376937, -0.030499
-10.346406, -0.377542, -0.039068
-10.307335, -0.379868, -0.045015
-10.293958, -0.381379, -0.051491
-10.254137, -0.382213, -0.046237
-10.226138, -0.383977, -0.046058
-10.159573, -0.387158, -0.048600
-10.143797, -0.390920, -0.047043
-10.139745, -0.392863, -0.047009
-10.118488, -0.393315, -0.043439
-10.102360, -0.400602, -0.051527
-10.076355, -0.400096, -0.053943
-10.061938, -0.398166, -0.053077
-10.036809, -0.398352, -0.052185
-10.011813, -0.397375, -0.051920
-9.956738, -0.398047, -0.065306
-9.892057, -0.400805, -0.062628
-9.868387, -0.402963, -0.064101
-9.815822, -0.402523, -0.064765
-9.855194, -0.404995, -0.065920
-9.789382, -0.408888, -0.066322
-9.756779, -0.411489, -0.071904
-9.741411, -0.411704, -0.072453
-9.690234, -0.413493, -0.074683
-9.675374, -0.418325, -0.074144
-9.672248, -0.421073, -0.075209
-9.654168, -0.419756, -0.074812
-9.608357, -0.420269, -0.077379
-9.572923, -0.423658, -0.078009
-9.571374, -0.427207, -0.068220
-9.502729, -0.430040, -0.064045
-9.452265, -0.431724, -0.057977
-9.460016, -0.429281, -0.047780
-9.393545, -0.429378, -0.042486
-9.375736, -0.424754, -0.028592
-9.300951, -0.425325, -0.026960
-9.265007, -0.424328, -0.029365
-9.248992, -0.426266, -0.023786
-9.215779, -0.423344, -0.020406
-9.185501, -0.423479, -0.019788
-9.180572, -0.425237, -0.020051
-9.117687, -0.427205, -0.015816
-9.079195, -0.432068, -0.015201
-9.024057, -0.437105, -0.011634
-9.046246, -0.435533, -0.013536
-8.987699, -0.433710, -0.012567
-8.972991, -0.432847, -0.012249
-8.963542, -0.430630, -0.012113
-8.977185, -0.433478, -0.011184
-8.937420, -0.432619, -0.012395
-8.910705, -0.428496, -0.007789
-8.827344, -0.429629, -0.005659
-8.758041, -0.431740, -0.004414
-8.734649, -0.435556, -0.001055
-8.689864, -0.433195, -0.001086
-8.659916, -0.434905, -0.000230
-8.706910, -0.435434, 0.002333
-8.684967, -0.434751, 0.007268
-8.602835, -0.436750, 0.009205
-8.588244, -0.436334, 0.006313
-8.518985, -0.436512, 0.010869
-8.452320, -0.433455, 0.011300
-8.359409, -0.430881, 0.011285
-8.365479, -0.428351, 0.018161
-8.357502, -0.430078, 0.018230
-8.332376, -0.428926, 0.015172
-8.277698, -0.425823, 0.016473
-8.199483, -0.428060, 0.015302
-8.176478, -0.428541, 0.017120
-8.166730, -0.428645, 0.017726
-8.132181, -0.430097, 0.019955
-8.101422, -0.427407, 0.017388
-8.080591, -0.426043, 0.017752
-7.993095, -0.428304, 0.020223
-7.978401, -0.430763, 0.019536
-7.947813, -0.434353, 0.023726
-7.898631, -0.436068, 0.028500
-7.926187, -0.437350, 0.034092
-7.872252, -0.435025, 0.033828
-7.794189, -0.432194, 0.033754
-7.738096, -0.429177, 0.034148
-7.675282, -0.427348, 0.032506
-7.653244, -0.425131, 0.031917
-7.615813, -0.424404, 0.032049
-7.548197, -0.421679, 0.031135
-7.507151, -0.420442, 0.036461
-7.465862, -0.417916, 0.024866
-7.423395, -0.416630, 0.039934
-7.389850, -0.415114, 0.034678
-7.338276, -0.414774, 0.030013
-7.303938, -0.415093, 0.034780
-7.258500, -0.414322, 0.033330
-7.224050, -0.414340, 0.032507
-7.183372, -0.411610, 0.028603
-7.170866, -0.412698, 0.029817
-7.159429, -0.412806, 0.030270
-7.126928, -0.415371, 0.033354
-7.083897, -0.413053, 0.027928
-7.116394, -0.413748, 0.026751
-7.122310, -0.417084, 0.026864
-7.074498, -0.419046, 0.031662
-7.062415, -0.420552, 0.031101
-7.078855, -0.418595, 0.031356
-7.049126, -0.420160, 0.031345
-7.011064, -0.416812, 0.029875
-6.973757, -0.413799, 0.028226
-6.928091, -0.418214, 0.037742
-6.874977, -0.420711, 0.035988
-6.870464, -0.422107, 0.037887
-6.886214, -0.417627, 0.029708
-6.822152, -0.420362, 0.035955
-6.825589, -0.413842, 0.028359
-6.814921, -0.410349, 0.028230
-6.747702, -0.407947, 0.028878
-6.754370, -0.404556, 0.026391
-6.741214, -0.402726, 0.026655
-6.774083, -0.403077, 0.026143
-6.793803, -0.411530, 0.033887
-6.742707, -0.418048, 0.036017
-6.740993, -0.419392, 0.036615
-6.704568, -0.417572, 0.035003
-6.694452, -0.410581, 0.031272
-6.770647, -0.407953, 0.030407
-6.688423, -0.408732, 0.028836
-6.611229, -0.413173, 0.033801
-6.566855, -0.414336, 0.034678
-6.552462, -0.410722, 0.039206
-6.553453, -0.408753, 0.039020
-6.488668, -0.408721, 0.038898
-6.490370, -0.405849, 0.034184
-6.443373, -0.407105, 0.038697
-6.417847, -0.404272, 0.032002
-6.418454, -0.404087, 0.031787
-6.407985, -0.401322, 0.026571
-6.393157, -0.401725, 0.025980
-6.411648, -0.398428, 0.020119
-6.367738, -0.396476, 0.018820
-6.304205, -0.400670, 0.026139
-6.313974, -0.404525, 0.024321
-6.316760, -0.400398, 0.017432
-6.374937, -0.397014, 0.017158
-6.308361, -0.394688, 0.016716
-6.286049, -0.395667, 0.014898
-6.243668, -0.394603, 0.014714
-6.306319, -0.396183, 0.015528
-6.268405, -0.400610, 0.015066
-6.279126, -0.399871, 0.013520
-6.320193, -0.403801, 0.014904
-6.331261, -0.412151, 0.015189
-6.357678, -0.411585, 0.014422
-6.316443, -0.415494, 0.015557
-6.371142, -0.416546, 0.016995
-6.409643, -0.416100, 0.019741
-6.390986, -0.415736, 0.021899
-6.428935, -0.417068, 0.016355
-6.415602, -0.417903, 0.019670
-6.407393, -0.419466, 0.020288
-6.248403, -0.419323, 0.016994
-6.205411, -0.419320, 0.021710
-6.177797, -0.415567, 0.018095
-6.078452, -0.417220, 0.020206
-6.036543, -0.417141, 0.016890
-6.029163, -0.420076, 0.018689
-5.951525, -0.423924, 0.017961
-5.863273, -0.418267, -0.000192
-5.863653, -0.418049, 0.005073
-5.805853, -0.420320, 0.006423
-5.778960, -0.419667, 0.004028
-5.729278, -0.415238, 0.004097
-5.705762, -0.410134, 0.004416
-5.630542, -0.412809, 0.011594
-5.598635, -0.408117, 0.004019
-5.615955, -0.408954, 0.003692
-5.572900, -0.404519, 0.001666
-5.506580, -0.404570, 0.000523
-5.486434, -0.406373, -0.000037
-5.400460, -0.402806, -0.001255
-5.282539, -0.406106, -0.001501
-5.261293, -0.404657, -0.001484
-5.287360, -0.402714, -0.002747
-5.235446, -0.399960, -0.002868
-5.191108, -0.403291, -0.002393
-5.204264, -0.405160, -0.002428
-5.166656, -0.407771, -0.001730
-5.152288, -0.412465, -0.000469
-5.079427, -0.409016, -0.002133
-5.080711, -0.410591, -0.002918
-5.033460, -0.415676, -0.002698
-4.982698, -0.421024, -0.002378
-4.957856, -0.420227, -0.001017
-4.932848, -0.421988, -0.000748
-4.883326, -0.424550, -0.003097
-4.857949, -0.426991, -0.001029
-4.810751, -0.426806, -0.003178
-4.793854, -0.425050, 0.001340
-4.780871, -0.429193, 0.007331
-4.745407, -0.429106, 0.000067
-4.724678, -0.429624, 0.011015
-4.714001, -0.428185, 0.006870
-4.688942, -0.427645, 0.005487
-4.657378, -0.429496, 0.013712
-4.633648, -0.428279, 0.010782
-4.581030, -0.429282, 0.008999
-4.539501, -0.431971, 0.010331
-4.520932, -0.435204, 0.004244
-4.532347, -0.436405, 0.004046
-4.528635, -0.438853, 0.005251
-4.514175, -0.438778, -0.007388
-4.465201, -0.439547, -0.009043
-4.458685, -0.441777, -0.011271
-4.414240, -0.443821, -0.011066
-4.429426, -0.444085, -0.010444
-4.420407, -0.443313, -0.012706
-4.373975, -0.446392, -0.011049
-4.364174, -0.448364, -0.011178
-4.338581, -0.451496, -0.011148
-4.291265, -0.449512, -0.014480
-4.265643, -0.451405, -0.015506
-4.243808, -0.454665, -0.015407
-4.232148, -0.455335, -0.013165
-4.196889, -0.454945, -0.009998
-4.200905, -0.454312, -0.012005
-4.161653, -0.456166, -0.009310
-4.114612, -0.457829, -0.014094
-4.100782, -0.459060, -0.010980
-4.082607, -0.461949, -0.014044
-4.043691, -0.466071, -0.011339
-4.022550, -0.466637, -0.011259
-3.973576, -0.464736, -0.012843
-3.953361, -0.467845, -0.013126
-3.895840, -0.469133, -0.012640
-3.839528, -0.472886, -0.010206
-3.818546, -0.471354, -0.011382
-3.827744, -0.469986, -0.012970
-3.826639, -0.462174, -0.025255
-3.809329, -0.460143, -0.027124
-3.794385, -0.460775, -0.025280
-3.771815, -0.464461, -0.025570
-3.789840, -0.467334, -0.025009
-3.763624, -0.470999, -0.024327
-3.731831, -0.471106, -0.023582
-3.686939, -0.473499, -0.024025
-3.688319, -0.477048, -0.021995
-3.661632, -0.481247, -0.021224
-3.631544, -0.482930, -0.019582
-3.678646, -0.482414, -0.020482
-3.639005, -0.484540, -0.020108
-3.628071, -0.483248, -0.022280
-3.641621, -0.489041, -0.021243
-3.571043, -0.488944, -0.021258
-3.532234, -0.489289, -0.021274
-3.559875, -0.489806, -0.019122
-3.534605, -0.492963, -0.020295
-3.510106, -0.489963, -0.016921
-3.469233, -0.487734, -0.014475
-3.463090, -0.487318, -0.013305
-3.452369, -0.486275, -0.011167
-3.399318, -0.483827, -0.010957
-3.317583, -0.483997, -0.009566
-3.295226, -0.485602, -0.009380
-3.317489, -0.492598, -0.006738
-3.303985, -0.489899, -0.006642
-3.335778, -0.490064, -0.007588
-3.276491, -0.488980, -0.009310
-3.273892, -0.483941, -0.009877
-3.238870, -0.482249, -0.013357
-3.188467, -0.484233, -0.010098
-3.196370, -0.480306, -0.010679
-3.176682, -0.480645, -0.010232
-3.144793, -0.480012, -0.012846
-3.134966, -0.479122, -0.013648
-3.104875, -0.480053, -0.012984
-3.000445, -0.481281, -0.009165
-2.923941, -0.479110, -0.011900
-2.821222, -0.481602, -0.011864
-2.705932, -0.478962, -0.014062
-2.672977, -0.476612, -0.014405
-2.648853, -0.477593, -0.012998
-2.608289, -0.480259, -0.013307
-2.544790, -0.482819, -0.011217
-2.562829, -0.484202, -0.013435
-2.475775, -0.487755, -0.009415
-2.428096, -0.492238, -0.008235
-2.425089, -0.497359, -0.004116
-2.402357, -0.498244, -0.001266
-2.317174, -0.496164, 0.000279
-2.292820, -0.497469, 0.002020
-2.229373, -0.494611, -0.000658
-2.224618, -0.498157, 0.002711
-2.211558, -0.497933, -0.000240
-2.199749, -0.498709, 0.002710
-2.190116, -0.494533, 0.000363
-2.158438, -0.495244, 0.004793
-2.206163, -0.489889, 0.007235
-2.200688, -0.489421, 0.007810
-2.213892, -0.489748, 0.009327
-2.169365, -0.491696, 0.006066
-2.176343, -0.492307, 0.009192
-2.105201, -0.491937, 0.010238
-2.028323, -0.489126, -0.003553
