-0.528351, 0.002629, -0.004387, 0.006134, 0.999998
-0.528360, 0.002630, -0.004394, 0.006267, 0.999998
-0.528350, 0.002637, -0.004475, 0.005699, 0.999997
-0.528350, 0.002640, -0.004469, 0.005624, 0.999998
-0.528360, 0.002637, -0.004433, 0.005772, 0.999998
-0.528356, 0.002645, -0.004466, 0.006056, 0.999998
-0.528363, 0.002640, -0.004421, 0.006292, 0.999998
-0.528371, 0.002641, -0.004432, 0.005761, 0.999998
-0.528378, 0.002644, -0.004452, 0.005862, 0.999998
-0.528364, 0.002644, -0.004451, 0.006012, 0.999998
-0.528360, 0.002645, -0.004439, 0.006267, 0.999998
-0.528391, 0.002649, -0.004473, 0.005822, 0.999997
-0.528381, 0.002655, -0.004548, 0.005588, 0.999997
-0.528378, 0.002652, -0.004506, 0.005408, 0.999997
-0.528389, 0.002655, -0.004503, 0.005612, 0.999997
-0.528390, 0.002662, -0.004546, 0.005865, 0.999997
-0.528379, 0.002663, -0.004542, 0.005980, 0.999997
-0.528404, 0.002659, -0.004492, 0.006202, 0.999997
-0.528396, 0.002665, -0.004565, 0.005747, 0.999997
-0.528397, 0.002662, -0.004527, 0.005679, 0.999997
-0.528398, 0.002664, -0.004524, 0.005864, 0.999997
-0.528402, 0.002672, -0.004561, 0.006027, 0.999997
-0.528400, 0.002673, -0.004569, 0.005355, 0.999997
-0.528405, 0.002677, -0.004605, 0.005669, 0.999997
-0.528404, 0.002674, -0.004567, 0.005642, 0.999997
-0.528410, 0.002682, -0.004601, 0.005729, 0.999997
-0.528418, 0.002678, -0.004591, 0.005372, 0.999997
-0.528415, 0.002680, -0.004600, 0.005384, 0.999997
-0.528405, 0.002687, -0.004631, 0.005625, 0.999997
-0.528419, 0.002689, -0.004628, 0.005629, 0.999997
-0.528416, 0.002688, -0.004629, 0.005308, 0.999997
-0.528414, 0.002695, -0.004658, 0.005434, 0.999997
-0.528430, 0.002692, -0.004624, 0.005695, 0.999997
-0.528422, 0.002698, -0.004669, 0.005661, 0.999997
-0.528423, 0.002700, -0.004686, 0.005261, 0.999997
-0.527261, 0.002693, -0.004755, 0.116327, 0.999997
-0.490477, 0.002516, -0.004866, 0.847190, 0.999997
-0.448950, 0.002310, -0.004922, 0.996112, 0.999997
-0.402289, 0.002071, -0.005325, 0.992406, 0.999996
-0.364102, 0.001830, -0.005437, 0.738056, 0.999996
-0.332280, 0.001657, -0.005520, 0.905767, 0.999996
-0.286147, 0.001411, -0.005378, 1.003798, 0.999996
-0.203050, 0.001063, -0.005135, 1.004730, 0.999997
-0.159473, 0.000844, -0.005134, 1.012336, 0.999997
-0.111349, 0.000594, -0.005268, 0.995906, 0.999997
-0.072261, 0.000405, -0.005479, 0.871573, 0.999996
-0.041854, 0.000239, -0.002339, 0.744594, 0.999999
-0.005450, 0.000458, 0.014847, 0.941004, 0.999972
0.040947, 0.001765, 0.043530, 1.018165, 0.999763
0.124295, 0.007616, 0.097016, 1.005709, 0.998824
0.167632, 0.012511, 0.127377, 1.001267, 0.997973
0.214391, 0.019315, 0.161456, 1.003230, 0.996743
0.253672, 0.026323, 0.189876, 0.957128, 0.995497
0.294254, 0.034727, 0.218056, 0.978768, 0.994062
0.335816, 0.044552, 0.245818, 1.009303, 0.992456
0.381635, 0.056730, 0.276754, 0.915101, 0.990441
0.435319, 0.072745, 0.303700, 0.770414, 0.988493
0.473767, 0.085361, 0.329812, 0.959881, 0.986434
0.512688, 0.099267, 0.358405, 1.036226, 0.983986
0.552548, 0.114989, 0.386297, 0.962472, 0.981405
0.594335, 0.132722, 0.416770, 0.972664, 0.978366
0.631037, 0.149607, 0.445328, 1.000259, 0.975313
0.705342, 0.187796, 0.503393, 0.945336, 0.968491
0.740709, 0.207948, 0.532353, 0.955785, 0.964784
0.780501, 0.232261, 0.563850, 1.022978, 0.960522
0.814695, 0.254565, 0.591932, 1.006735, 0.956521
0.848783, 0.278219, 0.621043, 0.950391, 0.952174
0.885016, 0.305044, 0.652782, 0.983629, 0.947206
0.949550, 0.357392, 0.710195, 0.989141, 0.937613
0.980441, 0.384744, 0.739360, 0.949745, 0.932443
1.014315, 0.416730, 0.771467, 1.008483, 0.926523
1.040694, 0.442882, 0.791696, 0.783604, 0.922670
1.060772, 0.463479, 0.796410, 0.753024, 0.921758
1.087379, 0.490751, 0.802187, 0.949236, 0.920635
1.118753, 0.523283, 0.804859, 1.000214, 0.920112
1.179050, 0.586171, 0.806603, 1.007749, 0.919770
1.208567, 0.616962, 0.806919, 1.002703, 0.919708
1.237700, 0.647384, 0.807021, 1.006661, 0.919688
1.266890, 0.677857, 0.807117, 0.997104, 0.919669
1.295843, 0.708093, 0.807308, 0.999500, 0.919632
1.354037, 0.768900, 0.807381, 1.009397, 0.919618
1.383866, 0.800080, 0.807430, 1.000974, 0.919608
1.416615, 0.834305, 0.807591, 1.007800, 0.919576
1.444982, 0.863958, 0.807535, 1.001773, 0.919587
1.473667, 0.893940, 0.807662, 1.006812, 0.919562
1.503422, 0.925045, 0.807630, 0.999214, 0.919569
1.535866, 0.958972, 0.807667, 0.999300, 0.919561
1.593617, 1.019343, 0.807652, 1.000397, 0.919564
1.624138, 1.051253, 0.807819, 1.008968, 0.919532
1.651139, 1.079492, 0.807775, 1.000567, 0.919540
1.680167, 1.109848, 0.807755, 1.000335, 0.919544
1.712649, 1.143809, 0.807766, 0.999251, 0.919542
1.745127, 1.177773, 0.807777, 1.000394, 0.919540
1.801105, 1.236312, 0.807765, 0.999416, 0.919542
1.833560, 1.270254, 0.807782, 1.002509, 0.919539
1.865418, 1.303570, 0.807788, 0.996047, 0.919538
1.893870, 1.333329, 0.807717, 1.013455, 0.919552
1.922304, 1.363058, 0.807779, 0.999144, 0.919539
1.958252, 1.400652, 0.807844, 0.997787, 0.919527
1.986498, 1.430194, 0.807808, 1.000843, 0.919534
2.047749, 1.494260, 0.807915, 1.002482, 0.919513
2.076922, 1.524772, 0.807864, 1.000566, 0.919523
2.105258, 1.554411, 0.807872, 0.999990, 0.919521
2.134283, 1.584770, 0.807872, 0.999569, 0.919521
2.163307, 1.615129, 0.807887, 0.999808, 0.919518
2.192321, 1.645478, 0.807881, 0.999223, 0.919519
2.252428, 1.708352, 0.807884, 1.000534, 0.919519
2.281443, 1.738702, 0.807940, 0.997676, 0.919508
2.310445, 1.769042, 0.807908, 1.000874, 0.919514
2.342232, 1.802293, 0.807911, 1.000615, 0.919514
2.371217, 1.832613, 0.807912, 1.001094, 0.919513
2.403078, 1.865942, 0.807980, 0.995307, 0.919500
2.460000, 1.925489, 0.807994, 1.000978, 0.919497
2.489061, 1.955893, 0.808001, 1.005152, 0.919496
2.520067, 1.988332, 0.808014, 0.995290, 0.919493
2.552643, 2.022414, 0.808011, 1.000672, 0.919494
2.580266, 2.051315, 0.808011, 0.999803, 0.919494
2.612911, 2.085480, 0.807956, 1.008407, 0.919505
2.667732, 2.142826, 0.807970, 1.001866, 0.919502
2.697411, 2.173874, 0.807995, 0.999050, 0.919497
2.729175, 2.207112, 0.807977, 0.998596, 0.919501
2.757503, 2.236751, 0.807987, 1.001169, 0.919499
2.787205, 2.267829, 0.807984, 0.998160, 0.919499
2.841005, 2.324122, 0.808054, 0.997204, 0.919485
2.869144, 2.353570, 0.808083, 0.938339, 0.919480
2.893609, 2.379168, 0.808431, 0.603683, 0.919411
2.906159, 2.392315, 0.808431, 0.430590, 0.919411
2.918992, 2.405715, 0.810504, 0.642134, 0.919003
2.971618, 2.461056, 0.810018, 0.991565, 0.919099
3.000531, 2.491449, 0.810151, 1.001954, 0.919073
3.031576, 2.524078, 0.810458, 1.001093, 0.919012
3.057783, 2.551641, 0.810649, 1.000755, 0.918974
3.086733, 2.582082, 0.810413, 1.000148, 0.919021
3.118430, 2.615404, 0.810621, 1.000243, 0.918980
3.173608, 2.673438, 0.810522, 1.007580, 0.918999
3.205372, 2.706829, 0.810602, 0.997621, 0.918984
3.230924, 2.733702, 0.810488, 1.002198, 0.919006
3.258323, 2.762477, 0.810987, 0.862104, 0.918908
3.293436, 2.799429, 0.811051, 0.397154, 0.918895
3.303456, 2.809946, 0.810530, 0.292389, 0.918998
3.311461, 2.818348, 0.810052, 0.200450, 0.919092
3.315543, 2.822633, 0.809958, 0.107757, 0.919111
3.317921, 2.825117, 0.810114, 0.053945, 0.919080
3.319178, 2.826449, 0.809945, 0.005488, 0.919113
3.319213, 2.826486, 0.809941, 0.000436, 0.919114
3.319214, 2.826486, 0.809942, 0.002200, 0.919114
3.319212, 2.826488, 0.809941, 0.001601, 0.919114
3.319211, 2.826489, 0.809941, 0.001469, 0.919114
3.319211, 2.826492, 0.809930, 0.001507, 0.919116
3.319211, 2.826491, 0.809943, 0.001453, 0.919114
3.319212, 2.826494, 0.809940, 0.001441, 0.919114
3.319213, 2.826493, 0.809954, 0.001401, 0.919111
3.319213, 2.826495, 0.809948, 0.001402, 0.919113
3.319214, 2.826495, 0.809962, 0.001360, 0.919110
3.319215, 2.826495, 0.809966, 0.001341, 0.919109
3.319215, 2.826497, 0.809963, 0.001262, 0.919110
3.319216, 2.826497, 0.809976, 0.001311, 0.919107
3.319217, 2.826499, 0.809971, 0.001286, 0.919108
3.319217, 2.826499, 0.809975, 0.001196, 0.919107
3.319218, 2.826498, 0.809988, 0.001192, 0.919105
3.319218, 2.826500, 0.809982, 0.001153, 0.919106
3.319219, 2.826500, 0.809998, 0.001159, 0.919103
3.319219, 2.826500, 0.809999, 0.001173, 0.919103
3.319220, 2.826501, 0.810002, 0.001150, 0.919102
3.319220, 2.826501, 0.810007, 0.001090, 0.919101
3.319221, 2.826501, 0.810008, 0.001090, 0.919101
3.319221, 2.826502, 0.810012, 0.001015, 0.919100
3.319221, 2.826503, 0.810010, 0.001004, 0.919100
3.319222, 2.826503, 0.810013, 0.000992, 0.919100
3.319222, 2.826503, 0.810016, 0.000990, 0.919099
3.319222, 2.826504, 0.810018, 0.000971, 0.919099
3.319222, 2.826504, 0.810021, 0.000950, 0.919098
3.319222, 2.826504, 0.810026, 0.000915, 0.919097
3.319222, 2.826504, 0.810029, 0.000907, 0.919097
3.319223, 2.826503, 0.810038, 0.000839, 0.919095
3.319223, 2.826504, 0.810039, 0.000868, 0.919095
3.319223, 2.826504, 0.810042, 0.000847, 0.919094
3.319223, 2.826504, 0.810044, 0.000835, 0.919094
3.319223, 2.826505, 0.810043, 0.000795, 0.919094
3.319223, 2.826504, 0.810049, 0.000751, 0.919093
3.319224, 2.826505, 0.810047, 0.000741, 0.919093
3.319224, 2.826505, 0.810054, 0.000738, 0.919092
3.319224, 2.826505, 0.810055, 0.000704, 0.919092
3.319224, 2.826505, 0.810056, 0.000708, 0.919091
3.319224, 2.826506, 0.810055, 0.000695, 0.919092
3.319225, 2.826506, 0.810061, 0.000639, 0.919090
3.319225, 2.826506, 0.810064, 0.000612, 0.919090
3.319226, 2.826507, 0.810065, 0.000636, 0.919090
3.319226, 2.826507, 0.810067, 0.000612, 0.919089
3.319226, 2.826508, 0.810067, 0.000579, 0.919089
3.319227, 2.826508, 0.810072, 0.000571, 0.919088
3.319227, 2.826509, 0.810070, 0.000549, 0.919089
3.319227, 2.826508, 0.810074, 0.000532, 0.919088
3.319228, 2.826509, 0.810075, 0.000526, 0.919088
3.319228, 2.826509, 0.810076, 0.000518, 0.919087
3.319228, 2.826510, 0.810079, 0.000487, 0.919087
3.319229, 2.826510, 0.810079, 0.000494, 0.919087
3.319229, 2.826510, 0.810080, 0.000474, 0.919087
3.319229, 2.826510, 0.810081, 0.000467, 0.919086
3.319230, 2.826511, 0.810079, 0.000465, 0.919087
3.319230, 2.826512, 0.810083, 0.000433, 0.919086
3.319230, 2.826512, 0.810086, 0.000434, 0.919085
3.319230, 2.826511, 0.810089, 0.000442, 0.919085
3.319230, 2.826511, 0.810089, 0.000450, 0.919085
3.319230, 2.826511, 0.810089, 0.000455, 0.919085
3.319230, 2.826511, 0.810089, 0.000251, 0.919085
3.319230, 2.826511, 0.810089, 0.000463, 0.919085
3.319230, 2.826512, 0.810086, 0.000473, 0.919085
3.319230, 2.826511, 0.810089, 0.000470, 0.919085
3.319230, 2.826511, 0.810090, 0.000461, 0.919085
3.319230, 2.826512, 0.810087, 0.000473, 0.919085
3.319230, 2.826512, 0.810090, 0.000406, 0.919085
3.319230, 2.826512, 0.810087, 0.000472, 0.919085
3.319230, 2.826512, 0.810091, 0.000403, 0.919085
3.319230, 2.826512, 0.810087, 0.000465, 0.919085
3.319230, 2.826512, 0.810087, 0.000470, 0.919085
3.319230, 2.826512, 0.810090, 0.000475, 0.919085
3.319230, 2.826512, 0.810087, 0.000464, 0.919085
3.319230, 2.826511, 0.810090, 0.000461, 0.919085
3.319230, 2.826512, 0.810087, 0.000464, 0.919085
3.319230, 2.826512, 0.810088, 0.000456, 0.919085
3.319230, 2.826512, 0.810088, 0.000458, 0.919085
3.319230, 2.826512, 0.810088, 0.000455, 0.919085
3.319230, 2.826512, 0.810088, 0.000456, 0.919085
3.319230, 2.826512, 0.810088, 0.000455, 0.919085
3.319230, 2.826512, 0.810092, 0.000401, 0.919084
3.319230, 2.826512, 0.810088, 0.000451, 0.919085
3.319230, 2.826512, 0.810088, 0.000423, 0.919085
3.319230, 2.826511, 0.810091, 0.000454, 0.919084
3.319230, 2.826512, 0.810088, 0.000439, 0.919085
3.319230, 2.826512, 0.810088, 0.000421, 0.919085
3.319230, 2.826511, 0.810091, 0.000476, 0.919084
3.319230, 2.826512, 0.810089, 0.000451, 0.919085
3.319230, 2.826511, 0.810092, 0.000442, 0.919084
3.319230, 2.826511, 0.810091, 0.000462, 0.919084
3.323608, 2.831164, 0.817624, 0.560524, 0.917594
3.349724, 2.859078, 0.820630, 0.922104, 0.916995
3.376569, 2.887928, 0.821003, 0.985319, 0.916921
3.433789, 2.949383, 0.821701, 0.999366, 0.916782
3.463078, 2.980892, 0.821730, 0.999612, 0.916776
3.489642, 3.009470, 0.821899, 1.000643, 0.916742
3.518418, 3.040408, 0.821982, 0.881821, 0.916725
3.541300, 3.065013, 0.821202, 0.548386, 0.916881
3.567195, 3.092855, 0.818924, 0.703056, 0.917335
3.594956, 3.122075, 0.799049, 0.913185, 0.921246
3.625733, 3.152772, 0.771403, 0.939880, 0.926535
3.654603, 3.180062, 0.744872, 0.993434, 0.931444
3.685994, 3.208250, 0.718424, 1.010652, 0.936174
3.718972, 3.236285, 0.688664, 0.984814, 0.941301
3.753952, 3.264166, 0.658081, 0.975261, 0.946353
3.820140, 3.312458, 0.601010, 1.013221, 0.955187
3.855925, 3.336087, 0.569677, 0.977401, 0.959707
3.894623, 3.360029, 0.538562, 0.969774, 0.963962
3.928553, 3.379672, 0.511653, 0.990300, 0.967454
3.966623, 3.400272, 0.480069, 1.005164, 0.971330
4.006411, 3.420170, 0.447395, 0.948260, 0.975084
4.079312, 3.452614, 0.391082, 1.001372, 0.980943
4.119460, 3.468454, 0.359759, 0.971430, 0.983865
4.161583, 3.483513, 0.327302, 0.951091, 0.986639
4.202679, 3.496761, 0.297124, 0.975805, 0.988985
4.247039, 3.509561, 0.265459, 1.019956, 0.991204
4.287521, 3.519905, 0.235819, 0.958868, 0.993057
4.331188, 3.529664, 0.204103, 0.954712, 0.994797
4.411073, 3.543836, 0.147226, 0.999851, 0.997292
4.451590, 3.549226, 0.118227, 0.953106, 0.998253
4.491387, 3.553377, 0.089931, 0.960927, 0.998989
4.532591, 3.556481, 0.061545, 1.005255, 0.999527
4.574784, 3.558445, 0.031517, 0.990451, 0.999876
4.619191, 3.559134, 0.000679, 0.955581, 1.000000
4.703393, 3.556623, -0.059642, 1.004355, 0.999555
4.751013, 3.552953, -0.092937, 0.975452, 0.998921
4.789292, 3.548869, -0.120006, 0.957710, 0.998200
4.829821, 3.543365, -0.149564, 0.989528, 0.997205
4.871098, 3.536499, -0.179431, 0.997919, 0.995978
4.911619, 3.528542, -0.208101, 0.965140, 0.994592
4.992406, 3.508961, -0.267734, 0.985512, 0.991053
5.033459, 3.497021, -0.297921, 0.992890, 0.988926
5.075964, 3.483223, -0.329256, 0.951881, 0.986479
5.112042, 3.470337, -0.356736, 0.972185, 0.984135
5.151206, 3.455055, -0.386907, 0.983780, 0.981346
5.193405, 3.437042, -0.419524, 0.988690, 0.978081
5.268127, 3.401035, -0.478175, 0.966444, 0.971555
5.304265, 3.381630, -0.507529, 0.998652, 0.967974
5.340390, 3.360844, -0.536859, 0.980422, 0.964189
5.378720, 3.337231, -0.565222, 0.995686, 0.960331
5.412389, 3.315565, -0.576450, 0.999578, 0.958750
5.448376, 3.292034, -0.582229, 1.000554, 0.957925
5.520106, 3.244599, -0.585517, 0.999112, 0.957451
5.555096, 3.221380, -0.586199, 1.000110, 0.957353
5.594251, 3.195377, -0.586470, 1.002503, 0.957314
5.630065, 3.171580, -0.586543, 1.001726, 0.957303
5.670012, 3.145039, -0.586661, 1.000522, 0.957286
5.702488, 3.123451, -0.586670, 0.999292, 0.957285
5.738299, 3.099646, -0.586692, 1.000874, 0.957282
5.809020, 3.052631, -0.586639, 0.998535, 0.957289
5.845124, 3.028633, -0.586717, 1.013656, 0.957278
5.884370, 3.002540, -0.586694, 1.000407, 0.957281
5.916842, 2.980954, -0.586652, 0.999252, 0.957287
5.952648, 2.957152, -0.586673, 1.000603, 0.957285
5.990123, 2.932240, -0.586677, 0.999638, 0.957284
6.028396, 2.906796, -0.586685, 1.000935, 0.957283
6.097117, 2.861127, -0.586726, 1.001157, 0.957277
6.132101, 2.837866, -0.586727, 0.999562, 0.957277
6.169577, 2.812954, -0.586724, 0.999868, 0.957277
6.203707, 2.790264, -0.586716, 0.999123, 0.957278
6.238683, 2.767011, -0.586703, 0.999863, 0.957280
6.311937, 2.718313, -0.586644, 0.998238, 0.957289
6.346013, 2.695663, -0.586738, 1.003434, 0.957275
6.380212, 2.672927, -0.586657, 0.999546, 0.957287
6.414342, 2.650240, -0.586653, 1.000280, 0.957287
6.450126, 2.626457, -0.586609, 0.998839, 0.957294
6.488432, 2.600996, -0.586593, 0.999423, 0.957296
6.556705, 2.555615, -0.586568, 1.000132, 0.957300
6.591573, 2.532445, -0.586530, 0.997033, 0.957305
6.630026, 2.506892, -0.586589, 0.999942, 0.957297
6.663341, 2.484740, -0.586573, 0.998676, 0.957299
6.698298, 2.461508, -0.586496, 0.995784, 0.957310
6.736606, 2.436054, -0.586658, 1.003814, 0.957287
6.804910, 2.390650, -0.586605, 0.998274, 0.957294
6.838199, 2.368524, -0.586569, 0.998546, 0.957299
6.870436, 2.347098, -0.586368, 0.786172, 0.957328
6.892169, 2.332661, -0.586306, 0.478344, 0.957338
6.916095, 2.316769, -0.586029, 0.248228, 0.957378
6.922201, 2.312715, -0.585986, 0.063043, 0.957384
6.922704, 2.312384, -0.586173, 0.002970, 0.957357
6.922709, 2.312380, -0.586174, 0.002527, 0.957357
6.922710, 2.312379, -0.586164, 0.002562, 0.957358
6.922711, 2.312378, -0.586159, 0.002503, 0.957359
6.922712, 2.312378, -0.586154, 0.002517, 0.957360
6.922713, 2.312377, -0.586142, 0.002554, 0.957361
6.922713, 2.312377, -0.586136, 0.002602, 0.957362
6.922714, 2.312376, -0.586129, 0.002628, 0.957363
6.922715, 2.312375, -0.586123, 0.002657, 0.957364
6.922714, 2.312375, -0.586105, 0.002606, 0.957367
6.922716, 2.312373, -0.586098, 0.002635, 0.957368
6.922718, 2.312372, -0.586084, 0.002686, 0.957370
6.922719, 2.312371, -0.586078, 0.002714, 0.957370
6.922723, 2.312370, -0.586083, 0.002800, 0.957370
6.922724, 2.312369, -0.586076, 0.002832, 0.957371
6.922722, 2.312369, -0.586056, 0.002816, 0.957374
6.922724, 2.312368, -0.586047, 0.002863, 0.957375
6.922728, 2.312367, -0.586047, 0.002978, 0.957375
6.922729, 2.312366, -0.586041, 0.003035, 0.957376
6.922730, 2.312366, -0.586034, 0.003083, 0.957377
6.922728, 2.312365, -0.586014, 0.003069, 0.957380
6.922730, 2.312364, -0.586007, 0.003120, 0.957381
6.922732, 2.312363, -0.585991, 0.003234, 0.957383
6.922737, 2.312362, -0.585997, 0.003372, 0.957382
6.922738, 2.312361, -0.585988, 0.003444, 0.957384
6.922740, 2.312360, -0.585980, 0.003509, 0.957385
6.922741, 2.312360, -0.585971, 0.003580, 0.957386
6.922742, 2.312359, -0.585962, 0.003657, 0.957387
6.922740, 2.312358, -0.585926, 0.003768, 0.957392
6.922742, 2.312357, -0.585916, 0.003863, 0.957394
6.922747, 2.312356, -0.585920, 0.004038, 0.957393
6.922748, 2.312356, -0.585910, 0.004110, 0.957395
6.922744, 2.312355, -0.585879, 0.004190, 0.957399
6.922749, 2.312354, -0.585869, 0.004440, 0.957401
6.922750, 2.312353, -0.585854, 0.004576, 0.957403
6.922746, 2.312352, -0.585817, 0.004704, 0.957408
6.922752, 2.312351, -0.585821, 0.004894, 0.957408
6.922753, 2.312350, -0.585802, 0.005085, 0.957410
6.922755, 2.312347, -0.585776, 0.005368, 0.957414
6.922752, 2.312344, -0.585708, 0.005695, 0.957424
6.922759, 2.312342, -0.585705, 0.006027, 0.957424
6.922761, 2.312340, -0.585676, 0.006342, 0.957429
6.922755, 2.312339, -0.585618, 0.006588, 0.957437
6.922763, 2.312337, -0.585616, 0.007001, 0.957437
6.922765, 2.312335, -0.585581, 0.007400, 0.957442
6.932227, 2.306042, -0.585537, 0.515318, 0.957448
6.960584, 2.287193, -0.587966, 0.957054, 0.957097
6.999059, 2.261483, -0.589369, 0.994517, 0.956894
7.031479, 2.239792, -0.589711, 1.001475, 0.956844
7.067236, 2.215857, -0.590358, 1.001386, 0.956750
7.106304, 2.189685, -0.590386, 0.993734, 0.956746
7.173601, 2.144580, -0.590633, 1.000371, 0.956710
7.209315, 2.120637, -0.590518, 1.000734, 0.956727
7.247561, 2.094992, -0.590567, 1.015824, 0.956720
7.280657, 2.072807, -0.590578, 1.002355, 0.956718
7.316662, 2.048668, -0.590604, 1.005246, 0.956714
7.354080, 2.023579, -0.590590, 0.998957, 0.956716
7.422090, 1.977995, -0.590559, 1.002695, 0.956721
7.458104, 1.953856, -0.590585, 1.002124, 0.956717
7.496314, 1.928236, -0.590616, 0.999526, 0.956713
7.529409, 1.906056, -0.590552, 0.996841, 0.956722
7.565105, 1.882127, -0.590548, 0.998648, 0.956722
7.603313, 1.856513, -0.590523, 0.998631, 0.956726
7.671320, 1.810928, -0.590516, 0.998193, 0.956727
7.706205, 1.787546, -0.590475, 0.998721, 0.956733
7.740285, 1.764691, -0.590243, 0.737164, 0.956767
7.761019, 1.750798, -0.590419, 0.499650, 0.956741
7.775720, 1.740926, -0.590367, 0.386241, 0.956749
7.795304, 1.727797, -0.590513, 0.170482, 0.956727
7.798216, 1.725847, -0.590578, 0.010455, 0.956718
7.800500, 1.724266, -0.588128, 0.334352, 0.957074
7.830157, 1.704881, -0.578493, 0.954300, 0.958459
7.862852, 1.683514, -0.578751, 0.993627, 0.958422
7.898819, 1.660007, -0.579203, 1.000330, 0.958358
7.937331, 1.634809, -0.579526, 1.000769, 0.958312
8.005961, 1.589902, -0.579368, 1.001111, 0.958334
8.041948, 1.566363, -0.579188, 0.998404, 0.958360
8.078773, 1.542278, -0.579235, 1.001192, 0.958353
8.111370, 1.520979, -0.579402, 0.995442, 0.958329
8.147159, 1.497568, -0.579368, 0.999933, 0.958334
8.186492, 1.471836, -0.579349, 1.002630, 0.958337
8.255126, 1.426951, -0.579171, 1.004273, 0.958362
8.291391, 1.403227, -0.579184, 1.010043, 0.958360
8.337618, 1.372997, -0.579223, 0.999724, 0.958355
8.371909, 1.350520, -0.579049, 0.996741, 0.958380
8.406870, 1.327670, -0.579115, 0.991368, 0.958370
8.441983, 1.304706, -0.579315, 1.002700, 0.958342
8.477152, 1.281705, -0.579358, 1.001238, 0.958336
8.548178, 1.235240, -0.579245, 1.001520, 0.958352
8.586673, 1.210061, -0.579204, 1.001824, 0.958358
8.620822, 1.187646, -0.580895, 0.986877, 0.958116
8.655089, 1.164854, -0.597399, 0.974599, 0.955720
8.689288, 1.141010, -0.621369, 0.973512, 0.952124
8.726479, 1.113523, -0.651719, 0.992949, 0.947376
8.789438, 1.062468, -0.707491, 0.991635, 0.938082
8.822351, 1.033520, -0.734403, 1.027078, 0.933336
8.856521, 1.001787, -0.763518, 1.020551, 0.928011
8.885789, 0.972920, -0.792503, 0.979904, 0.922514
8.914981, 0.942449, -0.820688, 1.000447, 0.916984
8.944925, 0.909378, -0.848109, 1.004476, 0.911428
8.997606, 0.846284, -0.903971, 0.953823, 0.899582
9.024152, 0.811459, -0.934705, 0.960934, 0.892764
9.047466, 0.778957, -0.962046, 0.992837, 0.886522
9.071055, 0.743982, -0.991828, 0.992301, 0.879534
9.093133, 0.709069, -1.021911, 0.944999, 0.872278
9.115876, 0.670494, -1.053584, 0.966780, 0.864424
9.154476, 0.597747, -1.110954, 0.973331, 0.849649
9.172193, 0.560646, -1.139701, 0.953041, 0.841982
9.190482, 0.519084, -1.172301, 0.982747, 0.833076
9.206255, 0.479989, -1.202134, 1.006951, 0.824733
9.220827, 0.440546, -1.231485, 0.969206, 0.816345
9.233625, 0.402502, -1.261008, 0.953053, 0.807730
9.257980, 0.317563, -1.322263, 0.905278, 0.789298
9.265021, 0.289031, -1.333013, 0.551523, 0.785986
9.269226, 0.271564, -1.336087, 0.340595, 0.785035
9.273028, 0.255497, -1.327307, 0.595414, 0.787747
9.281245, 0.224460, -1.313696, 0.765513, 0.791921
9.290750, 0.189511, -1.293943, 0.960495, 0.797913
9.302360, 0.150870, -1.264938, 0.947375, 0.806570
9.330589, 0.069818, -1.207959, 0.996591, 0.823082
9.346175, 0.030301, -1.182553, 0.995864, 0.830230
9.362174, -0.007406, -1.156153, 0.958996, 0.837515
9.379087, -0.044378, -1.127936, 0.971411, 0.845141
9.397898, -0.082540, -1.097429, 1.022584, 0.853196
9.423637, -0.130491, -1.059290, 0.986751, 0.862986
9.444186, -0.165903, -1.030800, 0.971058, 0.870096
9.465650, -0.200556, -1.001677, 0.979668, 0.877180
9.513719, -0.271114, -0.944042, 0.992612, 0.890651
9.538944, -0.304929, -0.914053, 0.956935, 0.897369
9.565185, -0.337907, -0.883511, 0.974513, 0.904003
9.590664, -0.368084, -0.856675, 0.993883, 0.909657
9.619183, -0.400122, -0.827146, 0.988651, 0.915691
9.681856, -0.464035, -0.763004, 1.005748, 0.928106
9.711760, -0.491827, -0.734478, 1.004882, 0.933322
9.743816, -0.519867, -0.704287, 0.960245, 0.938635
9.778575, -0.548472, -0.672486, 0.968248, 0.944001
9.813449, -0.575357, -0.641713, 0.987828, 0.948966
9.852668, -0.603673, -0.608739, 1.007305, 0.954036
9.886119, -0.626282, -0.581176, 0.938574, 0.958076
9.919772, -0.647706, -0.552808, 0.962500, 0.962043
9.992281, -0.689562, -0.494988, 0.996843, 0.969529
10.028947, -0.708667, -0.465854, 0.950333, 0.972995
10.070548, -0.728725, -0.433304, 0.983259, 0.976623
10.108168, -0.745483, -0.405637, 1.024713, 0.979503
10.147518, -0.761715, -0.376819, 1.008958, 0.982303
10.184521, -0.775832, -0.348969, 0.825623, 0.984816
10.251089, -0.798774, -0.311307, 0.994224, 0.987910
10.292860, -0.811602, -0.284114, 1.020200, 0.989927
10.337659, -0.823926, -0.252796, 0.954023, 0.992022
10.376607, -0.833408, -0.225167, 0.967278, 0.993669
10.417533, -0.842166, -0.197072, 1.023448, 0.995149
10.459689, -0.849942, -0.167624, 1.007639, 0.996490
10.545477, -0.861751, -0.106391, 0.988782, 0.998585
10.588804, -0.865731, -0.077035, 1.018877, 0.999258
10.631399, -0.868324, -0.046793, 0.989556, 0.999726
10.671900, -0.869642, -0.018205, 0.962268, 0.999959
10.712985, -0.869767, 0.011135, 1.009596, 0.999985
10.756730, -0.868635, 0.040950, 1.026089, 0.999790
10.804753, -0.865865, 0.075215, 1.004095, 0.999293
10.886648, -0.857282, 0.132435, 1.015262, 0.997808
10.929138, -0.850983, 0.162502, 1.034249, 0.996701
10.971144, -0.843423, 0.192652, 0.976715, 0.995364
11.011791, -0.834864, 0.222373, 0.974880, 0.993825
11.057535, -0.823704, 0.254720, 1.020958, 0.991901
11.135459, -0.801131, 0.309360, 0.957726, 0.988061
11.174860, -0.787862, 0.339599, 0.990807, 0.985619
11.218573, -0.771603, 0.372448, 1.015401, 0.982710
11.257457, -0.755689, 0.403600, 0.995426, 0.979707
11.294541, -0.739197, 0.433295, 0.962380, 0.976624
11.332595, -0.720904, 0.462680, 0.987012, 0.973360
11.406780, -0.681019, 0.523507, 0.980154, 0.965938
11.442332, -0.659795, 0.552537, 0.968877, 0.962080
11.480194, -0.635599, 0.584228, 0.976498, 0.957637
11.515311, -0.611640, 0.615145, 1.039002, 0.953071
11.550251, -0.586380, 0.632963, 1.005501, 0.950336
11.584957, -0.560689, 0.640731, 1.004434, 0.949120
11.651885, -0.510461, 0.645999, 1.011155, 0.948288
11.686255, -0.484527, 0.646589, 0.996429, 0.948194
11.722944, -0.456831, 0.646728, 0.999981, 0.948172
11.760452, -0.428508, 0.646831, 1.001439, 0.948156
11.793166, -0.403800, 0.646916, 0.997444, 0.948142
11.827438, -0.377892, 0.646868, 1.009492, 0.948150
11.862685, -0.351093, 0.657704, 0.989626, 0.946414
11.926761, -0.299590, 0.699650, 0.970996, 0.939433
11.958391, -0.272206, 0.728043, 0.977152, 0.934473
11.990297, -0.242874, 0.758743, 1.011675, 0.928898
12.019635, -0.214219, 0.788233, 1.012315, 0.923336
12.049301, -0.183502, 0.818011, 0.978950, 0.917517
12.079465, -0.150242, 0.849957, 0.975719, 0.911048
12.131809, -0.087233, 0.904388, 0.996860, 0.899491
12.157631, -0.053468, 0.933244, 0.985048, 0.893093
12.184353, -0.016123, 0.966363, 0.985837, 0.885521
12.206849, 0.017506, 0.995476, 1.004068, 0.878665
12.229681, 0.053901, 1.025456, 1.002248, 0.871410
12.253726, 0.095010, 1.058587, 0.979217, 0.863164
12.291844, 0.167828, 1.117641, 1.000563, 0.847881
12.310242, 0.207028, 1.147973, 0.994564, 0.839743
12.328744, 0.250069, 1.180828, 0.966842, 0.830710
12.343442, 0.287280, 1.207949, 0.985816, 0.823085
12.357801, 0.326695, 1.234668, 1.010913, 0.815425
12.371609, 0.367993, 1.263479, 1.000660, 0.807001
12.393966, 0.446222, 1.321418, 0.982986, 0.789557
12.403956, 0.488082, 1.351260, 1.020150, 0.780313
12.413228, 0.532901, 1.383029, 0.958055, 0.770281
12.420883, 0.577118, 1.414946, 0.966052, 0.760007
12.426597, 0.617039, 1.442097, 1.001790, 0.751114
12.431284, 0.656421, 1.463927, 0.783714, 0.743864
12.434214, 0.684321, 1.469028, 0.538778, 0.742157
12.436280, 0.704539, 1.470252, 0.356694, 0.741746
12.438967, 0.730561, 1.470277, 0.256271, 0.741738
12.440059, 0.741154, 1.470682, 0.395582, 0.741602
12.443157, 0.772683, 1.471447, 0.914069, 0.741345
12.447071, 0.811807, 1.472029, 0.969406, 0.741150
12.451281, 0.854285, 1.472120, 1.000823, 0.741120
12.455911, 0.901068, 1.472215, 0.998740, 0.741088
12.464029, 0.983327, 1.472301, 0.998747, 0.741059
12.468296, 1.026512, 1.472344, 1.005306, 0.741044
12.472919, 1.073317, 1.472341, 0.998119, 0.741045
12.476931, 1.113911, 1.472353, 0.992481, 0.741041
12.481150, 1.156633, 1.472343, 0.999904, 0.741045
12.485868, 1.204400, 1.472338, 1.000015, 0.741046
12.493928, 1.285990, 1.472316, 0.999944, 0.741054
12.498156, 1.328781, 1.472310, 1.000034, 0.741056
12.502778, 1.375555, 1.472312, 1.000140, 0.741055
12.506809, 1.416361, 1.472304, 1.000125, 0.741058
12.510939, 1.458158, 1.472304, 0.999972, 0.741058
12.515167, 1.500950, 1.472305, 1.000050, 0.741057
12.519789, 1.547725, 1.472318, 1.000063, 0.741053
12.528048, 1.631319, 1.472320, 1.000002, 0.741052
12.531784, 1.669136, 1.472321, 1.000015, 0.741052
12.535815, 1.709939, 1.472316, 1.000091, 0.741054
12.540043, 1.752723, 1.472312, 0.999975, 0.741055
12.544664, 1.799495, 1.472306, 1.000003, 0.741057
12.552826, 1.882095, 1.472296, 1.000016, 0.741060
12.557054, 1.924887, 1.472293, 0.999998, 0.741062
12.561578, 1.970664, 1.472289, 1.000007, 0.741063
12.565611, 2.011466, 1.472288, 1.000052, 0.741063
12.569739, 2.053251, 1.472286, 0.999987, 0.741064
12.573968, 2.096042, 1.472294, 0.999997, 0.741061
12.578591, 2.142814, 1.472300, 0.999968, 0.741059
12.586851, 2.226411, 1.472309, 0.999806, 0.741056
12.591374, 2.272187, 1.472315, 0.999769, 0.741054
12.595405, 2.312988, 1.472313, 1.000201, 0.741055
12.599531, 2.354766, 1.472329, 0.999536, 0.741049
12.603758, 2.397555, 1.472326, 1.000495, 0.741050
12.608379, 2.444326, 1.472339, 0.999434, 0.741046
12.612404, 2.485114, 1.472291, 0.997278, 0.741062
12.621071, 2.573265, 1.476077, 0.990567, 0.739790
12.625464, 2.626035, 1.501084, 1.013496, 0.731319
12.627869, 2.668951, 1.528178, 0.967110, 0.722013
12.629106, 2.713846, 1.558458, 0.954552, 0.711456
12.629065, 2.752719, 1.584740, 0.993189, 0.702160
12.627824, 2.796330, 1.614021, 1.024300, 0.691661
12.625285, 2.839334, 1.643896, 0.991920, 0.680796
12.621912, 2.879170, 1.667870, 0.669569, 0.671967
12.618281, 2.915046, 1.674344, 0.296236, 0.669566
12.617080, 2.926569, 1.674935, 0.209003, 0.669346
12.615417, 2.942435, 1.674943, 0.542393, 0.669344
12.612095, 2.974273, 1.674629, 0.943803, 0.669460
12.607739, 3.016307, 1.673684, 0.998717, 0.669811
12.602933, 3.062840, 1.673398, 0.999064, 0.669917
12.594362, 3.146458, 1.672589, 1.001547, 0.670217
12.589995, 3.189258, 1.672557, 1.000742, 0.670229
12.585521, 3.233044, 1.672702, 1.000439, 0.670176
12.581450, 3.272838, 1.672651, 1.001334, 0.670194
12.577034, 3.315624, 1.672538, 1.001376, 0.670236
12.572250, 3.362336, 1.672290, 0.998747, 0.670328
12.563840, 3.444900, 1.672308, 1.000644, 0.670322
12.559386, 3.488651, 1.672331, 0.999676, 0.670313
12.554622, 3.535409, 1.672319, 1.000582, 0.670318
12.550467, 3.576198, 1.672299, 1.000987, 0.670325
12.546212, 3.617983, 1.672295, 1.001255, 0.670327
12.541859, 3.660729, 1.672299, 0.997156, 0.670325
12.536999, 3.708456, 1.672290, 1.000008, 0.670329
12.528045, 3.789607, 1.696562, 0.992152, 0.661274
12.522351, 3.830531, 1.722052, 0.947456, 0.651659
12.514906, 3.874886, 1.752011, 0.973282, 0.640225
12.506984, 3.914988, 1.779218, 1.019299, 0.629716
12.497290, 3.957552, 1.808807, 0.993930, 0.618155
12.486870, 3.997935, 1.838085, 0.960548, 0.606581
12.461199, 4.081323, 1.899510, 1.020112, 0.581882
12.446482, 4.122343, 1.930414, 0.994984, 0.569247
12.429517, 4.165288, 1.963310, 1.000230, 0.555647
12.413239, 4.203043, 1.992021, 1.015257, 0.543655
12.395112, 4.241954, 2.021540, 1.027106, 0.531208
12.375604, 4.280642, 2.052273, 0.969247, 0.518127
12.355891, 4.317056, 2.081764, 0.967879, 0.505459
12.310055, 4.393163, 2.143388, 1.036998, 0.478638
12.286117, 4.429034, 2.173498, 0.967176, 0.465365
12.259685, 4.466119, 2.206361, 0.991225, 0.450759
12.234775, 4.498886, 2.235124, 1.016991, 0.437876
12.206903, 4.533379, 2.266159, 1.029540, 0.423873
12.176545, 4.568571, 2.298808, 0.962492, 0.409031
12.149350, 4.598168, 2.327694, 0.997243, 0.395810
12.087911, 4.659351, 2.387738, 0.995539, 0.368065
12.053500, 4.690610, 2.420698, 0.969095, 0.352693
12.023683, 4.716083, 2.447945, 0.984643, 0.339912
11.991231, 4.742368, 2.469407, 0.999492, 0.329801
11.957630, 4.768828, 2.478385, 0.993950, 0.325560
11.919764, 4.798266, 2.482658, 1.002499, 0.323539
11.854569, 4.848610, 2.485034, 1.009138, 0.322415
11.820524, 4.874837, 2.485406, 0.997025, 0.322239
11.783291, 4.903503, 2.485354, 1.000756, 0.322263
11.747478, 4.931077, 2.485581, 1.012600, 0.322156
11.709484, 4.960327, 2.485442, 1.009608, 0.322221
11.676200, 4.985957, 2.485388, 1.001777, 0.322247
11.642859, 5.011630, 2.485335, 0.996632, 0.322272
11.575007, 5.063885, 2.485342, 0.999631, 0.322269
11.536893, 5.093237, 2.485292, 1.000919, 0.322293
11.505208, 5.117643, 2.485323, 1.004252, 0.322278
11.471521, 5.143575, 2.485269, 1.013170, 0.322303
11.437420, 5.169844, 2.485274, 0.999032, 0.322301
11.399276, 5.199221, 2.485229, 0.998695, 0.322322
11.360362, 5.229200, 2.485275, 1.001430, 0.322301
11.300133, 5.275589, 2.485239, 1.000239, 0.322317
11.262903, 5.304266, 2.485242, 0.999617, 0.322316
11.229629, 5.329895, 2.485241, 0.999604, 0.322317
11.196364, 5.355519, 2.485247, 0.999512, 0.322314
11.162472, 5.381518, 2.488846, 0.983334, 0.320610
11.124765, 5.409809, 2.509536, 1.028155, 0.310794
11.087432, 5.436356, 2.537182, 0.990439, 0.297627
11.014187, 5.483809, 2.596459, 0.999097, 0.269204
10.976040, 5.506173, 2.626876, 1.047136, 0.254527
10.934246, 5.528846, 2.659940, 0.985365, 0.238505
10.899465, 5.546534, 2.685983, 0.778463, 0.225840
10.876036, 5.557905, 2.692980, 0.492598, 0.222430
10.860925, 5.565164, 2.694635, 0.320660, 0.221623
10.849781, 5.570515, 2.695263, 0.039804, 0.221317
10.848764, 5.570993, 2.695031, 0.003296, 0.221430
10.835703, 5.576641, 2.714097, 0.504583, 0.212124
10.808111, 5.588657, 2.712493, 0.829614, 0.212908
10.768669, 5.606688, 2.713713, 0.982746, 0.212311
10.731566, 5.623597, 2.714157, 1.002441, 0.212095
10.692401, 5.641431, 2.714428, 1.001097, 0.211962
10.649593, 5.660890, 2.715180, 1.001489, 0.211594
10.573073, 5.695660, 2.715249, 1.000791, 0.211561
10.533911, 5.713446, 2.715215, 1.002601, 0.211578
10.491122, 5.732887, 2.715410, 1.000852, 0.211482
10.453790, 5.749838, 2.715407, 0.999086, 0.211484
10.414629, 5.767613, 2.715369, 1.001287, 0.211502
10.375300, 5.785479, 2.715373, 1.012402, 0.211501
10.294396, 5.822223, 2.715223, 1.011221, 0.211574
10.251544, 5.841687, 2.715341, 1.000892, 0.211516
10.207466, 5.861695, 2.715667, 1.005048, 0.211357
10.170080, 5.878663, 2.715568, 1.001614, 0.211405
10.131980, 5.895826, 2.721974, 1.001811, 0.208273
10.092697, 5.912933, 2.740047, 0.993477, 0.199427
10.050142, 5.930407, 2.764938, 0.960925, 0.187216
10.008683, 5.946081, 2.795408, 0.978751, 0.172229
9.928114, 5.972647, 2.853463, 0.989861, 0.143567
9.889857, 5.983572, 2.873179, 0.940201, 0.133804
9.846336, 5.994895, 2.901524, 0.971288, 0.119746
9.806979, 6.003944, 2.929299, 0.987807, 0.105948
9.764193, 6.012495, 2.959839, 1.033212, 0.090752
9.721886, 6.019630, 2.988516, 0.965325, 0.076464
9.675946, 6.025925, 3.021600, 0.979017, 0.059960
9.594092, 6.033696, 3.065499, 0.999459, 0.038037
9.551399, 6.036813, 3.071669, 0.998339, 0.034955
9.505477, 6.039955, 3.074626, 1.000776, 0.033477
9.464422, 6.042683, 3.075904, 1.007341, 0.032838
9.421077, 6.045506, 3.076604, 1.003784, 0.032489
9.378310, 6.048284, 3.076879, 0.998486, 0.032351
9.331378, 6.051321, 3.076891, 1.000576, 0.032345
9.247182, 6.056757, 3.077085, 0.997167, 0.032248
9.204188, 6.059528, 3.076876, 1.003345, 0.032353
9.157456, 6.062557, 3.077036, 0.998253, 0.032273
9.115048, 6.065285, 3.077016, 1.010635, 0.032283
9.072085, 6.068059, 3.076972, 0.999069, 0.032305
9.018229, 6.071548, 3.076907, 1.001884, 0.032337
8.976317, 6.074263, 3.076915, 1.001924, 0.032333
8.889533, 6.079872, 3.076789, 1.005200, 0.032396
8.848437, 6.082541, 3.076898, 1.005559, 0.032342
8.805965, 6.085285, 3.077061, 1.030038, 0.032260
8.763881, 6.088010, 3.077001, 0.994908, 0.032290
8.720986, 6.090775, 3.076841, 1.001835, 0.032370
8.673848, 6.093835, 3.076952, 1.012987, 0.032315
8.631142, 6.096593, 3.076714, 1.008395, 0.032434
8.546012, 6.102122, 3.076590, 0.999768, 0.032495
8.498991, 6.105186, 3.076575, 1.001285, 0.032503
8.463167, 6.107449, 3.075544, 0.720146, 0.033018
8.437715, 6.108584, 3.073076, 0.502996, 0.034252
8.422528, 6.109448, 3.072047, 0.258451, 0.034766
8.414049, 6.110034, 3.071516, 0.098787, 0.035031
8.412151, 6.110146, 3.071188, 0.012130, 0.035195
8.394246, 6.111495, 3.069933, 0.612933, 0.035822
8.355087, 6.114319, 3.067508, 0.937660, 0.037034
8.315486, 6.117294, 3.065860, 0.998129, 0.037857
8.272710, 6.120549, 3.065399, 1.000408, 0.038088
8.229811, 6.123838, 3.064952, 1.001449, 0.038311
8.182919, 6.127439, 3.064563, 1.000404, 0.038505
8.098597, 6.133989, 3.064106, 1.000996, 0.038734
8.055507, 6.137338, 3.064179, 1.005001, 0.038697
8.012564, 6.140672, 3.064225, 1.006066, 0.038674
7.965618, 6.144308, 3.064226, 0.999657, 0.038674
7.924753, 6.147477, 3.064213, 0.998689, 0.038680
7.877899, 6.151107, 3.064174, 1.000789, 0.038700
7.832761, 6.154608, 3.064446, 1.019153, 0.038564
7.748839, 6.161107, 3.064436, 1.008044, 0.038569
7.705825, 6.164430, 3.064484, 1.002500, 0.038545
7.662611, 6.167771, 3.064663, 1.016887, 0.038456
7.615194, 6.171429, 3.064544, 1.007136, 0.038515
7.574122, 6.174603, 3.064648, 1.002278, 0.038463
7.531231, 6.177920, 3.064703, 1.008235, 0.038435
7.488448, 6.181206, 3.064552, 0.995716, 0.038511
7.398897, 6.188126, 3.064377, 1.001762, 0.038598
7.355920, 6.191456, 3.064400, 1.011147, 0.038587
7.312956, 6.194774, 3.064322, 1.004098, 0.038625
7.265770, 6.198433, 3.064410, 1.001808, 0.038582
7.224885, 6.201595, 3.064392, 1.001317, 0.038591
7.181997, 6.204919, 3.064503, 0.995534, 0.038535
7.135089, 6.208543, 3.064401, 1.009924, 0.038586
7.051631, 6.214729, 3.076425, 0.978439, 0.032578
7.010003, 6.217023, 3.098565, 0.968171, 0.021512
6.963965, 6.218294, 3.129128, 1.004615, 0.006232
6.921331, 6.218230, -3.125836, 1.026518, -0.007878
6.877273, 6.216849, -3.095451, 1.001323, -0.023069
6.835677, 6.214323, -3.066276, 0.963580, -0.037650
6.789450, 6.210044, -3.033344, 1.002062, -0.054098
6.721549, 6.201310, -3.000149, 0.530103, -0.070663
6.701838, 6.198466, -2.998009, 0.347778, -0.071730
6.690120, 6.196776, -2.997548, 0.229845, -0.071960
6.682931, 6.195737, -2.997392, 0.115961, -0.072038
6.680146, 6.195330, -2.997420, 0.017050, -0.072024
6.680084, 6.195318, -2.997505, 0.012170, -0.071982
6.680785, 6.195415, -2.997473, 0.002825, -0.071998
6.681092, 6.195461, -2.997423, 0.012493, -0.072022
6.681381, 6.195500, -2.997409, 0.001812, -0.072029
6.681617, 6.195534, -2.997379, 0.002121, -0.072044
6.681830, 6.195564, -2.997347, 0.002537, -0.072060
6.682028, 6.195595, -2.997293, 0.011069, -0.072087
6.682350, 6.195640, -2.997217, 0.010708, -0.072125
6.682469, 6.195654, -2.997201, 0.005579, -0.072133
6.682595, 6.195675, -2.997130, 0.010876, -0.072169
6.682685, 6.195687, -2.997086, 0.011199, -0.072190
6.682756, 6.195694, -2.997141, 0.007526, -0.072163
6.682805, 6.195703, -2.997059, 0.009764, -0.072204
6.679620, 6.195128, -3.001922, 0.321524, -0.069779
6.616726, 6.187658, -3.038155, 0.963624, -0.051696
6.576233, 6.184115, -3.066356, 0.940223, -0.037610
6.530639, 6.181438, -3.097113, 0.982245, -0.022238
6.491092, 6.180004, -3.121124, 0.871799, -0.010234
6.460421, 6.179515, -3.130151, 0.612974, -0.005721
6.438739, 6.179285, -3.132382, 0.400133, -0.004605
6.423936, 6.179099, -3.132852, 0.241391, -0.004371
6.387554, 6.178782, -3.131461, 0.792239, -0.005066
6.349443, 6.178464, -3.135930, 0.928038, -0.002832
6.318295, 6.178301, -3.136767, 0.991752, -0.002413
6.279285, 6.178123, -3.137810, 1.002672, -0.001891
6.196223, 6.177823, -3.138157, 1.000761, -0.001718
6.149204, 6.177666, -3.138209, 1.000629, -0.001692
6.111185, 6.177539, -3.138234, 1.002244, -0.001679
6.070188, 6.177408, -3.138191, 0.998408, -0.001701
6.029051, 6.177256, -3.138226, 1.008915, -0.001683
5.943320, 6.176972, -3.138187, 0.997486, -0.001703
5.900425, 6.176835, -3.138273, 0.997900, -0.001660
5.853277, 6.176661, -3.137924, 1.007931, -0.001834
5.814687, 6.176515, -3.137893, 1.015523, -0.001850
5.772787, 6.176363, -3.137810, 0.992648, -0.001891
5.725763, 6.176187, -3.138040, 1.001015, -0.001776
5.644244, 6.175890, -3.138038, 0.999745, -0.001777
5.597178, 6.175712, -3.138128, 1.014464, -0.001732
5.559086, 6.175585, -3.138091, 0.998752, -0.001751
5.518671, 6.175448, -3.138247, 0.990644, -0.001673
5.476766, 6.175308, -3.138294, 1.001133, -0.001649
5.390805, 6.175026, -3.138358, 1.001408, -0.001617
5.347408, 6.174894, -3.138239, 1.026953, -0.001677
5.298151, 6.174718, -3.138385, 0.999317, -0.001604
5.258908, 6.174591, -3.138409, 1.004106, -0.001592
5.216896, 6.174459, -3.138384, 1.004676, -0.001604
5.173451, 6.174315, -3.138406, 1.004289, -0.001593
5.126433, 6.174166, -3.138431, 1.003485, -0.001581
5.040386, 6.173893, -3.138425, 1.000868, -0.001584
4.991416, 6.173738, -3.138419, 0.999016, -0.001587
4.951416, 6.173611, -3.138407, 0.999289, -0.001593
4.910413, 6.173480, -3.138394, 1.002366, -0.001599
4.873556, 6.173353, -3.138953, 0.688976, -0.001320
4.848012, 6.173284, -3.139259, 0.413416, -0.001167
4.826745, 6.173222, -3.138976, 0.076185, -0.001309
4.825852, 6.173224, -3.138803, 0.000657, -0.001395
4.823786, 6.173011, 3.139024, 0.265152, 0.001284
4.800896, 6.173994, 3.116532, 0.690969, 0.012530
4.766676, 6.174850, 3.116955, 0.928351, 0.012318
4.724916, 6.175924, 3.115481, 0.991421, 0.013056
4.640969, 6.178150, 3.114972, 0.999313, 0.013310
4.603894, 6.179173, 3.115703, 0.649498, 0.012944
4.581145, 6.179765, 3.114445, 0.357872, 0.013573
4.569828, 6.180077, 3.114397, 0.219648, 0.013598
4.562832, 6.180266, 3.114311, 0.112373, 0.013640
4.560007, 6.180395, 3.114889, 0.077908, 0.013352
4.543760, 6.180776, 3.132286, 0.592823, 0.004653
4.472206, 6.181255, 3.128998, 0.981779, 0.006297
4.430453, 6.181770, 3.128960, 0.999080, 0.006316
4.388403, 6.182289, 3.129482, 1.002586, 0.006055
4.346384, 6.182809, 3.129760, 0.997824, 0.005916
4.303366, 6.183308, 3.129628, 0.999807, 0.005982
4.255356, 6.183885, 3.129808, 1.000663, 0.005893
4.172349, 6.184863, 3.129777, 0.998254, 0.005908
4.124293, 6.185433, 3.129741, 1.000835, 0.005926
4.080869, 6.185946, 3.129837, 1.014382, 0.005878
4.032772, 6.186514, 3.129714, 1.004688, 0.005939
3.992430, 6.186986, 3.129929, 1.010815, 0.005832
3.949519, 6.187489, 3.129838, 0.993447, 0.005877
3.902429, 6.188049, 3.129758, 1.002951, 0.005917
3.819577, 6.189032, 3.129728, 1.009883, 0.005932
3.776442, 6.189551, 3.129595, 1.003905, 0.005999
3.729187, 6.190115, 3.129581, 1.001648, 0.006006
3.688955, 6.190597, 3.129679, 1.010983, 0.005957
3.644348, 6.191135, 3.129588, 1.000332, 0.006002
3.597328, 6.191699, 3.129624, 1.001874, 0.005984
3.556353, 6.192191, 3.129658, 0.998277, 0.005967
3.463483, 6.193292, 3.129587, 1.010839, 0.006003
3.422127, 6.193787, 3.129644, 0.996685, 0.005974
3.380264, 6.194290, 3.129728, 0.999180, 0.005932
3.338250, 6.194785, 3.129802, 0.991840, 0.005895
3.295203, 6.195293, 3.129593, 1.017150, 0.006000
3.248048, 6.195855, 3.129673, 1.001238, 0.005960
3.165971, 6.196832, 3.129694, 0.995918, 0.005949
3.122667, 6.197350, 3.129666, 1.006049, 0.005963
3.075617, 6.197913, 3.129669, 1.002862, 0.005962
3.034337, 6.198407, 3.129660, 1.000008, 0.005967
2.992352, 6.198906, 3.129594, 1.008974, 0.005999
2.948979, 6.199426, 3.129609, 0.999790, 0.005992
2.900803, 6.200004, 3.129669, 1.010559, 0.005962
2.818544, 6.200982, 3.129585, 1.015591, 0.006004
2.771340, 6.201551, 3.129648, 1.003138, 0.005972
2.731108, 6.202030, 3.129621, 1.002773, 0.005986
2.689182, 6.202532, 3.129603, 1.002253, 0.005995
2.645757, 6.203050, 3.129694, 1.004492, 0.005949
2.599644, 6.203601, 3.129747, 1.004866, 0.005923
2.512445, 6.204632, 3.129636, 1.014981, 0.005978
2.469175, 6.205147, 3.129717, 1.000558, 0.005938
2.421001, 6.205717, 3.129771, 1.000842, 0.005911
2.381083, 6.206187, 3.129809, 0.998160, 0.005892
2.339651, 6.206676, 3.129823, 1.014911, 0.005885
2.296468, 6.207181, 3.129898, 1.003903, 0.005847
2.209136, 6.208199, 3.129816, 1.008128, 0.005888
2.165683, 6.208713, 3.129848, 1.001686, 0.005872
2.117493, 6.209280, 3.129887, 1.010020, 0.005853
2.078428, 6.209737, 3.129881, 0.998066, 0.005856
2.036234, 6.210228, 3.129780, 1.020348, 0.005906
1.992928, 6.210735, 3.129886, 1.001142, 0.005853
1.944671, 6.211298, 3.129941, 1.001399, 0.005826
1.863394, 6.212244, 3.130011, 1.009235, 0.005791
1.820280, 6.212745, 3.130040, 1.003620, 0.005776
1.772027, 6.213302, 3.130107, 0.995498, 0.005743
1.732029, 6.213760, 3.130052, 1.005645, 0.005770
1.688681, 6.214260, 3.130112, 1.000244, 0.005741
1.641490, 6.214798, 3.130147, 1.007751, 0.005723
1.559270, 6.215744, 3.130144, 1.012694, 0.005724
1.516131, 6.216236, 3.130201, 1.002419, 0.005696
1.468983, 6.216773, 3.130235, 0.997739, 0.005679
1.428056, 6.217235, 3.130178, 1.005990, 0.005707
1.386567, 6.217709, 3.130220, 1.005412, 0.005686
1.343473, 6.218203, 3.130255, 1.006896, 0.005669
1.295355, 6.218700, 3.130145, 0.994508, 0.005724
1.212971, 6.218585, -3.120878, 1.000666, -0.010357
1.163950, 6.216808, -3.089953, 1.008163, -0.025817
1.126012, 6.214372, -3.064469, 0.959313, -0.038552
1.085247, 6.210611, -3.035469, 0.991610, -0.053037
1.042605, 6.205526, -3.013958, 1.003061, -0.063774
0.996223, 6.199276, -3.002251, 0.989458, -0.069615
0.915132, 6.187526, -2.994347, 1.003829, -0.073557
0.872279, 6.181138, -2.992851, 1.014885, -0.074302
0.824790, 6.173998, -2.991897, 1.009370, -0.074778
0.785412, 6.168164, -2.998008, 0.994180, -0.071731
0.743715, 6.162519, -3.017949, 0.967688, -0.061783
0.698216, 6.157531, -3.047194, 0.988418, -0.047182
0.616918, 6.152110, -3.102948, 0.979611, -0.019321
0.575418, 6.151105, -3.131695, 0.956186, -0.004949
0.529859, 6.151412, 3.118670, 0.972903, 0.011461
0.490516, 6.152882, 3.090597, 1.000902, 0.025495
0.448115, 6.155682, 3.060959, 0.969131, 0.040306
0.400798, 6.160140, 3.037565, 0.996215, 0.051990
0.362032, 6.164359, 3.029050, 1.003573, 0.056241
0.277007, 6.174310, 3.022661, 0.999922, 0.059431
0.230359, 6.179891, 3.022272, 0.998600, 0.059625
0.190659, 6.184661, 3.021808, 1.003537, 0.059856
0.148951, 6.189688, 3.021644, 0.998002, 0.059938
0.106255, 6.194828, 3.021502, 1.002232, 0.060009
0.058350, 6.200605, 3.021546, 1.000801, 0.059987
-0.021651, 6.210254, 3.021825, 0.997138, 0.059848
-0.064322, 6.215383, 3.021923, 0.996710, 0.059799
-0.110871, 6.220934, 3.021846, 0.994698, 0.059838
-0.151595, 6.225831, 3.021675, 1.007364, 0.059923
-0.194497, 6.231004, 3.021698, 1.000037, 0.059911
-0.241278, 6.236631, 3.021728, 1.003125, 0.059896
-0.282488, 6.241593, 3.021642, 1.011083, 0.059939
-0.365993, 6.251651, 3.021704, 0.999422, 0.059908
-0.408661, 6.256786, 3.021686, 0.995005, 0.059918
-0.456142, 6.262525, 3.021693, 0.963631, 0.059914
-0.487148, 6.266258, 3.021785, 0.626411, 0.059868
-0.509167, 6.268884, 3.021572, 0.432313, 0.059974
-0.541896, 6.272691, 3.033828, 0.921036, 0.053856
-0.620822, 6.279364, 3.079971, 0.945431, 0.030806
-0.661041, 6.281302, 3.105051, 0.984545, 0.018270
-0.703707, 6.282360, 3.131264, 1.032701, 0.005164
-0.746857, 6.282432, -3.137105, 1.021562, -0.002244
-0.790660, 6.282078, -3.131864, 1.023795, -0.004864
-0.839153, 6.281546, -3.129203, 1.000669, -0.006195
-0.922253, 6.280465, -3.127715, 1.013331, -0.006939
-0.969913, 6.279806, -3.127819, 1.006465, -0.006887
-1.011189, 6.279231, -3.127587, 1.002085, -0.007003
-1.053242, 6.278645, -3.127569, 1.003284, -0.007012
-1.096349, 6.278044, -3.127470, 0.999494, -0.007061
-1.143334, 6.277381, -3.127448, 0.999348, -0.007072
-1.225355, 6.276226, -3.127399, 1.005705, -0.007097
-1.268349, 6.275611, -3.127467, 1.000319, -0.007063
-1.316343, 6.274933, -3.127481, 1.000374, -0.007056
-1.356338, 6.274369, -3.127483, 1.000335, -0.007055
-1.398323, 6.273772, -3.127486, 0.999823, -0.007053
-1.441314, 6.273167, -3.127493, 0.999563, -0.007050
-1.488311, 6.272504, -3.127497, 1.000361, -0.007048
-1.574262, 6.271292, -3.127483, 1.000631, -0.007055
-1.622256, 6.270614, -3.127468, 1.000511, -0.007062
-1.662238, 6.270047, -3.127503, 0.997855, -0.007045
-1.704241, 6.269457, -3.127431, 1.002922, -0.007081
-1.747276, 6.268846, -3.127527, 1.000002, -0.007033
-1.794271, 6.268185, -3.127554, 1.000038, -0.007019
-1.834268, 6.267624, -3.127574, 1.000016, -0.007009
-1.919262, 6.266433, -3.127609, 1.000002, -0.006992
-1.965258, 6.265790, -3.127621, 1.000022, -0.006986
-2.006255, 6.265217, -3.127627, 1.000080, -0.006983
-2.048252, 6.264631, -3.127628, 1.000082, -0.006982
-2.090248, 6.264044, -3.127636, 1.000004, -0.006978
-2.174242, 6.262871, -3.127637, 1.000076, -0.006978
-2.216238, 6.262285, -3.127638, 1.000046, -0.006977
-2.258234, 6.261699, -3.127637, 1.000093, -0.006978
-2.300231, 6.261113, -3.127635, 0.999938, -0.006979
-2.343228, 6.260513, -3.127636, 1.000013, -0.006978
-2.390224, 6.259856, -3.127634, 0.999982, -0.006979
-2.473218, 6.258698, -3.127628, 1.000054, -0.006982
-2.520214, 6.258041, -3.127627, 1.000002, -0.006983
-2.561210, 6.257468, -3.127626, 1.000005, -0.006983
-2.603207, 6.256882, -3.127624, 1.000023, -0.006984
-2.645205, 6.256295, -3.127625, 0.999980, -0.006984
-2.687201, 6.255708, -3.127624, 1.000000, -0.006984
-2.772194, 6.254521, -3.127623, 1.000018, -0.006985
-2.820191, 6.253850, -3.127625, 1.000012, -0.006984
-2.860187, 6.253292, -3.127625, 1.000001, -0.006984
-2.901184, 6.252719, -3.127625, 1.000057, -0.006984
-2.944180, 6.252119, -3.127627, 1.000052, -0.006983
-2.992177, 6.251448, -3.127627, 1.000001, -0.006983
-3.074170, 6.250303, -3.127624, 0.999996, -0.006984
-3.116167, 6.249716, -3.127623, 0.999993, -0.006985
-3.158164, 6.249129, -3.127624, 0.999999, -0.006984
-3.200160, 6.248543, -3.127629, 0.999814, -0.006982
-3.243152, 6.247942, -3.127628, 0.999667, -0.006982
-3.290145, 6.247285, -3.127616, 0.999934, -0.006988
-3.373134, 6.246125, -3.127621, 1.000300, -0.006986
-3.415105, 6.245539, -3.127620, 1.000389, -0.006987
-3.457082, 6.244952, -3.127615, 1.000662, -0.006989
-3.499075, 6.244364, -3.127601, 1.000567, -0.006996
-3.542065, 6.243763, -3.127614, 0.997141, -0.006989
-3.588034, 6.243119, -3.127583, 0.999678, -0.007005
-3.671970, 6.241938, -3.127527, 1.000450, -0.007033
-3.718951, 6.241278, -3.127512, 0.999296, -0.007040
-3.758940, 6.240715, -3.127487, 0.999449, -0.007053
-3.800934, 6.240123, -3.127491, 0.999457, -0.007051
-3.843930, 6.239516, -3.127495, 1.000540, -0.007049
-3.890907, 6.238855, -3.127482, 0.999349, -0.007055
-3.972881, 6.237699, -3.127476, 0.999405, -0.007058
-4.014866, 6.237106, -3.127512, 0.996415, -0.007040
-4.056835, 6.236511, -3.127426, 1.003100, -0.007083
-4.098685, 6.235921, -3.127559, 1.000705, -0.007017
-4.142068, 6.235310, -3.127613, 1.018864, -0.006990
-4.189391, 6.234656, -3.127691, 0.999722, -0.006951
-4.272282, 6.233499, -3.127775, 1.003646, -0.006909
-4.314786, 6.232911, -3.127659, 1.005097, -0.006967
-4.356837, 6.232328, -3.127671, 1.002682, -0.006961
-4.398781, 6.231747, -3.127659, 0.996258, -0.006967
-4.440840, 6.231158, -3.127717, 1.013689, -0.006938
-4.530094, 6.229912, -3.127577, 1.003938, -0.007008
-4.572051, 6.229332, -3.127681, 1.001920, -0.006956
-4.613398, 6.228755, -3.127714, 1.012781, -0.006939
-4.654519, 6.228190, -3.127703, 0.997944, -0.006945
-4.699576, 6.227565, -3.127710, 0.999577, -0.006941
-4.748566, 6.226885, -3.127707, 1.000000, -0.006943
-4.829560, 6.225759, -3.127705, 1.000452, -0.006944
-4.872556, 6.225163, -3.127695, 0.999540, -0.006949
-4.918551, 6.224524, -3.127689, 0.999505, -0.006952
-4.966534, 6.223855, -3.127682, 0.998937, -0.006955
-5.006523, 6.223297, -3.127642, 0.998036, -0.006975
-5.049506, 6.222697, -3.127663, 1.000503, -0.006965
-5.096502, 6.222042, -3.127654, 0.999575, -0.006969
-5.177459, 6.220907, -3.127671, 0.998796, -0.006961
-5.218725, 6.220337, -3.127488, 0.663621, -0.007052
-5.242537, 6.219985, -3.127522, 0.400786, -0.007035
-5.258297, 6.219764, -3.127032, 0.489297, -0.007280
-5.286985, 6.219361, -3.128285, 0.909895, -0.006654
-5.328603, 6.218859, -3.130258, 0.989553, -0.005667
-5.375478, 6.218359, -3.131122, 0.994541, -0.005235
-5.457483, 6.217498, -3.131069, 1.001559, -0.005262
-5.499512, 6.217052, -3.130938, 1.000827, -0.005327
-5.541527, 6.216604, -3.130795, 1.000942, -0.005399
-5.583538, 6.216151, -3.130846, 1.001068, -0.005373
-5.625534, 6.215693, -3.130924, 1.000111, -0.005334
-5.714725, 6.214715, -3.131247, 1.001555, -0.005173
-5.756157, 6.214288, -3.131269, 1.005961, -0.005162
-5.797228, 6.213867, -3.131230, 0.999766, -0.005181
-5.838167, 6.213439, -3.131140, 0.996269, -0.005226
-5.881241, 6.212993, -3.131324, 1.006859, -0.005134
-5.927666, 6.212514, -3.131176, 1.001465, -0.005208
-5.967676, 6.212107, -3.131230, 1.001660, -0.005181
-6.060662, 6.211140, -3.131258, 1.000516, -0.005167
-6.101657, 6.210719, -3.131269, 0.998748, -0.005162
-6.142644, 6.210297, -3.131227, 0.998945, -0.005183
-6.184634, 6.209862, -3.131243, 1.000492, -0.005175
-6.227631, 6.209418, -3.131234, 0.999419, -0.005179
-6.274587, 6.208929, -3.131273, 0.998198, -0.005160
-6.356558, 6.208084, -3.131303, 1.007654, -0.005145
-6.398935, 6.207658, -3.131148, 0.967068, -0.005222
-6.436655, 6.207284, -3.131032, 0.667539, -0.005280
-6.464059, 6.206890, -3.131494, 0.786105, -0.005049
-6.500393, 6.206314, -3.113135, 0.873676, -0.014228
-6.543564, 6.204481, -3.086159, 0.955203, -0.027713
-6.625895, 6.197644, -3.032621, 1.022650, -0.054459
-6.672692, 6.191773, -3.001201, 0.967724, -0.070138
-6.710801, 6.185851, -2.973682, 0.974761, -0.083857
-6.752052, 6.178229, -2.944288, 1.007468, -0.098493
-6.794134, 6.169161, -2.913836, 1.040381, -0.113632
-6.877811, 6.147016, -2.852184, 0.991926, -0.144200
-6.918971, 6.134076, -2.821854, 1.014838, -0.159189
-6.964703, 6.118002, -2.787154, 1.015243, -0.176293
-7.001542, 6.103769, -2.759385, 0.967624, -0.189943
-7.037808, 6.088586, -2.731354, 0.993035, -0.203684
-7.077242, 6.070714, -2.700578, 1.026652, -0.218725
-7.120332, 6.049432, -2.670341, 0.996365, -0.233452
-7.192930, 6.011545, -2.654680, 1.003762, -0.241059
-7.234680, 5.989362, -2.652030, 1.004228, -0.242344
-7.270009, 5.970527, -2.651353, 1.000066, -0.242672
-7.306179, 5.951218, -2.651051, 0.999312, -0.242819
-7.344110, 5.930946, -2.650892, 1.002163, -0.242896
-7.384685, 5.909257, -2.650819, 1.002537, -0.242932
-7.458060, 5.870053, -2.651147, 1.004273, -0.242772
-7.497773, 5.848846, -2.651062, 0.999232, -0.242814
-7.533937, 5.829528, -2.651069, 0.999797, -0.242810
-7.569956, 5.810290, -2.651068, 0.997947, -0.242811
-7.607156, 5.790419, -2.651102, 0.994451, -0.242794
-7.683499, 5.749470, -2.643056, 0.981875, -0.246695
-7.719535, 5.729359, -2.621178, 0.993368, -0.257281
-7.755419, 5.708173, -2.595311, 0.998814, -0.269757
-7.795427, 5.682982, -2.563611, 1.037240, -0.284985
-7.828678, 5.660621, -2.536041, 0.975742, -0.298171
-7.864447, 5.635012, -2.505107, 0.977669, -0.312898
-7.927753, 5.585331, -2.447994, 0.987383, -0.339889
-7.959597, 5.558084, -2.418965, 0.969967, -0.353504
-7.993630, 5.527082, -2.386439, 0.997270, -0.368669
-8.022335, 5.499609, -2.370678, 1.027842, -0.375983
-8.053708, 5.468838, -2.363275, 1.004141, -0.379410
-8.087832, 5.435055, -2.359866, 1.000891, -0.380987
-8.145986, 5.377221, -2.358159, 0.999986, -0.381776
-8.176428, 5.346873, -2.357930, 0.997486, -0.381881
-8.209547, 5.313860, -2.358027, 0.987034, -0.381837
-8.238510, 5.285010, -2.357797, 1.007717, -0.381943
-8.267899, 5.255716, -2.357814, 1.004941, -0.381935
-8.297619, 5.226086, -2.357747, 0.996676, -0.381966
-8.357678, 5.166223, -2.357825, 1.000107, -0.381930
-8.388134, 5.135866, -2.357812, 1.000011, -0.381936
-8.421422, 5.102684, -2.357793, 1.000018, -0.381945
-8.450082, 5.073970, -2.351742, 0.989156, -0.384739
-8.479949, 5.043314, -2.332992, 0.997139, -0.393376
-8.511513, 5.009404, -2.305887, 0.975946, -0.405799
-8.537958, 4.979347, -2.279044, 0.973857, -0.418029
-8.590581, 4.914167, -2.221777, 0.994979, -0.443865
-8.618208, 4.876748, -2.189952, 0.982741, -0.458068
-8.641608, 4.842880, -2.160500, 0.985568, -0.471108
-8.664655, 4.807268, -2.130900, 0.989259, -0.484111
-8.685947, 4.772280, -2.103872, 1.008562, -0.495891
-8.706263, 4.736803, -2.085052, 0.987983, -0.504040
-8.747913, 4.661835, -2.073092, 1.000505, -0.509196
-8.769077, 4.623251, -2.071284, 0.999711, -0.509974
-8.788281, 4.588156, -2.070815, 1.007625, -0.510175
-8.808402, 4.551294, -2.070473, 1.004721, -0.510323
-8.828524, 4.514421, -2.070422, 1.005519, -0.510344
-8.868621, 4.440902, -2.070621, 1.001528, -0.510259
-8.889225, 4.403171, -2.070565, 0.997623, -0.510283
-8.912228, 4.361041, -2.070544, 0.997623, -0.510292
-8.931316, 4.326042, -2.070584, 0.990969, -0.510275
-8.951891, 4.288372, -2.070684, 0.999130, -0.510232
-8.972502, 4.250634, -2.070727, 1.000633, -0.510214
-8.995035, 4.209379, -2.070712, 1.000528, -0.510220
-9.035248, 4.135717, -2.070819, 1.009611, -0.510174
-9.055596, 4.098086, -2.059429, 0.994393, -0.515063
-9.076598, 4.057307, -2.033610, 0.990107, -0.526086
-9.094468, 4.020287, -2.007193, 0.985589, -0.537272
-9.112189, 3.980736, -1.977223, 1.004674, -0.549850
-9.130094, 3.937183, -1.944064, 1.017884, -0.563622
-9.157051, 3.861706, -1.887654, 0.955707, -0.586693
-9.169669, 3.821219, -1.859526, 1.008976, -0.598024
-9.182660, 3.775052, -1.829168, 1.025917, -0.610120
-9.192393, 3.736033, -1.802561, 0.944932, -0.620606
-9.201008, 3.697102, -1.774618, 0.960293, -0.631501
-9.208903, 3.655813, -1.745505, 0.998985, -0.642720
-9.216425, 3.608697, -1.713023, 1.006641, -0.655077
-9.225674, 3.527665, -1.655883, 0.975970, -0.676393
-9.228871, 3.481632, -1.624292, 1.026372, -0.687943
-9.230627, 3.432914, -1.590321, 0.996966, -0.700170
-9.230817, 3.391647, -1.560431, 1.026901, -0.710762
-9.229762, 3.349125, -1.530379, 1.007511, -0.721251
-9.227525, 3.305253, -1.511972, 1.020177, -0.727595
-9.224500, 3.257810, -1.503867, 1.001729, -0.730370
-9.218682, 3.173993, -1.499637, 1.000194, -0.731812
-9.215571, 3.131094, -1.499315, 0.995155, -0.731922
-9.212031, 3.083211, -1.499613, 1.003845, -0.731821
-9.209187, 3.043310, -1.499452, 1.002298, -0.731876
-9.206105, 3.000417, -1.499400, 0.997665, -0.731893
-9.202569, 2.952362, -1.499354, 1.011711, -0.731909
-9.199590, 2.910784, -1.499394, 1.009749, -0.731895
-9.193528, 2.825903, -1.499533, 1.001222, -0.731848
-9.190115, 2.778125, -1.499526, 1.000543, -0.731850
-9.187266, 2.738234, -1.499500, 1.001361, -0.731859
-9.184301, 2.697346, -1.499731, 0.997649, -0.731781
-9.181123, 2.655193, -1.489212, 0.976491, -0.735355
-9.176797, 2.608859, -1.464253, 0.970168, -0.743755
-9.165806, 2.526954, -1.410728, 1.014505, -0.761376
-9.158189, 2.483984, -1.380729, 0.996533, -0.771014
-9.150877, 2.447723, -1.360658, 0.706820, -0.777366
-9.143304, 2.413843, -1.342033, 0.931775, -0.783190
-9.133427, 2.373809, -1.315848, 1.011664, -0.791263
-9.121931, 2.332067, -1.288219, 0.983494, -0.799635
-9.108607, 2.288634, -1.257800, 0.957512, -0.808675
-9.079613, 2.205773, -1.219137, 1.011777, -0.819895
-9.062697, 2.160100, -1.213816, 1.015403, -0.821415
-9.048435, 2.121985, -1.212238, 1.003672, -0.821865
-9.033672, 2.082629, -1.211411, 0.999214, -0.822101
-9.018906, 2.043330, -1.211063, 0.999953, -0.822200
-9.006352, 2.010005, -1.211323, 0.662155, -0.822126
-8.997580, 1.986712, -1.211554, 0.408381, -0.822060
-8.981420, 1.943185, -1.209857, 0.821623, -0.822543
-8.962692, 1.893588, -1.210414, 0.997092, -0.822384
-8.948212, 1.855240, -1.211027, 0.996654, -0.822210
-8.933419, 1.815966, -1.210631, 0.996433, -0.822323
-8.918271, 1.775726, -1.210805, 1.002654, -0.822273
-8.903123, 1.735494, -1.210096, 0.999387, -0.822475
-8.886454, 1.691367, -1.209619, 0.998678, -0.822610
-8.871992, 1.653115, -1.209769, 0.997436, -0.822568
-8.841932, 1.573528, -1.209533, 1.008278, -0.822635
-8.824990, 1.528689, -1.209363, 0.995303, -0.822683
-8.810495, 1.490346, -1.209578, 1.004802, -0.822622
-8.795615, 1.450946, -1.209661, 0.998194, -0.822598
-8.780364, 1.410555, -1.209488, 1.013998, -0.822648
-8.763660, 1.366360, -1.209608, 1.000169, -0.822614
-8.734331, 1.288716, -1.209594, 0.999376, -0.822618
-8.719141, 1.248512, -1.209570, 0.999736, -0.822624
-8.703947, 1.208292, -1.209573, 0.999450, -0.822624
-8.687338, 1.164335, -1.209610, 0.998909, -0.822613
-8.672474, 1.124986, -1.209574, 1.003590, -0.822623
-8.657330, 1.085499, -1.200170, 0.980704, -0.825287
-8.639735, 1.041732, -1.176011, 0.997678, -0.832049
-8.604711, 0.963649, -1.121505, 1.011518, -0.846855
-8.584208, 0.922786, -1.090061, 0.965513, -0.855111
-8.564494, 0.886314, -1.061271, 1.002341, -0.862486
-8.542639, 0.848547, -1.030772, 1.034650, -0.870102
-8.519288, 0.810959, -0.999528, 1.002216, -0.877696
-8.495438, 0.775064, -0.968971, 0.980198, -0.884915
-8.446568, 0.708182, -0.911368, 1.012957, -0.897960
-8.419235, 0.673892, -0.893100, 1.011467, -0.901942
-8.389491, 0.637280, -0.884744, 1.004650, -0.903739
-8.363391, 0.605498, -0.881667, 1.003409, -0.904396
-8.335744, 0.572010, -0.879976, 1.009169, -0.904757
-8.308388, 0.538925, -0.879497, 0.994348, -0.904859
-8.278450, 0.502752, -0.879385, 1.005280, -0.904883
-8.222984, 0.435781, -0.879387, 0.998610, -0.904882
-8.193610, 0.400287, -0.879484, 1.006827, -0.904862
-8.169311, 0.370930, -0.879512, 0.992803, -0.904856
-8.143139, 0.339303, -0.879235, 1.013546, -0.904914
-8.100243, 0.287486, -0.879352, 0.996582, -0.904890
-8.076157, 0.258399, -0.877755, 0.979557, -0.905229
-8.049413, 0.226573, -0.864319, 0.996254, -0.908063
-8.018402, 0.191085, -0.839482, 0.961287, -0.913194
-7.992210, 0.162672, -0.813272, 0.981311, -0.918456
-7.931427, 0.102060, -0.754497, 1.054271, -0.929682
-7.897247, 0.070993, -0.722530, 0.973589, -0.935450
-7.866737, 0.044892, -0.693500, 0.980765, -0.940482
-7.833559, 0.018147, -0.663171, 1.018065, -0.945527
-7.798423, -0.008386, -0.630824, 0.996461, -0.950669
-7.753516, -0.039862, -0.592210, 0.977533, -0.956480
-7.721730, -0.060632, -0.565109, 0.979309, -0.960346
-7.651592, -0.102311, -0.513174, 0.994991, -0.967262
-7.611422, -0.124641, -0.503102, 1.003677, -0.968528
-7.581443, -0.141071, -0.499707, 1.006674, -0.968949
-7.544984, -0.160933, -0.497703, 1.020231, -0.969196
-7.469073, -0.202144, -0.497279, 0.997762, -0.969248
-7.431280, -0.222639, -0.497075, 1.002421, -0.969273
-7.389960, -0.245056, -0.496877, 0.997506, -0.969298
-7.353987, -0.264536, -0.496995, 0.999727, -0.969283
-7.316830, -0.284685, -0.497193, 1.018670, -0.969259
-7.279558, -0.304914, -0.496898, 1.014483, -0.969295
-7.241074, -0.325777, -0.497177, 1.009738, -0.969261
-7.163822, -0.367689, -0.497238, 0.995509, -0.969253
-7.125736, -0.388360, -0.497022, 1.022332, -0.969280
-7.086700, -0.409526, -0.497058, 0.997456, -0.969275
-7.051465, -0.428634, -0.497304, 1.013739, -0.969245
-7.013496, -0.449245, -0.497256, 1.002961, -0.969251
-6.971668, -0.471943, -0.497321, 1.012069, -0.969243
-6.898769, -0.511506, -0.497444, 0.993521, -0.969228
-6.860900, -0.532071, -0.497282, 1.012714, -0.969248
-6.819145, -0.554732, -0.497370, 0.999029, -0.969237
-6.782313, -0.574727, -0.497432, 0.997589, -0.969229
-6.744613, -0.595197, -0.497430, 1.000630, -0.969229
-6.703313, -0.617623, -0.497436, 0.999059, -0.969229
-6.668218, -0.636677, -0.497460, 1.000134, -0.969226
-6.592531, -0.677775, -0.497350, 1.006278, -0.969239
-6.551714, -0.699933, -0.497372, 1.000321, -0.969237
-6.511323, -0.721853, -0.497398, 0.999304, -0.969233
-6.470062, -0.744254, -0.497417, 0.999260, -0.969231
-6.433817, -0.763927, -0.497208, 1.015383, -0.969257
-6.395694, -0.784619, -0.497188, 0.994052, -0.969259
-6.357943, -0.805110, -0.497487, 0.999492, -0.969223
-6.280351, -0.847237, -0.497332, 1.003779, -0.969242
-6.242731, -0.867624, -0.496333, 0.984452, -0.969364
-6.200690, -0.889996, -0.480683, 0.994517, -0.971257
-6.164291, -0.908559, -0.461304, 0.995231, -0.973518
-6.128029, -0.926082, -0.438302, 0.966768, -0.976082
-6.090156, -0.943183, -0.409558, 0.970682, -0.979106
-6.051363, -0.959340, -0.380123, 0.996870, -0.981993
-5.967567, -0.989782, -0.317269, 0.971833, -0.987444
-5.928504, -1.001968, -0.287675, 0.975931, -0.989673
-5.888163, -1.013251, -0.257497, 1.029873, -0.991723
-5.845467, -1.023755, -0.225671, 0.998395, -0.993641
-5.803977, -1.032626, -0.195776, 0.982331, -0.995213
-5.758720, -1.040826, -0.162864, 0.988063, -0.996686
-5.675090, -1.051964, -0.102040, 0.997142, -0.998699
-5.632902, -1.055635, -0.072197, 0.974752, -0.999349
-5.586790, -1.058201, -0.038816, 1.012312, -0.999812
-5.545581, -1.059188, -0.009641, 0.989960, -0.999988
-5.503100, -1.058954, 0.021340, 0.980412, -0.999943
-5.461025, -1.057440, 0.045052, 0.993228, -0.999746
-5.414468, -1.055058, 0.055758, 1.012284, -0.999611
-5.330519, -1.050077, 0.061729, 0.998435, -0.999524
-5.283580, -1.047163, 0.062517, 1.007369, -0.999511
-5.242113, -1.044565, 0.062982, 1.018764, -0.999504
-5.196012, -1.041640, 0.062830, 1.002126, -0.999507
-5.155357, -1.039082, 0.062681, 0.996532, -0.999509
-5.113354, -1.036444, 0.062769, 1.005813, -0.999508
-5.027821, -1.031066, 0.062707, 0.999177, -0.999509
-4.980919, -1.028121, 0.062682, 1.000413, -0.999509
-4.940000, -1.025553, 0.062687, 0.999489, -0.999509
-4.898082, -1.022922, 0.062687, 0.999541, -0.999509
-4.851195, -1.019979, 0.062680, 1.000444, -0.999509
-4.806286, -1.017160, 0.062701, 0.999496, -0.999509
-4.724448, -1.012023, 0.062701, 0.998708, -0.999509
-4.677603, -1.009080, 0.062662, 0.998819, -0.999509
-4.630413, -1.006121, 0.062758, 1.015638, -0.999508
-4.588989, -1.003517, 0.062642, 1.000727, -0.999510
-4.547162, -1.000891, 0.062719, 0.993124, -0.999508
-4.504487, -0.998210, 0.062734, 1.003158, -0.999508
-4.460106, -0.995425, 0.062833, 1.021794, -0.999507
-4.377912, -0.989389, 0.090521, 0.982938, -0.998976
-4.332878, -0.984659, 0.119143, 0.990162, -0.998226
-4.293634, -0.979443, 0.144529, 0.992776, -0.997390
-4.252272, -0.972898, 0.171958, 0.998958, -0.996306
-4.209362, -0.964844, 0.198351, 1.001257, -0.995086
-4.162628, -0.955135, 0.210090, 1.020037, -0.994488
-4.082193, -0.937666, 0.216126, 0.999315, -0.994167
-4.040260, -0.928450, 0.216764, 0.993311, -0.994132
-3.995456, -0.918583, 0.216741, 0.994761, -0.994134
-3.955459, -0.909771, 0.216811, 1.002207, -0.994130
-3.913484, -0.900514, 0.216814, 1.000596, -0.994130
-3.868566, -0.890617, 0.216882, 1.000983, -0.994126
-3.827549, -0.881579, 0.216905, 1.001012, -0.994125
-3.742736, -0.862881, 0.216863, 0.994548, -0.994127
-3.700782, -0.853636, 0.216892, 1.000630, -0.994125
-3.653907, -0.843307, 0.216910, 1.000395, -0.994125
-3.613911, -0.834492, 0.216927, 0.997082, -0.994124
-3.571950, -0.825245, 0.216928, 1.001058, -0.994124
-3.526053, -0.815130, 0.216951, 0.998850, -0.994122
-3.486013, -0.806303, 0.216955, 1.000780, -0.994122
-3.403094, -0.788020, 0.216958, 0.999209, -0.994122
-3.357195, -0.777902, 0.216944, 1.000838, -0.994123
-3.317176, -0.769076, 0.216999, 0.996107, -0.994120
-3.276512, -0.760043, 0.220151, 0.987376, -0.993948
-3.235917, -0.750640, 0.236796, 0.992913, -0.992999
-3.154430, -0.728747, 0.289681, 0.969368, -0.989529
-3.110631, -0.714919, 0.319805, 0.994360, -0.987243
-3.075429, -0.702886, 0.339051, 0.770978, -0.985665
-3.035321, -0.688542, 0.347222, 0.996230, -0.984967
-2.991184, -0.672476, 0.350550, 0.998424, -0.984679
-2.953602, -0.658691, 0.352512, 1.003239, -0.984507
-2.912776, -0.643660, 0.353521, 1.020561, -0.984418
-2.868125, -0.627202, 0.353613, 1.007037, -0.984410
-2.789577, -0.598190, 0.353521, 1.006324, -0.984418
-2.744860, -0.581689, 0.353425, 1.006166, -0.984427
-2.706347, -0.567481, 0.353403, 1.000080, -0.984429
-2.666974, -0.552951, 0.353395, 0.999263, -0.984430
-2.627571, -0.538416, 0.353394, 0.999166, -0.984430
-2.588166, -0.523881, 0.353399, 0.999274, -0.984429
-2.508516, -0.494499, 0.353411, 0.998918, -0.984428
-2.464421, -0.478232, 0.353411, 1.000604, -0.984428
-2.425955, -0.464043, 0.353417, 0.999466, -0.984428
-2.386613, -0.449528, 0.353345, 0.996267, -0.984434
-2.346194, -0.434617, 0.353462, 1.005052, -0.984424
-2.301458, -0.418110, 0.353413, 1.008651, -0.984428
-2.223624, -0.389398, 0.353400, 0.992134, -0.984429
-2.183350, -0.374540, 0.353447, 1.000382, -0.984425
-2.130813, -0.355156, 0.353484, 1.000425, -0.984422
-2.093297, -0.341311, 0.353471, 0.999874, -0.984423
-2.054839, -0.327121, 0.353503, 0.999418, -0.984420
-2.016300, -0.312901, 0.353342, 0.984472, -0.984434
-1.973424, -0.297041, 0.355311, 0.988652, -0.984261
-1.897250, -0.267310, 0.395086, 0.995734, -0.980552
-1.858211, -0.250369, 0.422089, 0.994014, -0.977813
-1.815413, -0.230404, 0.452443, 1.013095, -0.974521
-1.779354, -0.212328, 0.474625, 0.979298, -0.971973
-1.742001, -0.192888, 0.484389, 1.017976, -0.970814
-1.703197, -0.172367, 0.488291, 1.008340, -0.970344
-1.661649, -0.150245, 0.490066, 0.999133, -0.970129
-1.593393, -0.113794, 0.490285, 0.816024, -0.970103
-1.557792, -0.095096, 0.475655, 0.985062, -0.971852
-1.515734, -0.074147, 0.447654, 1.009528, -0.975055
-1.478930, -0.057095, 0.420345, 0.977387, -0.977995
-1.440821, -0.040691, 0.392688, 0.966780, -0.980786
-1.397926, -0.023695, 0.361674, 1.000202, -0.983694
-1.321364, 0.002743, 0.303388, 0.947098, -0.988516
-1.277217, 0.015792, 0.271748, 0.986816, -0.990783
-1.238285, 0.026319, 0.256253, 1.019480, -0.991803
-1.197241, 0.036867, 0.248301, 0.995073, -0.992303
-1.156700, 0.047083, 0.245666, 1.003947, -0.992466
-1.114769, 0.057578, 0.244492, 1.000933, -0.992537
-1.068222, 0.069216, 0.244082, 0.995177, -0.992562
-0.988051, 0.089419, 0.256767, 0.993819, -0.991770
-0.943123, 0.101812, 0.282539, 0.990604, -0.990038
-0.901795, 0.114457, 0.311276, 0.979438, -0.987913
-0.858259, 0.129218, 0.343016, 0.995520, -0.985329
-0.819317, 0.143775, 0.371228, 1.015850, -0.982823
-0.778937, 0.159884, 0.385329, 1.006940, -0.981498
-0.735257, 0.177749, 0.391237, 1.005655, -0.980928
-0.658938, 0.209401, 0.394359, 1.000590, -0.980623
-0.619236, 0.225935, 0.394723, 0.999567, -0.980587
-0.575853, 0.244009, 0.394941, 0.994814, -0.980566
-0.538005, 0.259789, 0.394908, 1.002178, -0.980569
-0.498313, 0.276339, 0.394999, 0.998030, -0.980560
-0.455125, 0.294411, 0.394640, 0.993407, -0.980595
-0.419348, 0.309302, 0.394836, 0.791267, -0.980576
-0.382182, 0.324785, 0.394539, 0.260144, -0.980605
-0.362366, 0.333037, 0.394442, 0.655223, -0.980615
-0.328739, 0.347031, 0.394614, 0.990752, -0.980598
-0.290088, 0.363139, 0.394461, 1.003742, -0.980613
-0.250407, 0.379671, 0.394780, 0.998995, -0.980582
-0.209782, 0.396601, 0.394565, 0.998642, -0.980603
-0.134280, 0.428120, 0.394161, 1.000307, -0.980642
-0.097984, 0.443222, 0.394317, 1.012805, -0.980627
-0.059435, 0.459261, 0.394153, 1.006357, -0.980643
-0.019694, 0.475817, 0.394123, 0.998541, -0.980646
0.024509, 0.494199, 0.394188, 0.997854, -0.980640
0.100203, 0.525682, 0.394198, 1.000473, -0.980639
0.143573, 0.543722, 0.394196, 0.998040, -0.980639
0.181163, 0.559415, 0.398484, 0.993813, -0.980217
0.219686, 0.575974, 0.414913, 0.999301, -0.978558
0.259059, 0.593822, 0.438058, 1.011385, -0.976109
0.301608, 0.614501, 0.469147, 0.962718, -0.972614
0.335987, 0.632500, 0.495326, 0.981003, -0.969488
0.401681, 0.669866, 0.534957, 0.774077, -0.964440
0.438820, 0.692318, 0.555848, 0.956319, -0.961627
0.471418, 0.713099, 0.579795, 0.940275, -0.958273
0.504656, 0.735508, 0.606423, 0.979496, -0.954382
0.539380, 0.760336, 0.635126, 1.008568, -0.949999
0.576860, 0.788915, 0.667107, 0.958544, -0.944885
0.633826, 0.836075, 0.714315, 0.675445, -0.936894
0.652329, 0.852216, 0.719547, 0.423647, -0.935977
0.664235, 0.862658, 0.721018, 0.359287, -0.935717
0.674880, 0.871955, 0.721955, 0.399899, -0.935552
0.694780, 0.889661, 0.733564, 0.869048, -0.933486
0.727534, 0.920073, 0.761623, 0.966769, -0.928363
0.783877, 0.976601, 0.811253, 0.989355, -0.918855
0.813394, 1.008525, 0.837774, 1.025463, -0.913542
0.844379, 1.043992, 0.868247, 0.999094, -0.907239
0.869668, 1.074619, 0.892269, 1.008149, -0.902122
0.898185, 1.110474, 0.903822, 1.005487, -0.899614
0.922941, 1.142053, 0.908158, 1.003096, -0.898665
0.973879, 1.207557, 0.910869, 0.999938, -0.898070
1.002074, 1.243908, 0.911229, 1.002585, -0.897991
1.026575, 1.275521, 0.911449, 1.002385, -0.897942
1.051703, 1.307974, 0.911884, 1.008998, -0.897847
1.083971, 1.349651, 0.911775, 1.002773, -0.897871
1.107872, 1.380518, 0.911763, 1.001263, -0.897873
1.158836, 1.446321, 0.911909, 1.013892, -0.897841
1.184737, 1.479774, 0.911691, 1.002691, -0.897889
1.212912, 1.516146, 0.911686, 1.001620, -0.897890
1.237384, 1.547727, 0.911782, 0.998266, -0.897869
1.263431, 1.581363, 0.911789, 0.923572, -0.897868
1.289555, 1.615098, 0.911673, 0.989236, -0.897893
1.340318, 1.680603, 0.911267, 0.993260, -0.897982
1.368529, 1.716993, 0.911218, 1.011449, -0.897993
1.391939, 1.747181, 0.911242, 1.002865, -0.897988
1.417064, 1.779584, 0.911239, 0.999482, -0.897989
1.442187, 1.811984, 0.911223, 0.999582, -0.897992
1.492434, 1.876783, 0.911230, 1.000282, -0.897991
1.518156, 1.909963, 0.911170, 0.995766, -0.898004
1.545861, 1.945668, 0.911246, 0.884349, -0.897987
1.562469, 1.967096, 0.911323, 0.512174, -0.897970
1.572839, 1.980495, 0.911282, 0.301454, -0.897979
1.579567, 1.989164, 0.911493, 0.189351, -0.897933
1.587023, 1.998786, 0.911638, 0.120090, -0.897901
1.594197, 2.008041, 0.907005, 0.415178, -0.898918
1.608756, 2.026416, 0.893824, 0.788335, -0.901786
1.633387, 2.056487, 0.871009, 0.977356, -0.906657
1.659560, 2.086568, 0.841026, 0.936405, -0.912880
1.689710, 2.119209, 0.808303, 0.972408, -0.919436
1.747403, 2.177699, 0.781413, 1.007689, -0.924640
1.780246, 2.210125, 0.777187, 0.996915, -0.925443
1.808753, 2.238144, 0.775455, 1.000059, -0.925771
1.839457, 2.268254, 0.774685, 1.000613, -0.925916
1.869424, 2.297560, 0.774466, 0.996664, -0.925957
1.927208, 2.354063, 0.774116, 0.998012, -0.926024
1.957241, 2.383425, 0.774076, 0.998691, -0.926031
1.990520, 2.415978, 0.773914, 0.977138, -0.926062
2.017936, 2.442766, 0.773940, 1.000260, -0.926057
2.049055, 2.473187, 0.773925, 1.003468, -0.926060
2.081954, 2.505365, 0.773926, 0.999710, -0.926060
2.140710, 2.562759, 0.773685, 0.996343, -0.926105
2.173627, 2.594563, 0.759875, 1.003556, -0.928688
2.203859, 2.622650, 0.736070, 0.979214, -0.933036
2.233347, 2.648697, 0.710647, 0.954926, -0.937534
2.265121, 2.675272, 0.682972, 0.977020, -0.942258
2.330186, 2.725207, 0.626696, 0.969116, -0.951307
2.360606, 2.746630, 0.600510, 0.952046, -0.955261
2.391745, 2.767351, 0.574469, 0.972824, -0.959031
2.427131, 2.789523, 0.545524, 1.014461, -0.963030
2.466755, 2.812671, 0.513052, 0.961501, -0.967277
2.533563, 2.847984, 0.459883, 0.981049, -0.973680
2.575179, 2.867756, 0.427426, 1.005375, -0.977250
2.609681, 2.882901, 0.400597, 0.962524, -0.980007
2.646735, 2.897977, 0.372344, 0.954892, -0.982720
2.688644, 2.913561, 0.341466, 1.007256, -0.985461
2.764455, 2.938161, 0.286003, 0.961268, -0.989793
2.806052, 2.949709, 0.255536, 0.964587, -0.991849
2.842435, 2.958671, 0.229032, 1.010229, -0.993450
2.883758, 2.967658, 0.199477, 1.013088, -0.995030
2.927157, 2.975725, 0.168473, 0.959307, -0.996454
3.004294, 2.986739, 0.119059, 1.012529, -0.998229
3.050715, 2.991945, 0.105932, 1.017878, -0.998598
3.089427, 2.995966, 0.101755, 1.017245, -0.998706
3.131373, 3.000215, 0.099816, 1.000385, -0.998755
3.177142, 3.004785, 0.099020, 1.000054, -0.998775
3.255757, 3.012583, 0.098540, 1.003435, -0.998786
3.300537, 3.017002, 0.098267, 0.998180, -0.998793
3.338300, 3.020728, 0.098248, 0.997969, -0.998794
3.380335, 3.024872, 0.098005, 0.999880, -0.998800
3.426018, 3.029319, 0.096787, 0.987161, -0.998829
3.505091, 3.035755, 0.059945, 1.027748, -0.999551
3.550060, 3.037782, 0.030648, 0.966106, -0.999883
3.586553, 3.038451, 0.005763, 0.963168, -0.999996
3.626774, 3.038117, -0.022583, 1.000843, -0.999936
3.672024, 3.036663, -0.039824, 1.001845, -0.999802
3.751764, 3.032921, -0.052324, 1.003109, -0.999658
3.797786, 3.030452, -0.054878, 1.000972, -0.999624
3.834748, 3.028409, -0.055839, 1.000308, -0.999610
3.876682, 3.026059, -0.056433, 1.000110, -0.999602
3.921620, 3.023515, -0.056712, 1.000403, -0.999598
4.002119, 3.019031, -0.051870, 0.993820, -0.999664
4.047334, 3.017092, -0.031590, 1.023403, -0.999875
4.086250, 3.016357, -0.007893, 0.998931, -0.999992
4.126923, 3.016572, 0.018998, 0.963290, -0.999955
4.172185, 3.018161, 0.050512, 0.997245, -0.999681
4.236019, 3.022354, 0.076153, 0.889369, -0.999275
4.280349, 3.025872, 0.082189, 0.986669, -0.999156
4.318075, 3.029021, 0.084171, 0.999418, -0.999115
4.358982, 3.032515, 0.085992, 1.000989, -0.999076
4.402824, 3.036317, 0.086989, 0.998244, -0.999054
4.451654, 3.040580, 0.087281, 0.999449, -0.999048
4.515898, 3.046200, 0.087003, 0.501349, -0.999054
4.534933, 3.047858, 0.086282, 0.285935, -0.999070
4.542976, 3.048539, 0.086395, 0.087465, -0.999067
4.544092, 3.048643, 0.086221, 0.001665, -0.999071
4.544108, 3.048648, 0.086217, 0.003111, -0.999071
4.544107, 3.048650, 0.086227, 0.002629, -0.999071
4.544107, 3.048650, 0.086235, 0.002446, -0.999071
4.544108, 3.048650, 0.086247, 0.002417, -0.999070
4.544109, 3.048650, 0.086253, 0.002415, -0.999070
4.544108, 3.048648, 0.086276, 0.002400, -0.999070
4.544109, 3.048648, 0.086283, 0.002398, -0.999070
4.544110, 3.048650, 0.086271, 0.002411, -0.999070
4.544110, 3.048648, 0.086303, 0.002402, -0.999069
4.544111, 3.048648, 0.086309, 0.002409, -0.999069
4.544112, 3.048650, 0.086297, 0.002426, -0.999069
4.544112, 3.048648, 0.086321, 0.002418, -0.999069
4.544113, 3.048648, 0.086328, 0.002427, -0.999069
4.544114, 3.048650, 0.086316, 0.002446, -0.999069
4.544114, 3.048648, 0.086348, 0.002445, -0.999068
4.544115, 3.048648, 0.086354, 0.002447, -0.999068
4.544116, 3.048651, 0.086342, 0.002471, -0.999068
4.544116, 3.048648, 0.086367, 0.002465, -0.999068
4.544117, 3.048651, 0.086355, 0.002484, -0.999068
4.544117, 3.048649, 0.086387, 0.002486, -0.999067
4.544119, 3.048651, 0.086375, 0.002504, -0.999068
4.544118, 3.048649, 0.086401, 0.002501, -0.999067
4.544120, 3.048651, 0.086390, 0.002521, -0.999067
4.544121, 3.048651, 0.086396, 0.002528, -0.999067
4.544120, 3.048649, 0.086423, 0.002525, -0.999067
4.544122, 3.048651, 0.086412, 0.002545, -0.999067
4.544123, 3.048652, 0.086425, 0.002564, -0.999066
4.544123, 3.048652, 0.086432, 0.002571, -0.999066
4.544123, 3.048649, 0.086458, 0.002570, -0.999066
4.544124, 3.048652, 0.086446, 0.002601, -0.999066
4.544125, 3.048652, 0.086453, 0.002618, -0.999066
4.544125, 3.048652, 0.086459, 0.002638, -0.999066
4.544126, 3.048652, 0.086473, 0.002688, -0.999065
4.544126, 3.048652, 0.086480, 0.002711, -0.999065
4.544126, 3.048650, 0.086507, 0.002716, -0.999065
4.544126, 3.048650, 0.086514, 0.002739, -0.999065
4.544126, 3.048650, 0.086521, 0.002767, -0.999064
4.544127, 3.048650, 0.086536, 0.002833, -0.999064
4.544128, 3.048653, 0.086522, 0.002895, -0.999064
4.544127, 3.048650, 0.086553, 0.002923, -0.999064
4.544128, 3.048650, 0.086560, 0.002966, -0.999064
4.544128, 3.048650, 0.086567, 0.003024, -0.999063
4.544129, 3.048653, 0.086552, 0.003088, -0.999064
4.544130, 3.048653, 0.086561, 0.003148, -0.999064
4.544131, 3.048654, 0.086576, 0.003247, -0.999063
4.544130, 3.048651, 0.086609, 0.003296, -0.999063
4.544130, 3.048650, 0.086620, 0.003405, -0.999062
4.544132, 3.048653, 0.086604, 0.003440, -0.999063
4.544131, 3.048650, 0.086640, 0.003484, -0.999062
