0.000000, -0.000013, 0.000005, 0.000003, 0.000200, 1.500000, 0.536689 
0.051000, -0.000013, 0.000005, 0.000003, 0.000200, 1.500000, 0.536689 
0.100000, -0.000013, 0.000005, 0.000003, 0.000200, 1.500000, 0.536689 
0.151000, -0.000013, 0.000005, 0.000003, 0.000200, 1.500000, 0.536689 
0.201000, -0.000013, 0.000005, 0.000003, 0.000200, 1.500000, 0.536689 
0.250000, 0.028454, 0.000193, 1.036593, 0.027187, 1.500000, 0.523599 
0.300000, 0.082457, 0.002703, 1.370416, 0.107682, 1.500000, 0.506145 
0.350000, 0.148507, 0.013001, 1.769866, 0.194544, 1.500000, 0.401426 
0.401000, 0.228589, 0.032910, 2.126304, 0.291895, 1.500000, 0.610865 
0.450000, 0.317121, 0.063455, 2.252553, 0.390159, 1.500000, 0.610865 
0.501000, 0.418843, 0.109223, 2.409130, 0.501049, 1.500000, 0.117810 
0.550000, 0.510590, 0.163599, 2.625010, 0.583658, 1.500000, 0.000000 
0.600000, 0.712778, 0.313013, 2.899065, 0.637004, 1.500000, -0.130900 
0.650000, 0.808471, 0.381606, 2.970914, 0.608926, 1.500000, -0.109083 
0.700000, 0.914260, 0.453424, 2.989061, 0.584904, 1.500000, -0.078540 
0.750000, 1.029749, 0.528518, 2.999472, 0.566861, 1.500000, -0.056723 
0.852000, 1.352867, 0.724293, 2.999180, 0.527714, 1.500000, -0.017453 
0.957000, 1.579031, 0.854510, 3.000094, 0.517580, 1.500000, -0.004363 
1.050000, 1.792895, 0.976076, 2.999172, 0.516621, 1.500000, 0.000000 
1.101000, 1.996362, 1.091646, 3.001130, 0.516649, 1.500000, 0.004363 
1.150000, 2.105882, 1.153966, 2.999730, 0.517748, 1.500000, -0.004363 
1.200000, 2.225855, 1.222151, 2.998543, 0.516050, 1.500000, 0.000000 
1.250000, 2.327626, 1.279893, 3.001600, 0.516092, 1.500000, 0.000000 
1.300000, 2.437213, 1.342090, 3.000045, 0.516124, 1.500000, -0.004363 
1.351000, 2.612149, 1.441100, 3.000571, 0.513570, 1.500000, -0.004363 
1.400000, 2.714101, 1.498542, 2.998412, 0.513024, 1.500000, 0.000000 
1.450000, 2.920619, 1.614895, 3.002397, 0.512690, 1.500000, 0.000000 
1.515000, 3.051360, 1.688466, 2.996653, 0.512029, 1.500000, 0.004363 
1.550000, 3.121987, 1.728151, 3.000253, 0.510645, 1.500000, -0.008727 
1.601000, 3.237304, 1.792428, 3.000761, 0.506837, 1.500000, -0.004363 
1.650000, 3.339611, 1.849186, 2.994765, 0.504849, 1.500000, -0.030543 
1.701000, 3.577101, 1.977043, 2.997857, 0.476918, 1.500000, -0.056723 
1.750000, 3.686696, 2.032454, 2.993575, 0.458975, 1.500000, -0.039270 
1.801000, 3.783668, 2.079717, 2.999122, 0.447812, 1.500000, -0.030543 
1.850000, 3.892064, 2.131089, 2.999002, 0.437285, 1.500000, -0.013090 
1.900000, 4.006372, 2.184024, 2.998595, 0.430322, 1.500000, -0.113446 
1.950000, 4.248833, 2.286807, 2.991933, 0.361728, 1.500000, -0.183260 
2.000000, 4.364215, 2.327773, 2.991373, 0.320646, 1.500000, -0.165806 
2.050000, 4.481173, 2.364377, 2.984155, 0.283848, 1.500000, -0.366519 
2.100000, 4.616493, 2.401370, 2.978527, 0.228314, 1.500000, -0.366519 
2.151000, 4.751313, 2.429214, 2.990798, 0.155082, 1.500000, -0.357792 
2.200000, 4.872326, 2.444754, 2.974999, 0.085026, 1.500000, -0.458149 
2.250000, 4.992416, 2.451478, 2.908610, 0.013293, 1.500000, 0.610865 
2.312000, 5.266923, 2.432848, 2.941881, -0.148018, 1.500000, 0.610865 
2.351000, 5.380507, 2.414554, 2.962656, -0.153642, 1.500000, -0.449422 
2.400000, 5.503349, 2.394070, 2.972658, -0.183821, 1.500000, -0.449422 
2.450000, 5.624548, 2.368561, 2.934196, -0.242216, 1.500000, -0.397062 
2.500000, 5.754727, 2.331933, 2.927338, -0.316243, 1.500000, -0.327249 
2.551000, 5.873439, 2.290104, 2.925017, -0.391229, 1.500000, 0.610865 
2.601000, 6.099715, 2.177246, 2.969063, -0.537785, 1.500000, -0.100356 
2.650000, 6.217868, 2.102019, 2.997285, -0.588947, 1.500000, -0.039270 
2.700000, 6.316914, 2.034580, 2.999383, -0.606596, 1.500000, -0.021817 
2.750000, 6.420048, 1.962240, 2.998476, -0.616798, 1.500000, -0.034907 
2.800000, 6.522308, 1.888745, 2.993770, -0.630632, 1.500000, -0.013090 
2.850000, 6.630965, 1.808744, 2.999455, -0.636300, 1.500000, 0.026180 
2.902000, 6.834029, 1.659667, 2.998268, -0.629598, 1.500000, 0.021817 
2.950000, 6.938399, 1.583913, 2.999292, -0.625556, 1.500000, 0.008727 
3.001000, 7.035693, 1.513765, 2.999192, -0.624675, 1.500000, 0.004363 
3.050000, 7.135527, 1.442084, 2.999010, -0.619786, 1.500000, 0.000000 
3.101000, 7.238115, 1.368947, 3.000371, -0.619997, 1.500000, -0.021817 
3.152000, 7.340545, 1.295597, 3.001302, -0.624466, 1.500000, 0.021817 
3.201000, 7.561833, 1.135604, 3.001880, -0.626741, 1.500000, 0.000000 
3.251000, 7.658998, 1.065155, 2.995089, -0.627032, 1.500000, 0.017453 
3.300000, 7.763546, 0.989609, 2.999628, -0.623828, 1.500000, 0.008727 
3.350000, 7.868291, 0.914439, 2.998863, -0.620755, 1.500000, -0.004363 
3.401000, 7.963413, 0.846398, 2.999649, -0.621273, 1.500000, -0.017453 
3.451000, 8.172670, 0.695622, 2.999630, -0.624701, 1.500000, 0.013090 
3.500000, 8.267595, 0.627229, 2.999758, -0.623634, 1.500000, -0.008727 
3.551000, 8.369781, 0.553598, 3.000408, -0.625728, 1.500000, 0.013090 
3.601000, 8.474263, 0.477947, 2.999704, -0.629128, 1.500000, 0.017453 
3.651000, 8.566437, 0.410847, 2.999628, -0.628186, 1.500000, 0.008727 
3.701000, 8.741428, 0.284249, 2.999683, -0.624639, 1.500000, 0.013090 
3.750000, 8.836406, 0.215936, 2.999746, -0.621512, 1.500000, 0.017453 
3.900000, 9.250219, -0.060595, 2.887815, -0.471916, 1.500000, 0.610865 
3.950000, 9.353308, -0.110299, 2.836781, -0.411964, 1.500000, 0.610865 
4.000000, 9.458698, -0.153400, 2.844328, -0.358064, 1.500000, 0.610865 
4.050000, 9.569039, -0.190596, 2.845761, -0.298827, 1.500000, 0.610865 
4.150000, 9.923727, -0.268508, 2.805279, -0.129178, 1.500000, 0.610865 
4.200000, 10.041341, -0.279839, 2.783043, -0.060881, 1.500000, 0.610865 
4.251000, 10.172781, -0.283642, 2.823647, 0.013002, 1.500000, 0.610865 
4.300000, 10.278918, -0.280002, 2.799831, 0.067670, 1.500000, 0.610865 
4.353000, 10.509124, -0.249604, 2.737319, 0.202535, 1.500000, 0.610865 
4.401000, 10.622665, -0.223320, 2.813745, 0.263776, 1.500000, 0.610865 
4.450000, 10.729802, -0.191529, 2.814663, 0.321692, 1.500000, 0.610865 
4.500000, 10.836523, -0.152122, 2.757114, 0.385898, 1.500000, 0.610865 
4.551000, 10.942761, -0.104450, 2.739840, 0.461357, 1.500000, 0.610865 
4.600000, 11.147873, 0.017289, 2.722263, 0.619992, 1.500000, 0.610865 
4.650000, 11.206765, 0.060817, 2.733426, 0.669361, 1.500000, 0.610865 
4.700000, 11.283991, 0.126336, 2.743114, 0.731910, 1.500000, 0.610865 
4.750000, 11.442265, 0.288068, 2.749244, 0.870640, 1.500000, 0.610865 
4.801000, 11.513288, 0.376906, 2.786404, 0.932055, 1.500000, 0.610865 
4.850000, 11.553505, 0.433585, 2.804026, 0.974670, 1.500000, 0.610865 
4.901000, 11.670849, 0.628640, 2.807012, 1.102602, 1.500000, 0.213803 
4.950000, 11.720169, 0.734132, 2.861077, 1.168553, 1.500000, 0.191986 
5.000000, 11.763892, 0.847568, 2.932736, 1.238024, 1.500000, 0.130900 
5.051000, 11.803751, 0.974047, 2.968268, 1.291926, 1.500000, 0.205076 
5.101000, 11.834733, 1.091920, 2.982813, 1.336035, 1.500000, 0.191986 
5.154000, 11.884526, 1.349638, 2.977453, 1.425347, 1.500000, 0.239983 
5.214000, 11.900937, 1.483095, 2.996388, 1.470377, 1.500000, 0.266163 
5.300000, 11.914764, 1.730667, 2.974090, 1.575882, 1.500000, 0.231256 
5.350000, 11.911665, 1.855837, 2.983426, 1.630011, 1.500000, 0.183260 
5.401000, 11.900414, 1.992630, 2.992011, 1.677493, 1.500000, 0.170170 
5.450000, 11.883618, 2.123135, 2.997780, 1.721830, 1.500000, 0.209440 
5.500000, 11.833304, 2.378016, 2.989415, 1.810420, 1.500000, 0.143990 
5.550000, 11.802356, 2.496862, 2.990844, 1.841758, 1.500000, 0.122173 
5.601000, 11.767106, 2.617456, 2.978948, 1.873654, 1.500000, 0.183260 
5.650000, 11.726485, 2.738748, 3.000188, 1.914612, 1.500000, 0.170170 
5.701000, 11.683113, 2.853350, 2.988111, 1.950267, 1.500000, 0.165806 
5.751000, 11.582116, 3.083196, 2.968720, 2.025504, 1.500000, 0.239983 
5.801000, 11.524247, 3.194440, 3.001261, 2.074799, 1.500000, 0.209440 
5.850000, 11.454910, 3.313230, 3.006163, 2.124054, 1.500000, 0.187623 
5.900000, 11.387014, 3.418118, 2.985933, 2.166589, 1.500000, 0.165806 
5.950000, 11.262443, 3.589622, 2.995883, 2.230300, 1.500000, 0.170170 
6.000000, 11.187822, 3.682752, 2.993021, 2.262707, 1.500000, 0.139626 
6.050000, 11.100596, 3.784832, 2.988209, 2.294837, 1.500000, 0.148353 
6.100000, 11.003792, 3.890470, 2.982495, 2.332396, 1.500000, 0.157080 
6.151000, 10.911289, 3.983976, 2.976721, 2.370396, 1.500000, 0.161443 
6.200000, 10.810769, 4.077469, 2.978327, 2.412061, 1.500000, 0.130900 
6.251000, 10.709089, 4.165277, 2.990154, 2.449136, 1.500000, 0.161443 
6.300000, 10.599120, 4.252420, 2.986048, 2.495318, 1.500000, 0.187623 
6.551000, 9.920820, 4.634340, 2.984733, 2.761185, 1.500000, 0.152716 
6.600000, 9.811848, 4.675842, 2.986723, 2.796184, 1.500000, 0.095993 
6.651000, 9.607354, 4.743525, 2.999967, 2.847104, 1.500000, 0.091630 
6.700000, 9.492240, 4.776789, 2.993038, 2.874122, 1.500000, 0.013090 
6.750000, 9.376274, 4.807459, 2.999892, 2.887403, 1.500000, -0.008727 
6.801000, 9.257187, 4.838280, 3.002089, 2.888985, 1.500000, -0.008727 
6.851000, 9.004484, 4.903122, 2.996574, 2.898471, 1.500000, -0.004363 
6.901000, 8.893665, 4.929920, 2.999802, 2.908955, 1.500000, -0.013090 
6.951000, 8.768120, 4.959520, 2.996021, 2.913922, 1.500000, 0.065450 
7.000000, 8.633661, 4.990120, 2.997463, 2.918919, 1.500000, 0.061087 
7.051000, 8.519571, 5.015637, 3.001482, 2.927446, 1.500000, -0.017453 
7.101000, 8.284834, 5.064636, 2.992973, 2.945756, 1.500000, 0.056723 
7.150000, 8.152338, 5.089787, 2.992684, 2.964021, 1.500000, -0.047997 
7.200000, 8.010605, 5.114333, 2.999883, 2.970993, 1.500000, -0.056723 
7.251000, 7.895388, 5.134693, 2.998953, 2.959844, 1.500000, -0.047997 
7.300000, 7.774608, 5.157713, 3.000281, 2.945799, 1.500000, 0.065450 
7.352000, 7.533512, 5.204887, 2.991636, 2.963728, 1.500000, -0.030543 
7.400000, 7.400686, 5.227817, 2.996040, 2.972856, 1.500000, -0.039270 
7.450000, 7.285402, 5.247591, 2.998891, 2.967505, 1.500000, -0.034907 
7.502000, 7.158500, 5.270489, 2.999924, 2.959329, 1.500000, -0.026180 
7.550000, 7.031746, 5.294302, 2.999915, 2.952796, 1.500000, 0.082903 
7.600000, 6.890440, 5.321458, 2.995092, 2.956833, 1.500000, 0.087266 
7.653000, 6.642456, 5.364153, 3.000692, 2.979634, 1.500000, 0.065450 
7.700000, 6.500316, 5.386968, 3.009132, 2.988885, 1.500000, 0.065450 
7.750000, 6.387680, 5.403721, 2.997139, 2.999317, 1.500000, -0.039270 
7.800000, 6.262866, 5.420847, 2.998698, 3.006886, 1.500000, -0.052360 
7.851000, 6.126149, 5.439349, 2.997033, 3.009607, 1.500000, -0.047997 
7.901000, 6.010197, 5.454501, 3.001937, 3.010972, 1.500000, -0.052360 
7.955000, 5.885391, 5.471554, 2.998339, 2.998085, 1.500000, -0.043633 
8.000000, 5.606554, 5.512500, 2.998181, 3.004027, 1.500000, 0.069813 
8.050000, 5.496568, 5.527237, 2.996553, 3.013804, 1.500000, 0.056723 
8.100000, 5.368602, 5.543137, 2.996831, 3.023856, 1.500000, -0.047997 
8.151000, 5.231737, 5.559201, 2.994420, 3.023881, 1.500000, 0.052360 
8.201000, 5.118587, 5.572449, 2.999847, 3.027841, 1.500000, 0.052360 
8.253000, 4.906966, 5.595593, 2.999001, 3.034752, 1.500000, 0.047997 
8.300000, 4.805635, 5.606374, 2.998786, 3.038025, 1.500000, 0.047997 
8.351000, 4.665475, 5.620251, 2.997056, 3.049591, 1.500000, -0.065450 
8.400000, 4.513108, 5.634169, 3.001608, 3.045924, 1.500000, 0.039270 
8.450000, 4.387734, 5.646491, 2.999677, 3.044689, 1.500000, -0.056723 
8.501000, 4.104446, 5.676157, 2.997234, 3.027220, 1.500000, -0.039270 
8.551000, 3.979357, 5.690732, 3.000778, 3.022124, 1.500000, -0.034907 
8.601000, 3.854331, 5.706125, 2.997908, 3.014425, 1.500000, 0.087266 
8.650000, 3.726471, 5.722412, 2.998475, 3.020057, 1.500000, 0.091630 
8.700000, 3.586398, 5.738692, 2.995929, 3.029720, 1.500000, 0.078540 
8.751000, 3.464225, 5.752228, 2.993509, 3.036227, 1.500000, -0.030543 
8.801000, 3.327004, 5.765937, 2.999656, 3.043863, 1.500000, 0.069813 
8.850000, 3.079164, 5.789716, 2.997528, 3.045587, 1.500000, -0.039270 
8.901000, 2.950789, 5.802090, 2.996770, 3.046142, 1.500000, 0.074176 
8.951000, 2.822371, 5.814173, 2.999027, 3.050223, 1.500000, 0.074176 
9.000000, 2.682041, 5.825774, 2.988471, 3.069216, 1.500000, 0.065450 
9.051000, 2.550519, 5.834242, 2.992974, 3.085110, 1.500000, 0.047997 
9.100000, 2.409888, 5.840984, 2.997639, 3.103233, 1.500000, 0.030543 
9.150000, 2.287052, 5.845093, 3.000130, 3.111898, 1.500000, -0.095993 
9.201000, 2.014603, 5.855950, 2.995543, 3.080388, 1.500000, -0.074176 
9.251000, 1.892130, 5.864595, 2.995119, 3.061458, 1.500000, -0.047997 
9.300000, 1.766720, 5.875552, 2.998358, 3.046643, 1.500000, -0.026180 
9.351000, 1.635437, 5.888779, 2.995766, 3.034033, 1.500000, -0.017453 
9.401000, 1.495335, 5.904430, 2.996780, 3.025972, 1.500000, 0.122173 
9.450000, 1.379484, 5.917262, 2.990421, 3.043756, 1.500000, 0.113446 
9.505000, 1.125881, 5.936984, 3.001799, 3.076194, 1.500000, -0.039270 
9.550000, 0.982220, 5.946501, 2.997387, 3.073573, 1.500000, -0.034907 
9.601000, 0.859510, 5.954891, 3.005233, 3.072455, 1.500000, 0.095993 
9.650000, 0.724914, 5.963660, 3.001498, 3.085491, 1.500000, -0.034907 
9.701000, 0.578208, 5.970823, 2.995476, 3.095868, 1.500000, -0.043633 
9.750000, 0.458346, 5.976313, 2.996021, 3.095147, 1.500000, 0.087266 
9.800000, 0.332596, 5.981960, 2.990654, 3.101585, 1.500000, -0.039270 
9.851000, 0.194894, 5.987070, 2.995019, 3.104735, 1.500000, -0.043633 
9.903000, -0.071830, 5.997251, 2.998326, 3.101287, 1.500000, -0.021817 
9.950000, -0.194703, 6.002211, 2.998957, 3.101176, 1.500000, -0.008727 
10.000000, -0.320576, 6.007486, 2.996963, 3.098073, 1.500000, 0.000000 
10.050000, -0.452457, 6.013270, 2.999974, 3.098261, 1.500000, 0.030543 
10.112000, -0.701087, 6.020681, 2.999003, 3.129711, 1.500000, 0.056723 
10.201000, -0.946453, 6.018793, 2.987959, -3.112075, 1.500000, 0.078540 
10.250000, -1.075008, 6.013277, 2.982740, -3.085642, 1.500000, 0.087266 
10.302000, -1.203264, 6.004353, 2.993422, -3.059059, 1.500000, 0.091630 
10.358000, -1.408278, 5.983115, 2.981819, -3.017508, 1.500000, 0.104720 
10.401000, -1.532789, 5.965923, 2.988258, -2.989826, 1.500000, 0.095993 
10.451000, -1.659659, 5.944770, 2.997318, -2.965340, 1.500000, 0.069813 
10.501000, -1.800775, 5.917902, 2.995352, -2.941295, 1.500000, 0.056723 
10.550000, -1.917887, 5.893030, 2.997186, -2.925431, 1.500000, 0.034907 
10.601000, -2.040681, 5.865361, 2.997082, -2.915246, 1.500000, 0.021817 
10.665000, -2.294506, 5.805172, 2.999474, -2.903075, 1.500000, 0.008727 
10.705000, -2.416836, 5.775143, 2.999328, -2.898493, 1.500000, 0.004363 
10.750000, -2.539033, 5.744571, 2.999609, -2.895560, 1.500000, 0.000000 
10.801000, -2.661229, 5.713841, 2.998847, -2.895186, 1.500000, 0.000000 
10.850000, -2.783439, 5.683121, 2.998464, -2.895375, 1.500000, 0.000000 
10.900000, -2.920188, 5.648677, 3.000094, -2.893011, 1.500000, 0.000000 
11.009000, -3.289098, 5.553681, 2.999657, -2.885838, 1.500000, 0.013090 
11.050000, -3.413824, 5.520840, 3.000537, -2.881107, 1.500000, 0.004363 
11.100000, -3.541309, 5.486618, 2.999654, -2.877498, 1.500000, 0.008727 
11.152000, -3.648418, 5.457542, 2.999747, -2.875054, 1.500000, 0.004363 
11.200000, -3.888550, 5.391673, 3.000147, -2.872271, 1.500000, 0.004363 
11.250000, -4.012880, 5.357286, 3.000291, -2.870697, 1.500000, 0.004363 
11.300000, -4.137157, 5.322693, 3.000452, -2.869278, 1.500000, 0.000000 
11.350000, -4.261416, 5.288033, 2.999807, -2.869722, 1.500000, 0.000000 
11.400000, -4.397244, 5.250188, 2.999956, -2.869850, 1.500000, 0.004363 
11.450000, -4.515701, 5.217083, 2.999791, -2.868535, 1.500000, 0.004363 
11.505000, -4.778522, 5.143229, 2.999389, -2.864795, 1.500000, 0.034907 
11.550000, -4.893759, 5.109941, 2.994343, -2.854379, 1.500000, 0.052360 
11.600000, -5.016979, 5.072432, 2.996108, -2.837511, 1.500000, 0.047997 
11.650000, -5.139544, 5.032869, 2.996385, -2.820942, 1.500000, 0.039270 
11.700000, -5.272838, 4.987481, 2.996788, -2.806361, 1.500000, 0.021817 
11.750000, -5.374697, 4.951727, 2.999635, -2.800171, 1.500000, 0.017453 
11.803000, -5.628446, 4.859748, 2.999480, -2.787210, 1.500000, 0.078540 
11.859000, -5.743398, 4.816508, 2.996013, -2.772183, 1.500000, 0.122173 
11.952000, -6.029514, 4.694711, 2.989180, -2.703866, 1.500000, 0.130900 
12.001000, -6.145298, 4.638277, 2.983739, -2.669352, 1.500000, 0.135263 
12.051000, -6.261548, 4.576407, 2.983279, -2.632640, 1.500000, 0.148353 
12.151000, -6.473905, 4.448628, 2.993986, -2.564104, 1.500000, 0.200713 
12.200000, -6.589807, 4.369796, 2.984628, -2.523684, 1.500000, 0.248709 
12.250000, -6.774584, 4.227943, 2.970953, -2.445338, 1.500000, 0.248709 
12.301000, -6.868696, 4.145707, 2.987548, -2.401842, 1.500000, 0.213803 
12.352000, -6.952513, 4.066138, 2.971890, -2.362551, 1.500000, 0.191986 
12.400000, -7.045503, 3.970380, 2.965865, -2.319590, 1.500000, 0.274889 
12.451000, -7.173000, 3.824821, 2.977869, -2.247818, 1.500000, 0.283616 
12.501000, -7.245329, 3.730328, 2.967342, -2.188038, 1.500000, 0.248709 
12.551000, -7.313493, 3.628499, 2.983711, -2.122917, 1.500000, 0.305433 
12.601000, -7.432494, 3.405846, 2.976881, -2.001169, 1.500000, 0.253073 
12.651000, -7.476427, 3.304988, 2.971244, -1.954372, 1.500000, 0.209440 
12.701000, -7.520709, 3.188054, 2.972890, -1.905722, 1.500000, 0.287979 
12.750000, -7.559559, 3.066322, 2.982601, -1.849638, 1.500000, 0.274889 
12.800000, -7.593592, 2.933890, 2.982360, -1.783539, 1.500000, 0.244346 
12.856000, -7.633330, 2.704161, 2.988299, -1.700789, 1.500000, 0.231256 
12.900000, -7.647631, 2.576588, 2.993941, -1.654623, 1.500000, 0.261799 
12.952000, -7.655332, 2.443324, 2.984432, -1.598045, 1.500000, 0.218166 
13.000000, -7.656042, 2.329994, 2.969278, -1.553970, 1.500000, 0.200713 
13.051000, -7.651890, 2.213759, 2.972315, -1.512549, 1.500000, 0.178896 
13.101000, -7.625573, 1.953001, 2.989550, -1.414817, 1.500000, 0.270526 
13.150000, -7.606040, 1.845215, 2.957438, -1.368556, 1.500000, 0.231256 
13.201000, -7.575975, 1.715045, 2.968113, -1.317388, 1.500000, 0.205076 
13.250000, -7.538333, 1.583244, 2.963002, -1.265700, 1.500000, 0.174533 
13.300000, -7.502272, 1.475738, 2.989932, -1.227369, 1.500000, 0.301069 
13.350000, -7.406078, 1.241994, 2.990927, -1.119020, 1.500000, 0.266163 
13.401000, -7.355093, 1.143955, 2.959974, -1.062394, 1.500000, 0.253073 
13.450000, -7.291250, 1.036294, 2.993642, -1.007823, 1.500000, 0.388336 
13.501000, -7.214870, 0.922782, 2.976947, -0.946441, 1.500000, 0.357792 
13.550000, -7.141419, 0.825165, 2.976434, -0.878363, 1.500000, 0.410152 
13.600000, -7.050535, 0.722844, 2.959513, -0.800099, 1.500000, 0.610865 
13.701000, -6.794827, 0.504987, 2.875647, -0.575797, 1.500000, 0.610865 
13.750000, -6.706793, 0.451203, 2.841493, -0.523019, 1.500000, 0.274889 
13.803000, -6.595334, 0.391675, 2.942735, -0.451503, 1.500000, 0.610865 
13.851000, -6.379664, 0.302338, 2.873093, -0.304082, 1.500000, 0.209440 
13.901000, -6.265421, 0.269461, 2.897679, -0.235424, 1.500000, 0.074176 
13.951000, -6.132761, 0.242328, 2.976376, -0.173063, 1.500000, 0.034907 
14.000000, -6.026783, 0.225231, 2.991268, -0.151484, 1.500000, -0.013090 
14.063000, -5.768837, 0.187236, 2.998315, -0.143043, 1.500000, 0.004363 
14.150000, -5.534123, 0.154969, 2.997197, -0.126903, 1.500000, 0.047997 
14.201000, -5.400259, 0.138979, 2.996551, -0.110289, 1.500000, 0.039270 
14.250000, -5.290002, 0.127465, 2.996895, -0.097177, 1.500000, 0.030543 
14.313000, -5.024263, 0.103922, 2.995772, -0.076085, 1.500000, 0.021817 
14.351000, -4.922669, 0.096737, 2.997104, -0.065245, 1.500000, 0.061087 
14.400000, -4.797085, 0.089272, 2.995005, -0.050617, 1.500000, 0.069813 
14.506000, -4.545536, 0.081388, 2.995218, -0.012552, 1.500000, 0.047997 
14.551000, -4.290737, 0.081675, 2.999805, 0.010746, 1.500000, 0.008727 
14.600000, -4.173760, 0.083010, 2.999649, 0.012497, 1.500000, 0.013090 
14.651000, -4.050828, 0.084734, 2.984081, 0.017826, 1.500000, 0.082903 
14.702000, -3.922257, 0.088508, 2.987054, 0.041595, 1.500000, 0.087266 
14.778000, -3.802769, 0.094906, 3.000483, 0.065366, 1.500000, 0.074176 
14.815000, -3.569973, 0.114614, 2.997320, 0.099975, 1.500000, 0.026180 
14.856000, -3.456590, 0.126432, 2.996144, 0.107613, 1.500000, 0.021817 
14.900000, -3.337393, 0.139702, 3.000034, 0.115103, 1.500000, 0.013090 
14.951000, -3.200399, 0.155928, 3.000231, 0.120641, 1.500000, 0.082903 
15.000000, -2.951665, 0.191024, 2.990979, 0.166257, 1.500000, 0.087266 
15.051000, -2.836708, 0.211606, 2.989977, 0.188602, 1.500000, 0.069813 
15.101000, -2.722199, 0.234405, 3.000851, 0.204084, 1.500000, 0.043633 
15.150000, -2.607976, 0.258962, 2.996897, 0.218070, 1.500000, 0.043633 
15.201000, -2.359963, 0.317085, 2.987219, 0.248245, 1.500000, 0.087266 
15.251000, -2.247044, 0.346896, 2.998600, 0.269127, 1.500000, 0.061087 
15.301000, -2.117464, 0.383967, 2.999114, 0.284351, 1.500000, 0.030543 
15.351000, -1.985297, 0.423298, 2.999560, 0.293335, 1.500000, 0.021817 
15.401000, -1.884932, 0.453919, 2.996668, 0.299302, 1.500000, 0.017453 
15.450000, -1.638829, 0.531172, 3.000035, 0.308103, 1.500000, 0.008727 
15.500000, -1.533110, 0.564958, 2.999621, 0.310809, 1.500000, 0.004363 
15.555000, -1.341796, 0.626601, 3.003824, 0.311643, 1.500000, 0.004363 
15.614000, -1.216188, 0.667159, 3.000053, 0.312934, 1.500000, 0.000000 
15.651000, -1.104860, 0.703174, 3.000170, 0.313081, 1.500000, 0.004363 
15.702000, -0.987855, 0.741136, 2.999934, 0.314112, 1.500000, 0.000000 
15.750000, -0.859455, 0.782833, 2.999365, 0.313960, 1.500000, 0.000000 
15.801000, -0.742461, 0.820814, 3.000672, 0.313868, 1.500000, 0.000000 
15.851000, -0.497005, 0.900324, 3.001648, 0.312125, 1.500000, 0.000000 
15.951000, -0.271443, 0.973107, 2.999710, 0.312056, 1.500000, 0.000000 
16.000000, -0.142960, 1.014558, 3.000077, 0.312426, 1.500000, 0.004363 
16.051000, -0.031649, 1.050577, 3.000039, 0.313487, 1.500000, 0.000000 
16.113000, 0.219508, 1.131966, 3.000130, 0.313276, 1.500000, 0.000000 
16.200000, 0.450690, 1.206839, 3.000038, 0.313144, 1.500000, 0.000000 
16.251000, 0.581982, 1.249350, 3.000046, 0.313117, 1.500000, 0.000000 
16.300000, 0.696150, 1.286314, 3.000102, 0.313102, 1.500000, 0.000000 
16.365000, 0.944466, 1.366704, 2.999933, 0.313078, 1.500000, 0.000000 
16.405000, 1.050072, 1.400891, 3.000128, 0.313053, 1.500000, 0.000000 
16.452000, 1.167096, 1.438770, 2.999922, 0.313037, 1.500000, 0.000000 
16.500000, 1.295538, 1.480342, 3.000183, 0.313022, 1.500000, 0.000000 
16.551000, 1.401146, 1.514522, 3.000034, 0.312970, 1.500000, 0.000000 
16.600000, 1.646623, 1.593947, 3.000416, 0.312872, 1.500000, 0.000000 
16.651000, 1.752221, 1.628109, 2.999837, 0.312907, 1.500000, 0.000000 
16.701000, 1.880677, 1.669659, 3.000031, 0.312555, 1.500000, -0.004363 
16.751000, 2.003456, 1.709272, 3.000324, 0.311185, 1.500000, -0.008727 
16.807000, 2.226353, 1.780636, 3.000155, 0.308021, 1.500000, -0.013090 
16.850000, 2.355068, 1.821424, 2.999475, 0.305526, 1.500000, -0.013090 
16.901000, 2.463821, 1.855618, 2.999991, 0.303400, 1.500000, -0.004363 
16.950000, 2.572618, 1.889662, 3.000092, 0.303036, 1.500000, -0.004363 
17.000000, 2.681433, 1.923663, 3.000061, 0.302545, 1.500000, -0.008727 
17.051000, 2.930775, 2.000895, 3.000753, 0.298225, 1.500000, 0.000000 
17.109000, 3.085638, 2.048488, 3.000100, 0.298113, 1.500000, -0.004363 
17.152000, 3.117182, 2.058175, 2.999687, 0.297619, 1.500000, -0.013090 
17.213000, 3.361200, 2.132283, 3.000638, 0.291168, 1.500000, -0.004363 
17.251000, 3.467570, 2.164020, 3.001862, 0.288816, 1.500000, 0.000000 
17.300000, 3.591229, 2.200779, 2.998806, 0.288925, 1.500000, 0.000000 
17.351000, 3.723520, 2.240032, 2.998759, 0.286704, 1.500000, -0.017453 
17.403000, 3.942381, 2.303598, 2.988518, 0.274205, 1.500000, -0.122173 
17.451000, 4.075064, 2.339118, 2.989511, 0.247187, 1.500000, -0.109083 
17.501000, 4.185506, 2.365685, 2.978594, 0.222180, 1.500000, -0.113446 
17.601000, 4.455485, 2.418471, 2.990575, 0.165457, 1.500000, -0.244346 
17.656000, 4.680555, 2.449469, 2.999714, 0.086241, 1.500000, -0.357792 
17.701000, 4.814793, 2.457011, 2.996606, 0.020603, 1.500000, 0.008727 
17.751000, 4.916226, 2.457102, 2.982990, -0.020060, 1.500000, -0.436332 
17.801000, 5.020525, 2.453284, 2.962962, -0.063494, 1.500000, -0.532325 
17.852000, 5.267261, 2.422776, 2.994699, -0.166529, 1.500000, -0.436332 
17.900000, 5.375844, 2.404019, 2.958808, -0.177531, 1.500000, -0.427606 
17.950000, 5.495324, 2.381209, 2.937894, -0.226269, 1.500000, -0.405789 
18.001000, 5.621266, 2.348969, 2.968271, -0.287747, 1.500000, -0.344703 
18.050000, 5.829958, 2.274955, 2.952121, -0.410918, 1.500000, -0.244346 
18.101000, 5.935254, 2.225704, 2.969390, -0.475008, 1.500000, -0.139626 
18.150000, 6.042661, 2.166138, 3.012595, -0.533844, 1.500000, -0.126536 
18.200000, 6.155134, 2.096730, 3.008303, -0.568520, 1.500000, -0.039270 
18.255000, 6.362298, 1.958990, 2.998190, -0.600078, 1.500000, -0.039270 
18.300000, 6.451193, 1.897649, 2.999408, -0.607199, 1.500000, -0.008727 
18.350000, 6.552119, 1.827339, 3.000831, -0.610645, 1.500000, -0.004363 
18.401000, 6.657644, 1.753156, 3.000482, -0.614236, 1.500000, -0.004363 
18.451000, 6.765483, 1.677014, 2.998594, -0.615260, 1.500000, -0.004363 
18.506000, 6.954071, 1.543592, 2.998397, -0.615956, 1.500000, 0.004363 
18.551000, 7.052033, 1.474281, 3.000586, -0.616047, 1.500000, 0.008727 
18.602000, 7.164709, 1.394569, 2.999933, -0.614761, 1.500000, 0.000000 
18.651000, 7.311750, 1.290788, 2.999172, -0.615752, 1.500000, -0.004363 
18.702000, 7.412134, 1.219721, 3.000636, -0.616439, 1.500000, 0.017453 
18.750000, 7.524992, 1.140409, 3.001728, -0.609536, 1.500000, -0.004363 
18.804000, 7.610966, 1.080167, 2.999760, -0.612031, 1.500000, 0.008727 
18.851000, 7.822213, 0.932117, 3.000297, -0.615361, 1.500000, 0.000000 
18.901000, 7.910336, 0.869694, 2.999750, -0.614455, 1.500000, -0.026180 
18.951000, 8.013317, 0.797059, 3.000379, -0.613454, 1.500000, 0.021817 
19.000000, 8.126334, 0.717939, 2.998679, -0.606953, 1.500000, 0.000000 
19.051000, 8.310376, 0.588637, 2.999581, -0.619986, 1.500000, 0.004363 
19.101000, 8.405515, 0.520482, 3.002327, -0.619875, 1.500000, -0.043633 
19.150000, 8.505726, 0.449168, 2.998241, -0.618630, 1.500000, -0.026180 
19.201000, 8.613239, 0.372638, 2.998750, -0.616683, 1.500000, -0.004363 
19.257000, 8.806890, 0.236065, 2.999597, -0.610036, 1.500000, -0.004363 
19.301000, 8.912656, 0.162279, 2.999591, -0.609586, 1.500000, -0.026180 
19.351000, 9.010915, 0.093405, 2.997935, -0.615874, 1.500000, 0.610865 
19.401000, 9.108447, 0.024186, 2.961797, -0.610180, 1.500000, 0.610865 
19.451000, 9.280031, -0.089155, 2.891932, -0.510215, 1.500000, 0.610865 
19.500000, 9.378257, -0.142060, 2.846263, -0.445520, 1.500000, 0.610865 
19.551000, 9.483739, -0.189083, 2.838990, -0.377782, 1.500000, 0.610865 
19.650000, 9.807002, -0.285377, 2.800620, -0.186888, 1.500000, 0.610865 
19.702000, 9.911336, -0.302604, 2.795483, -0.128139, 1.500000, 0.610865 
19.750000, 10.030176, -0.314280, 2.776777, -0.062872, 1.500000, 0.610865 
19.800000, 10.155365, -0.317460, 2.766651, 0.006551, 1.500000, 0.610865 
19.901000, 10.443540, -0.289508, 2.746239, 0.184031, 1.500000, 0.610865 
19.956000, 10.644512, -0.240462, 2.685220, 0.292400, 1.500000, 0.610865 
20.001000, 10.755696, -0.202767, 2.717588, 0.363975, 1.500000, 0.610865 
20.050000, 10.851998, -0.162395, 2.734017, 0.433831, 1.500000, 0.610865 
20.101000, 10.942782, -0.117359, 2.786721, 0.479322, 1.500000, 0.610865 
20.154000, 11.131956, -0.003205, 2.743582, 0.621790, 1.500000, 0.610865 
20.207000, 11.217258, 0.061495, 2.745620, 0.688389, 1.500000, 0.610865 
20.301000, 11.391587, 0.223984, 2.778017, 0.816997, 1.500000, 0.610865 
20.355000, 11.524161, 0.382474, 2.777161, 0.937904, 1.500000, 0.610865 
20.402000, 11.595742, 0.486743, 2.852959, 1.011386, 1.500000, 0.191986 
20.450000, 11.652275, 0.582659, 2.879062, 1.075242, 1.500000, 0.248709 
20.500000, 11.707629, 0.691566, 2.931485, 1.141158, 1.500000, 0.205076 
20.550000, 11.760058, 0.816495, 2.961499, 1.215170, 1.500000, 0.161443 
20.601000, 11.797491, 0.926389, 2.993984, 1.269395, 1.500000, 0.213803 
20.657000, 11.860028, 1.172536, 3.008732, 1.370334, 1.500000, 0.235619 
20.702000, 11.882095, 1.287490, 2.993038, 1.409050, 1.500000, 0.235619 
20.751000, 11.898907, 1.412300, 3.007610, 1.467374, 1.500000, 0.213803 
20.800000, 11.909182, 1.555858, 2.986044, 1.532760, 1.500000, 0.244346 
20.851000, 11.911070, 1.660200, 2.980480, 1.575805, 1.500000, 0.196350 
20.906000, 11.896010, 1.937878, 2.987375, 1.667696, 1.500000, 0.183260 
20.951000, 11.883150, 2.050706, 3.001343, 1.707213, 1.500000, 0.200713 
21.000000, 11.863252, 2.174124, 2.980471, 1.754292, 1.500000, 0.178896 
21.051000, 11.835649, 2.308743, 2.986660, 1.792117, 1.500000, 0.135263 
21.100000, 11.809759, 2.416495, 2.989455, 1.820428, 1.500000, 0.113446 
21.156000, 11.749547, 2.629223, 2.984935, 1.875344, 1.500000, 0.165806 
21.201000, 11.713620, 2.737001, 2.980200, 1.909162, 1.500000, 0.174533 
21.251000, 11.671888, 2.848919, 2.979394, 1.945307, 1.500000, 0.148353 
21.303000, 11.574126, 3.072537, 2.971918, 2.029479, 1.500000, 0.248709 
21.351000, 11.511959, 3.190679, 2.964448, 2.086579, 1.500000, 0.213803 
21.401000, 11.452613, 3.290278, 2.969585, 2.129207, 1.500000, 0.161443 
21.451000, 11.387898, 3.390425, 2.990572, 2.162312, 1.500000, 0.135263 
21.501000, 11.319882, 3.488262, 2.988431, 2.196247, 1.500000, 0.178896 
21.555000, 11.150248, 3.703945, 2.985880, 2.274741, 1.500000, 0.126536 
21.601000, 11.077505, 3.787319, 2.985460, 2.301618, 1.500000, 0.100356 
21.651000, 10.994540, 3.877671, 2.991536, 2.327651, 1.500000, 0.152716 
21.701000, 10.902743, 3.971229, 2.979322, 2.367116, 1.500000, 0.165806 
21.751000, 10.807189, 4.060909, 2.990355, 2.408501, 1.500000, 0.148353 
21.801000, 10.652468, 4.192530, 2.986168, 2.464457, 1.500000, 0.187623 
21.851000, 10.562960, 4.262155, 2.991309, 2.497606, 1.500000, 0.183260 
21.901000, 10.453876, 4.340806, 2.986174, 2.539971, 1.500000, 0.253073 
21.951000, 10.344376, 4.412755, 2.973594, 2.590933, 1.500000, 0.248709 
22.002000, 10.119474, 4.535993, 2.995181, 2.694346, 1.500000, 0.174533 
22.051000, 10.012946, 4.584488, 2.988774, 2.735856, 1.500000, 0.183260 
22.101000, 9.896610, 4.632104, 2.990261, 2.772041, 1.500000, 0.087266 
22.150000, 9.773165, 4.677749, 3.002623, 2.803093, 1.500000, 0.117810 
22.201000, 9.642671, 4.721103, 3.001884, 2.838745, 1.500000, 0.039270 
22.250000, 9.519173, 4.758630, 2.999928, 2.851977, 1.500000, 0.021817 
22.303000, 9.283029, 4.827074, 2.997566, 2.866136, 1.500000, 0.082903 
22.351000, 9.167448, 4.858856, 3.000288, 2.882899, 1.500000, 0.004363 
22.400000, 9.042657, 4.891197, 2.999871, 2.891219, 1.500000, 0.074176 
22.450000, 8.911835, 4.923560, 2.997209, 2.908902, 1.500000, 0.069813 
22.501000, 8.797925, 4.949818, 2.989851, 2.923396, 1.500000, -0.026180 
22.552000, 8.543100, 5.005622, 2.999241, 2.923051, 1.500000, 0.061087 
22.601000, 8.425929, 5.031268, 3.002341, 2.932870, 1.500000, -0.026180 
22.650000, 8.305505, 5.056471, 3.001202, 2.935264, 1.500000, 0.061087 
22.701000, 8.182190, 5.081774, 2.994343, 2.945850, 1.500000, -0.030543 
22.750000, 8.046891, 5.108466, 2.997768, 2.947270, 1.500000, 0.056723 
22.800000, 7.932071, 5.130714, 2.997275, 2.956359, 1.500000, 0.061087 
22.851000, 7.669287, 5.175374, 3.001192, 2.988497, 1.500000, -0.061087 
22.901000, 7.553727, 5.193362, 2.999560, 2.983482, 1.500000, -0.065450 
22.951000, 7.429597, 5.214165, 2.990994, 2.968608, 1.500000, 0.043633 
23.003000, 7.296660, 5.237374, 2.996813, 2.969492, 1.500000, 0.056723 
23.051000, 7.184377, 5.256521, 3.001039, 2.977232, 1.500000, 0.056723 
23.104000, 6.920846, 5.297700, 2.993159, 2.994232, 1.500000, -0.052360 
23.201000, 6.680753, 5.333354, 2.996344, 2.996519, 1.500000, -0.052360 
23.251000, 6.544291, 5.353526, 2.999283, 2.991669, 1.500000, -0.047997 
23.301000, 6.404929, 5.375044, 2.998838, 2.984317, 1.500000, 0.061087 
23.351000, 6.292464, 5.393168, 2.996541, 2.981361, 1.500000, 0.069813 
23.416000, 6.031857, 5.433821, 2.996206, 2.991429, 1.500000, -0.030543 
23.457000, 5.916111, 5.450660, 3.004630, 3.001360, 1.500000, -0.039270 
23.500000, 5.782413, 5.469576, 2.996583, 2.999471, 1.500000, 0.061087 
23.551000, 5.648838, 5.488739, 3.001173, 3.000004, 1.500000, 0.065450 
23.600000, 5.536103, 5.504368, 2.993310, 3.010459, 1.500000, -0.039270 
23.650000, 5.417092, 5.519190, 2.992194, 3.026280, 1.500000, 0.043633 
23.709000, 5.166738, 5.544232, 2.995397, 3.052382, 1.500000, 0.021817 
23.752000, 5.023419, 5.557647, 3.000597, 3.045574, 1.500000, -0.069813 
23.800000, 4.904030, 5.569386, 2.998776, 3.038557, 1.500000, -0.069813 
23.850000, 4.781818, 5.582630, 2.999231, 3.027769, 1.500000, -0.052360 
23.901000, 4.656724, 5.597498, 3.000642, 3.018771, 1.500000, 0.065450 
23.967000, 4.409795, 5.628083, 2.998623, 3.027296, 1.500000, 0.065450 
24.009000, 4.272769, 5.642598, 2.994438, 3.041553, 1.500000, -0.052360 
24.059000, 4.272769, 5.642598, 2.994438, 3.041553, 1.500000, 0.052360 
24.102000, 4.058024, 5.664887, 2.992179, 3.039064, 1.500000, 0.056723 
24.151000, 3.813344, 5.688073, 2.997494, 3.056142, 1.500000, 0.043633 
24.207000, 3.690813, 5.698174, 2.997741, 3.063733, 1.500000, 0.039270 
24.250000, 3.562205, 5.707812, 2.995011, 3.070470, 1.500000, -0.069813 
24.300000, 3.424752, 5.717797, 2.996704, 3.066308, 1.500000, -0.069813 
24.351000, 3.284224, 5.728761, 2.995427, 3.059891, 1.500000, 0.043633 
24.401000, 3.167703, 5.738204, 2.998976, 3.062317, 1.500000, 0.047997 
24.452000, 2.901508, 5.757493, 2.992085, 3.075433, 1.500000, -0.069813 
24.504000, 2.784966, 5.765482, 2.999751, 3.068100, 1.500000, -0.065450 
24.557000, 2.620689, 5.779151, 2.996156, 3.046755, 1.500000, -0.043633 
24.601000, 2.501363, 5.791303, 2.994932, 3.032384, 1.500000, 0.078540 
24.650000, 2.370368, 5.806409, 2.997347, 3.026269, 1.500000, -0.013090 
24.701000, 2.239338, 5.821294, 2.999482, 3.028695, 1.500000, 0.100356 
24.753000, 2.012951, 5.847207, 2.995120, 3.030030, 1.500000, -0.008727 
24.800000, 1.899828, 5.859681, 2.998279, 3.032818, 1.500000, -0.013090 
24.851000, 1.759679, 5.875008, 3.000002, 3.031756, 1.500000, -0.008727 
24.900000, 1.607659, 5.891828, 2.999944, 3.031082, 1.500000, -0.008727 
24.950000, 1.488418, 5.905151, 2.999534, 3.029031, 1.500000, -0.004363 
25.000000, 1.360242, 5.919694, 3.001911, 3.027877, 1.500000, 0.000000 
25.050000, 1.217106, 5.935533, 3.000038, 3.034256, 1.500000, 0.000000 
25.101000, 1.070929, 5.951143, 3.000062, 3.036773, 1.500000, 0.004363 
25.153000, 0.820297, 5.977044, 2.999334, 3.040640, 1.500000, 0.008727 
25.201000, 0.691934, 5.989906, 2.999920, 3.043137, 1.500000, 0.008727 
25.251000, 0.551619, 6.003617, 2.999430, 3.045867, 1.500000, 0.008727 
25.301000, 0.423254, 6.015771, 2.989105, 3.051577, 1.500000, 0.139626 
25.350000, 0.286066, 6.026727, 2.998921, 3.072928, 1.500000, 0.000000 
25.451000, 0.016727, 6.044203, 2.994860, 3.077382, 1.500000, 0.000000 
25.500000, -0.111999, 6.052582, 2.999842, 3.076429, 1.500000, 0.013090 
25.567000, -0.378436, 6.068547, 2.994456, 3.090645, 1.500000, 0.030543 
25.610000, -0.507170, 6.074446, 2.995657, 3.104237, 1.500000, 0.047997 
25.653000, -0.632968, 6.078172, 2.998956, 3.120963, 1.500000, 0.061087 
25.700000, -0.764656, 6.079625, 2.997081, 3.141259, 1.500000, 0.065450 
25.750000, -0.905221, 6.078012, 2.996336, -3.116756, 1.500000, 0.078540 
25.800000, -1.030826, 6.073418, 2.984915, -3.092456, 1.500000, 0.087266 
25.850000, -1.156298, 6.065702, 2.986401, -3.067847, 1.500000, 0.091630 
25.913000, -1.411986, 6.040333, 2.991227, -3.016676, 1.500000, 0.109083 
25.956000, -1.554092, 6.020467, 2.989956, -2.984549, 1.500000, 0.109083 
26.002000, -1.686660, 5.997521, 2.993497, -2.957130, 1.500000, 0.078540 
26.051000, -1.818673, 5.971183, 2.994096, -2.931642, 1.500000, 0.052360 
26.101000, -1.935706, 5.945060, 2.998044, -2.913775, 1.500000, 0.030543 
26.151000, -2.136715, 5.896400, 2.998653, -2.895771, 1.500000, 0.013090 
26.200000, -2.250129, 5.867796, 2.998753, -2.892827, 1.500000, 0.013090 
26.250000, -2.372165, 5.836566, 2.999634, -2.888380, 1.500000, 0.008727 
26.301000, -2.496981, 5.804031, 2.999830, -2.885260, 1.500000, -0.004363 
26.351000, -2.624685, 5.770599, 2.998844, -2.886632, 1.500000, 0.008727 
26.401000, -2.871250, 5.705608, 2.999403, -2.880216, 1.500000, 0.008727 
26.451000, -3.007396, 5.668975, 2.999015, -2.876875, 1.500000, 0.017453 
26.501000, -3.126006, 5.636504, 2.999120, -2.870986, 1.500000, 0.013090 
26.550000, -3.250186, 5.601744, 2.998993, -2.866535, 1.500000, 0.004363 
26.601000, -3.374297, 5.566586, 3.000165, -2.865184, 1.500000, 0.004363 
26.650000, -3.509925, 5.528029, 3.001073, -2.863577, 1.500000, -0.004363 
26.700000, -3.631113, 5.493511, 3.001491, -2.865300, 1.500000, 0.000000 
26.750000, -3.890862, 5.419778, 2.998970, -2.863488, 1.500000, 0.000000 
26.801000, -4.009132, 5.386008, 3.000350, -2.863540, 1.500000, 0.008727 
26.851000, -4.133118, 5.350415, 2.999965, -2.860280, 1.500000, 0.008727 
26.900000, -4.256997, 5.314464, 2.999117, -2.857227, 1.500000, 0.000000 
26.951000, -4.380822, 5.278272, 3.002168, -2.857423, 1.500000, 0.004363 
27.001000, -4.516157, 5.238684, 3.000407, -2.856023, 1.500000, -0.004363 
27.050000, -4.637069, 5.203279, 3.000110, -2.857682, 1.500000, -0.004363 
27.101000, -4.890036, 5.128405, 2.995961, -2.839200, 1.500000, 0.047997 
27.151000, -5.018566, 5.087455, 2.997167, -2.824560, 1.500000, 0.043633 
27.200000, -5.135105, 5.048444, 2.996025, -2.810223, 1.500000, 0.043633 
27.251000, -5.250989, 5.007609, 2.998604, -2.796052, 1.500000, 0.017453 
27.301000, -5.372222, 4.963691, 2.999479, -2.791205, 1.500000, 0.013090 
27.351000, -5.504496, 4.914972, 2.998270, -2.785640, 1.500000, 0.021817 
27.401000, -5.739670, 4.825038, 2.990973, -2.762241, 1.500000, 0.104720 
27.450000, -5.866928, 4.772586, 2.998108, -2.736825, 1.500000, 0.104720 
27.502000, -5.990036, 4.717867, 2.999205, -2.710486, 1.500000, 0.082903 
27.550000, -6.111798, 4.660313, 2.995550, -2.688442, 1.500000, 0.170170 
27.601000, -6.218644, 4.606606, 2.977430, -2.660309, 1.500000, 0.183260 
27.650000, -6.328836, 4.546633, 2.981533, -2.623092, 1.500000, 0.257436 
27.700000, -6.446657, 4.475454, 2.991686, -2.573062, 1.500000, 0.226893 
27.800000, -6.759860, 4.243828, 2.968946, -2.424384, 1.500000, 0.248709 
27.901000, -6.939939, 4.069988, 2.972306, -2.330896, 1.500000, 0.161443 
27.950000, -7.024166, 3.977666, 2.993914, -2.290262, 1.500000, 0.135263 
28.100000, -7.328466, 3.563579, 2.984672, -2.116438, 1.500000, 0.239983 
28.158000, -7.415423, 3.410814, 2.978007, -2.048612, 1.500000, 0.283616 
28.203000, -7.477632, 3.281080, 3.007765, -1.977154, 1.500000, 0.239983 
28.251000, -7.524295, 3.163871, 3.002418, -1.917906, 1.500000, 0.309796 
28.300000, -7.565630, 3.038834, 2.983400, -1.858906, 1.500000, 0.287979 
28.351000, -7.597545, 2.920745, 2.980681, -1.806993, 1.500000, 0.253073 
28.400000, -7.624197, 2.798455, 2.975458, -1.758204, 1.500000, 0.305433 
28.451000, -7.644673, 2.675278, 3.001129, -1.705191, 1.500000, 0.296706 
28.508000, -7.663852, 2.418966, 2.983333, -1.569782, 1.500000, 0.222529 
28.551000, -7.659585, 2.278787, 2.980306, -1.513171, 1.500000, 0.174533 
28.600000, -7.649949, 2.156654, 2.989433, -1.469775, 1.500000, 0.253073 
28.650000, -7.634500, 2.029291, 3.001948, -1.425236, 1.500000, 0.248709 
28.700000, -7.612794, 1.903221, 2.982053, -1.371861, 1.500000, 0.213803 
28.750000, -7.582355, 1.769724, 2.971541, -1.320652, 1.500000, 0.183260 
28.804000, -7.511008, 1.530106, 2.969415, -1.242210, 1.500000, 0.309796 
28.851000, -7.468496, 1.412606, 2.993476, -1.198146, 1.500000, 0.296706 
28.901000, -7.420165, 1.297309, 2.992994, -1.136331, 1.500000, 0.274889 
28.950000, -7.355351, 1.169970, 2.979574, -1.061941, 1.500000, 0.235619 
29.001000, -7.286911, 1.054447, 2.980055, -1.013142, 1.500000, 0.353429 
29.051000, -7.223528, 0.957308, 2.976505, -0.965342, 1.500000, 0.349066 
29.100000, -7.085276, 0.777017, 2.940425, -0.829604, 1.500000, 0.427606 
29.151000, -7.001841, 0.690745, 2.930641, -0.765699, 1.500000, 0.366519 
29.202000, -6.909092, 0.606374, 2.893521, -0.688242, 1.500000, 0.375246 
29.250000, -6.803423, 0.524534, 2.927226, -0.599032, 1.500000, 0.349066 
29.350000, -6.580381, 0.393711, 2.879193, -0.451452, 1.500000, 0.610865 
29.400000, -6.375163, 0.309120, 2.907791, -0.328821, 1.500000, 0.610865 
29.451000, -6.267638, 0.275758, 2.869153, -0.260578, 1.500000, 0.610865 
29.501000, -6.149513, 0.247760, 2.885442, -0.189984, 1.500000, 0.091630 
29.550000, -6.028820, 0.228461, 2.921952, -0.120919, 1.500000, 0.610865 
29.604000, -5.773688, 0.214036, 2.875368, 0.047188, 1.500000, 0.000000 
29.650000, -5.655035, 0.221405, 1.944463, 0.089530, 1.500000, -0.283616 
29.704000, -5.558754, 0.227667, 2.165474, 0.049731, 1.500000, -0.309796 
29.750000, -5.457635, 0.233103, 2.528745, 0.026385, 1.500000, -0.309796 
29.800000, -5.348019, 0.234186, 2.728921, -0.020690, 1.500000, -0.270526 
29.851000, -5.232429, 0.229058, 2.811808, -0.081197, 1.500000, -0.074176 
29.901000, -5.113196, 0.216480, 2.887391, -0.136643, 1.500000, 0.000000 
29.961000, -4.861820, 0.175770, 2.995060, -0.174493, 1.500000, 0.000000 
30.003000, -4.726058, 0.151578, 2.998787, -0.179567, 1.500000, 0.000000 
30.050000, -4.608007, 0.130093, 2.996629, -0.180714, 1.500000, 0.178896 
30.100000, -4.481454, 0.107233, 2.978331, -0.169859, 1.500000, 0.196350 
30.150000, -4.339994, 0.085421, 2.984736, -0.132571, 1.500000, 0.183260 
30.201000, -4.221474, 0.071202, 2.959505, -0.097242, 1.500000, 0.213803 
30.250000, -4.016924, 0.058476, 2.970737, -0.025145, 1.500000, 0.174533 
30.300000, -3.900650, 0.057398, 2.975736, 0.010268, 1.500000, 0.135263 
30.351000, -3.775001, 0.060165, 2.991355, 0.039677, 1.500000, 0.122173 
30.402000, -3.518294, 0.078063, 2.995992, 0.097508, 1.500000, 0.065450 
30.450000, -3.381196, 0.092953, 2.996947, 0.119147, 1.500000, 0.052360 
30.501000, -3.259238, 0.108489, 2.991128, 0.135879, 1.500000, 0.078540 
30.551000, -3.131915, 0.127429, 2.982303, 0.160708, 1.500000, 0.100356 
30.600000, -2.993556, 0.152134, 2.997954, 0.190237, 1.500000, 0.065450 
30.650000, -2.875990, 0.175707, 3.000397, 0.206644, 1.500000, 0.061087 
30.703000, -2.627728, 0.232100, 2.996690, 0.235373, 1.500000, 0.021817 
30.754000, -2.485127, 0.266927, 2.989609, 0.247111, 1.500000, 0.078540 
30.815000, -2.346170, 0.303576, 2.985512, 0.270618, 1.500000, 0.065450 
30.850000, -2.233950, 0.335870, 2.997396, 0.289427, 1.500000, 0.043633 
30.901000, -2.119291, 0.370736, 3.000000, 0.299897, 1.500000, 0.017453 
30.952000, -1.999023, 0.408196, 3.001393, 0.304634, 1.500000, 0.013090 
31.001000, -1.867488, 0.449797, 2.999154, 0.308356, 1.500000, 0.004363 
31.068000, -1.630402, 0.525778, 3.000144, 0.311782, 1.500000, 0.004363 
31.113000, -1.499079, 0.568197, 3.000801, 0.312868, 1.500000, 0.000000 
31.250000, -1.125120, 0.689137, 3.000693, 0.312733, 1.500000, 0.000000 
31.301000, -1.008082, 0.726976, 2.999617, 0.312658, 1.500000, 0.000000 
31.416000, -0.634161, 0.847931, 2.999668, 0.313774, 1.500000, 0.000000 
31.458000, -0.517160, 0.885885, 3.000332, 0.313587, 1.500000, 0.000000 
31.501000, -0.394447, 0.925670, 2.999520, 0.313493, 1.500000, 0.004363 
31.551000, -0.263178, 0.968247, 2.999677, 0.314341, 1.500000, 0.000000 
31.600000, -0.149075, 1.005398, 2.999620, 0.314948, 1.500000, 0.000000 
31.665000, 0.099108, 1.086220, 3.000489, 0.314736, 1.500000, 0.004363 
31.708000, 0.216067, 1.124294, 2.999714, 0.314633, 1.500000, 0.000000 
31.750000, 0.333033, 1.162353, 3.000325, 0.314480, 1.500000, 0.000000 
31.802000, 0.515624, 1.221728, 2.999928, 0.314284, 1.500000, 0.000000 
31.851000, 0.649722, 1.265312, 3.000073, 0.314167, 1.500000, 0.000000 
31.901000, 0.783824, 1.308883, 3.000016, 0.314108, 1.500000, 0.000000 
31.950000, 0.900808, 1.346887, 3.000008, 0.314082, 1.500000, 0.000000 
32.000000, 1.017792, 1.384887, 2.999893, 0.314059, 1.500000, 0.000000 
32.051000, 1.137632, 1.423809, 3.000002, 0.314033, 1.500000, 0.000000 
32.101000, 1.257472, 1.462730, 2.999964, 0.314006, 1.500000, 0.000000 
32.150000, 1.511415, 1.545208, 3.000103, 0.314117, 1.500000, 0.000000 
32.200000, 1.628398, 1.583215, 3.000089, 0.314145, 1.500000, 0.000000 
32.250000, 1.751087, 1.623078, 2.999870, 0.314165, 1.500000, 0.000000 
32.301000, 1.882336, 1.665718, 3.000077, 0.313356, 1.500000, -0.008727 
32.351000, 1.996551, 1.702539, 3.000518, 0.310686, 1.500000, 0.004363 
32.400000, 2.193603, 1.766032, 2.999718, 0.311113, 1.500000, 0.000000 
32.451000, 2.313603, 1.804544, 3.000487, 0.309773, 1.500000, 0.000000 
32.500000, 2.442235, 1.845562, 3.000260, 0.306561, 1.500000, -0.013090 
32.551000, 2.571023, 1.886020, 3.001214, 0.301453, 1.500000, -0.008727 
32.601000, 2.688549, 1.922397, 3.000543, 0.298255, 1.500000, 0.000000 
32.650000, 2.932344, 1.997319, 2.998785, 0.298313, 1.500000, 0.000000 
32.700000, 3.049926, 2.033467, 3.000001, 0.298335, 1.500000, -0.008727 
32.750000, 3.173274, 2.071239, 3.000995, 0.295119, 1.500000, -0.004363 
32.801000, 3.308243, 2.112153, 3.004589, 0.293336, 1.500000, 0.000000 
32.850000, 3.423136, 2.146855, 3.004412, 0.293451, 1.500000, 0.000000 
32.902000, 3.652932, 2.216163, 3.000494, 0.289982, 1.500000, -0.008727 
32.950000, 3.756473, 2.246877, 3.000370, 0.286273, 1.500000, -0.013090 
33.000000, 3.868687, 2.279581, 2.985483, 0.276568, 1.500000, -0.091630 
33.051000, 3.992707, 2.313529, 2.990379, 0.255696, 1.500000, -0.109083 
33.102000, 4.123182, 2.345679, 2.994172, 0.225798, 1.500000, -0.087266 
33.163000, 4.369386, 2.395142, 2.994687, 0.170873, 1.500000, -0.104720 
33.207000, 4.505094, 2.417350, 2.985473, 0.135090, 1.500000, -0.231256 
33.252000, 4.638292, 2.432350, 2.998517, 0.079474, 1.500000, -0.248709 
33.351000, 4.883432, 2.438156, 2.978978, -0.042511, 1.500000, -0.301069 
33.402000, 5.127247, 2.413933, 2.996102, -0.172051, 1.500000, -0.445059 
33.450000, 5.255220, 2.387176, 2.988065, -0.247656, 1.500000, -0.401426 
33.501000, 5.360934, 2.357268, 2.942147, -0.311737, 1.500000, 0.610865 
33.550000, 5.467857, 2.318666, 2.986947, -0.350873, 1.500000, -0.253073 
33.600000, 5.588798, 2.273991, 2.982400, -0.361872, 1.500000, -0.244346 
33.651000, 5.757016, 2.205564, 2.969146, -0.415910, 1.500000, -0.196350 
33.700000, 5.947699, 2.113962, 2.981266, -0.480325, 1.500000, -0.148353 
33.751000, 6.055230, 2.055462, 2.984568, -0.513772, 1.500000, -0.113446 
33.800000, 6.169029, 1.989032, 2.989628, -0.542739, 1.500000, -0.078540 
33.850000, 6.271101, 1.926177, 3.002419, -0.561747, 1.500000, -0.056723 
33.901000, 6.377166, 1.858306, 3.002809, -0.576676, 1.500000, -0.034907 
33.969000, 6.602095, 1.708972, 2.998901, -0.594848, 1.500000, -0.013090 
34.100000, 6.922582, 1.486931, 3.001367, -0.613622, 1.500000, -0.004363 
34.150000, 7.020559, 1.417665, 2.999358, -0.615931, 1.500000, 0.021817 
34.268000, 7.337447, 1.195529, 3.000084, -0.608132, 1.500000, 0.004363 
34.310000, 7.438649, 1.125673, 2.999895, -0.603352, 1.500000, -0.004363 
34.515000, 7.953527, 0.768113, 2.999705, -0.608747, 1.500000, 0.008727 
34.558000, 8.056951, 0.696127, 2.997536, -0.607324, 1.500000, -0.004363 
34.611000, 8.204831, 0.593471, 3.004371, -0.606503, 1.500000, -0.017453 
34.701000, 8.441412, 0.429146, 3.000719, -0.602705, 1.500000, 0.004363 
34.750000, 8.545211, 0.357684, 2.994853, -0.602797, 1.500000, -0.013090 
34.800000, 8.651354, 0.284382, 2.999122, -0.607398, 1.500000, 0.004363 
34.851000, 8.764734, 0.205766, 2.999405, -0.604884, 1.500000, 0.004363 
34.901000, 8.861053, 0.139351, 2.997593, -0.603695, 1.500000, 0.610865 
34.950000, 8.967417, 0.067286, 2.998460, -0.574146, 1.500000, 0.610865 
35.000000, 9.087157, -0.007350, 2.927153, -0.495324, 1.500000, 0.610865 
35.052000, 9.219344, -0.073032, 2.886617, -0.417084, 1.500000, 0.610865 
35.100000, 9.441214, -0.156645, 2.850806, -0.296332, 1.500000, 0.610865 
35.152000, 9.559345, -0.187294, 2.840526, -0.216940, 1.500000, 0.610865 
35.200000, 9.683929, -0.212284, 2.871276, -0.167998, 1.500000, 0.610865 
35.250000, 9.804104, -0.228605, 2.811501, -0.103504, 1.500000, 0.610865 
35.301000, 9.933595, -0.240625, 2.786431, -0.014823, 1.500000, 0.610865 
35.354000, 10.045306, -0.240017, 2.775084, 0.023364, 1.500000, 0.610865 
35.400000, 10.283423, -0.219383, 2.825620, 0.154727, 1.500000, 0.610865 
35.451000, 10.401685, -0.197703, 2.804591, 0.219818, 1.500000, 0.610865 
35.500000, 10.518707, -0.167561, 2.767783, 0.276779, 1.500000, 0.610865 
35.550000, 10.643681, -0.126254, 2.761911, 0.353092, 1.500000, 0.610865 
35.600000, 10.746527, -0.085170, 2.755514, 0.417864, 1.500000, 0.610865 
35.652000, 10.950124, 0.022031, 2.726236, 0.560116, 1.500000, 0.610865 
35.700000, 11.047041, 0.087858, 2.753564, 0.635252, 1.500000, 0.610865 
35.750000, 11.147595, 0.168964, 2.745844, 0.714951, 1.500000, 0.610865 
35.801000, 11.230363, 0.246390, 2.736324, 0.790202, 1.500000, 0.610865 
35.850000, 11.308373, 0.330478, 2.735081, 0.866094, 1.500000, 0.610865 
35.901000, 11.379765, 0.419499, 2.708395, 0.942440, 1.500000, 0.610865 
35.950000, 11.446468, 0.516902, 2.762866, 1.014049, 1.500000, 0.610865 
36.002000, 11.559049, 0.730290, 2.784497, 1.165696, 1.500000, 0.610865 
36.050000, 11.605666, 0.846454, 2.801428, 1.225064, 1.500000, 0.610865 
36.100000, 11.646849, 0.971611, 2.789018, 1.299298, 1.500000, -0.401426 
36.150000, 11.675059, 1.081930, 2.645484, 1.328314, 1.500000, 0.000000 
36.200000, 11.704187, 1.190361, 2.561492, 1.339085, 1.500000, 0.000000 
36.250000, 11.738196, 1.306294, 2.755211, 1.395327, 1.500000, -0.008727 
36.300000, 11.757738, 1.416154, 2.838520, 1.400428, 1.500000, 0.000000 
36.359000, 11.800763, 1.668281, 2.981496, 1.403570, 1.500000, 0.000000 
36.402000, 11.824675, 1.810111, 3.002459, 1.403870, 1.500000, 0.357792 
36.451000, 11.844767, 1.931057, 2.973955, 1.420637, 1.500000, 0.388336 
36.502000, 11.866717, 2.121736, 2.952456, 1.507189, 1.500000, 0.610865 
36.551000, 11.870529, 2.238636, 2.925144, 1.572790, 1.500000, 0.610865 
36.601000, 11.866472, 2.363156, 2.907300, 1.643656, 1.500000, 0.610865 
36.650000, 11.852730, 2.498066, 2.872612, 1.714297, 1.500000, 0.610865 
36.700000, 11.819310, 2.675721, 2.871216, 1.808325, 1.500000, 0.610865 
36.751000, 11.789363, 2.788982, 2.849480, 1.866062, 1.500000, 0.610865 
36.800000, 11.751092, 2.902423, 2.826073, 1.921468, 1.500000, 0.610865 
36.851000, 11.706108, 3.013433, 2.846592, 1.987438, 1.500000, 0.610865 
36.900000, 11.649481, 3.131399, 2.867819, 2.057775, 1.500000, 0.305433 
36.962000, 11.528235, 3.332841, 2.825651, 2.185307, 1.500000, 0.610865 
37.001000, 11.449897, 3.437477, 2.843988, 2.249463, 1.500000, 0.610865 
37.050000, 11.372155, 3.527808, 2.836950, 2.307462, 1.500000, 0.610865 
37.101000, 11.286452, 3.616812, 2.894971, 2.376341, 1.500000, 0.610865 
37.151000, 11.188788, 3.704595, 2.845893, 2.456252, 1.500000, -0.052360 
37.200000, 11.085287, 3.783553, 2.866620, 2.528213, 1.500000, -0.165806 
37.251000, 10.990927, 3.847197, 2.943274, 2.557343, 1.500000, -0.226893 
37.301000, 10.770669, 4.000607, 2.950112, 2.484121, 1.500000, -0.082903 
37.350000, 10.679451, 4.072654, 2.987483, 2.460737, 1.500000, -0.008727 
37.400000, 10.579796, 4.154259, 2.999593, 2.452949, 1.500000, 0.000000 
37.450000, 10.471213, 4.244162, 2.997657, 2.448596, 1.500000, 0.157080 
37.500000, 10.362380, 4.332901, 2.972331, 2.472068, 1.500000, 0.283616 
37.550000, 10.265241, 4.407045, 2.969505, 2.517627, 1.500000, 0.301069 
37.601000, 10.161874, 4.476912, 2.970691, 2.581308, 1.500000, 0.270526 
37.651000, 9.921957, 4.603137, 3.022985, 2.735169, 1.500000, 0.148353 
37.701000, 9.807685, 4.648940, 2.989945, 2.783820, 1.500000, 0.148353 
37.751000, 9.680169, 4.693192, 2.995195, 2.819518, 1.500000, 0.061087 
37.800000, 9.563340, 4.731551, 2.994820, 2.829877, 1.500000, 0.043633 
37.851000, 9.443330, 4.769478, 2.998880, 2.842150, 1.500000, 0.039270 
37.900000, 9.319995, 4.806644, 3.001033, 2.855763, 1.500000, 0.030543 
37.951000, 9.068803, 4.876230, 2.992823, 2.890447, 1.500000, 0.000000 
38.001000, 8.952588, 4.905790, 2.998608, 2.894388, 1.500000, -0.004363 
38.051000, 8.827492, 4.937258, 2.998935, 2.895424, 1.500000, 0.078540 
38.101000, 8.702312, 4.968257, 2.997964, 2.905445, 1.500000, 0.078540 
38.150000, 8.565120, 4.999778, 2.998089, 2.927970, 1.500000, -0.021817 
38.202000, 8.450721, 5.024326, 2.998818, 2.931295, 1.500000, -0.026180 
38.250000, 8.239601, 5.069817, 2.998539, 2.930584, 1.500000, -0.017453 
38.301000, 8.142786, 5.090087, 2.997395, 2.939825, 1.500000, -0.026180 
38.351000, 8.001619, 5.117916, 2.992113, 2.952370, 1.500000, -0.034907 
38.551000, 7.363008, 5.242734, 2.998423, 2.957843, 1.500000, 0.074176 
38.600000, 7.239151, 5.265537, 2.997793, 2.962106, 1.500000, -0.026180 
38.651000, 7.023674, 5.304500, 3.000551, 2.962240, 1.500000, -0.021817 
38.700000, 6.899742, 5.327459, 3.001805, 2.954686, 1.500000, -0.017453 
38.750000, 6.773039, 5.351743, 2.995437, 2.949834, 1.500000, 0.091630 
38.801000, 6.631774, 5.378432, 2.990699, 2.963065, 1.500000, 0.091630 
38.851000, 6.439724, 5.410231, 3.005904, 2.985936, 1.500000, -0.030543 
38.901000, 6.321208, 5.428805, 2.998277, 2.985607, 1.500000, -0.030543 
38.950000, 6.196757, 5.448359, 2.997494, 2.988587, 1.500000, -0.026180 
39.000000, 6.072281, 5.466790, 3.001387, 2.998534, 1.500000, 0.061087 
39.051000, 5.947596, 5.484819, 2.997017, 2.997456, 1.500000, 0.065450 
39.113000, 5.692349, 5.521437, 2.995853, 3.005977, 1.500000, -0.034907 
39.156000, 5.561593, 5.539157, 2.997697, 3.009524, 1.500000, 0.065450 
39.203000, 5.430762, 5.555587, 3.002563, 3.021890, 1.500000, -0.047997 
39.251000, 5.299726, 5.571448, 2.996014, 3.019230, 1.500000, 0.061087 
39.300000, 5.159816, 5.588787, 2.999905, 3.018811, 1.500000, 0.061087 
39.351000, 5.019944, 5.605306, 2.997719, 3.032195, 1.500000, -0.047997 
39.400000, 4.894757, 5.618143, 2.991058, 3.046075, 1.500000, 0.039270 
39.462000, 4.634913, 5.639619, 2.996887, 3.064444, 1.500000, -0.082903 
39.504000, 4.506405, 5.650161, 2.999655, 3.056294, 1.500000, -0.069813 
39.551000, 4.365995, 5.662539, 2.997769, 3.047596, 1.500000, 0.034907 
39.600000, 4.240611, 5.674851, 2.998237, 3.039398, 1.500000, 0.047997 
39.651000, 4.103409, 5.689363, 2.999850, 3.032713, 1.500000, -0.043633 
39.701000, 3.963416, 5.705011, 2.994808, 3.033240, 1.500000, 0.069813 
39.751000, 3.838203, 5.717772, 2.996914, 3.049581, 1.500000, -0.047997 
39.800000, 3.700795, 5.729733, 3.000839, 3.054549, 1.500000, -0.056723 
39.853000, 3.572383, 5.741535, 2.996792, 3.042473, 1.500000, 0.056723 
39.901000, 3.309888, 5.767338, 2.996686, 3.054929, 1.500000, 0.061087 
39.951000, 3.181475, 5.777796, 2.993150, 3.067958, 1.500000, -0.061087 
40.001000, 3.052927, 5.787195, 3.009587, 3.064781, 1.500000, 0.047997 
40.051000, 2.924268, 5.797307, 2.995285, 3.064583, 1.500000, 0.056723 
40.101000, 2.786675, 5.807527, 2.998964, 3.071802, 1.500000, 0.052360 
40.150000, 2.643105, 5.816605, 2.997697, 3.086076, 1.500000, 0.039270 
40.202000, 2.391594, 5.828692, 2.999645, 3.091419, 1.500000, -0.082903 
40.250000, 2.286888, 5.834455, 2.998583, 3.080058, 1.500000, 0.047997 
40.301000, 2.161102, 5.842721, 3.001118, 3.076730, 1.500000, -0.061087 
40.350000, 2.035402, 5.851392, 2.995228, 3.067084, 1.500000, -0.052360 
40.401000, 1.906894, 5.861299, 2.997701, 3.061258, 1.500000, 0.074176 
40.451000, 1.766635, 5.872320, 2.992594, 3.070296, 1.500000, -0.047997 
40.500000, 1.518270, 5.888967, 2.998175, 3.079632, 1.500000, 0.069813 
40.551000, 1.389625, 5.895859, 2.996000, 3.098076, 1.500000, 0.052360 
40.600000, 1.260875, 5.900460, 2.996316, 3.113093, 1.500000, -0.082903 
40.650000, 1.120064, 5.904064, 2.995057, 3.112280, 1.500000, -0.087266 
40.701000, 0.997344, 5.908668, 3.000298, 3.094126, 1.500000, 0.061087 
40.751000, 0.871814, 5.915639, 2.995241, 3.089979, 1.500000, -0.047997 
40.801000, 0.740132, 5.922080, 3.002547, 3.092266, 1.500000, -0.052360 
40.851000, 0.518568, 5.934328, 3.002584, 3.075926, 1.500000, -0.034907 
40.900000, 0.392979, 5.943336, 3.000361, 3.064556, 1.500000, -0.013090 
40.950000, 0.264521, 5.953621, 2.994168, 3.066403, 1.500000, -0.004363 
41.050000, -0.094510, 5.974487, 2.996510, 3.084567, 1.500000, -0.008727 
41.100000, -0.211334, 5.981124, 3.000210, 3.084583, 1.500000, 0.004363 
41.150000, -0.340134, 5.988407, 3.003957, 3.086247, 1.500000, 0.026180 
41.200000, -0.477852, 5.995249, 2.997588, 3.098028, 1.500000, 0.030543 
41.250000, -0.624605, 6.000680, 2.995044, 3.112198, 1.500000, 0.052360 
41.301000, -0.870152, 6.003390, 2.993632, -3.131066, 1.500000, 0.078540 
41.350000, -0.992786, 6.000586, 2.992887, -3.105707, 1.500000, 0.082903 
41.401000, -1.133230, 5.993416, 2.992199, -3.074722, 1.500000, 0.087266 
41.450000, -1.273311, 5.981827, 2.985547, -3.042225, 1.500000, 0.095993 
41.500000, -1.398072, 5.967590, 2.985614, -3.013062, 1.500000, 0.100356 
41.551000, -1.525393, 5.949366, 2.994617, -2.985151, 1.500000, 0.100356 
41.603000, -1.652219, 5.927548, 3.000469, -2.958806, 1.500000, 0.069813 
41.651000, -1.916417, 5.874039, 2.996534, -2.926094, 1.500000, 0.030543 
41.700000, -2.036380, 5.847259, 2.997050, -2.917038, 1.500000, 0.021817 
41.751000, -2.162009, 5.818145, 2.998945, -2.910062, 1.500000, 0.013090 
41.801000, -2.296256, 5.786247, 2.999337, -2.905697, 1.500000, 0.004363 
41.851000, -2.418743, 5.756764, 2.999972, -2.904623, 1.500000, 0.004363 
41.900000, -2.541206, 5.727118, 2.999197, -2.903190, 1.500000, 0.000000 
41.951000, -2.806503, 5.662658, 3.003851, -2.902893, 1.500000, 0.004363 
42.001000, -2.905605, 5.638510, 2.999562, -2.901318, 1.500000, 0.013090 
42.050000, -3.027880, 5.608274, 3.000250, -2.896722, 1.500000, 0.013090 
42.101000, -3.150045, 5.577536, 3.005297, -2.892341, 1.500000, 0.004363 
42.150000, -3.275054, 5.545676, 2.999589, -2.891338, 1.500000, 0.013090 
42.202000, -3.411590, 5.510587, 2.999094, -2.888023, 1.500000, 0.008727 
42.250000, -3.655340, 5.446735, 3.001336, -2.880012, 1.500000, 0.004363 
42.301000, -3.777034, 5.414094, 2.999475, -2.879347, 1.500000, 0.004363 
42.350000, -3.898702, 5.381333, 2.997057, -2.877594, 1.500000, 0.008727 
42.400000, -4.031835, 5.345097, 2.998928, -2.873741, 1.500000, 0.004363 
42.451000, -4.167766, 5.307673, 2.996919, -2.872096, 1.500000, 0.000000 
42.500000, -4.283435, 5.275715, 2.996659, -2.871504, 1.500000, -0.004363 
42.551000, -4.546520, 5.202756, 2.999759, -2.871915, 1.500000, 0.004363 
42.600000, -4.662170, 5.170726, 2.999225, -2.870811, 1.500000, 0.004363 
42.651000, -4.789335, 5.135344, 2.999971, -2.869450, 1.500000, 0.008727 
42.701000, -4.919308, 5.098911, 2.996442, -2.864706, 1.500000, 0.069813 
42.751000, -5.054421, 5.059085, 2.992707, -2.843969, 1.500000, 0.065450 
42.801000, -5.171516, 5.021929, 2.997670, -2.824770, 1.500000, 0.047997 
42.851000, -5.290868, 4.981854, 2.999569, -2.810794, 1.500000, 0.026180 
42.900000, -5.486193, 4.913502, 2.998005, -2.797411, 1.500000, 0.030543 
42.951000, -5.593315, 4.874681, 3.002863, -2.789873, 1.500000, 0.091630 
43.001000, -5.713933, 4.829670, 2.992665, -2.776166, 1.500000, 0.113446 
43.051000, -5.954716, 4.730401, 2.982649, -2.722179, 1.500000, 0.091630 
43.100000, -6.068846, 4.677847, 2.994663, -2.697184, 1.500000, 0.165806 
43.151000, -6.184026, 4.620896, 2.995164, -2.665458, 1.500000, 0.170170 
43.200000, -6.304868, 4.555690, 2.996447, -2.627651, 1.500000, 0.231256 
43.250000, -6.410111, 4.493896, 2.961030, -2.587207, 1.500000, 0.218166 
43.300000, -6.514898, 4.425938, 2.963095, -2.540219, 1.500000, 0.200713 
43.355000, -6.721604, 4.269876, 2.991028, -2.447893, 1.500000, 0.226893 
43.400000, -6.811867, 4.191720, 2.993962, -2.407405, 1.500000, 0.205076 
43.451000, -6.903341, 4.105931, 2.987310, -2.368463, 1.500000, 0.178896 
43.500000, -6.995624, 4.012438, 2.977061, -2.329095, 1.500000, 0.170170 
43.551000, -7.076116, 3.924323, 2.999037, -2.288637, 1.500000, 0.274889 
43.600000, -7.163798, 3.818447, 2.983346, -2.222873, 1.500000, 0.248709 
43.656000, -7.318365, 3.588001, 2.965902, -2.104956, 1.500000, 0.287979 
43.703000, -7.378968, 3.482083, 2.966287, -2.055939, 1.500000, 0.279253 
43.750000, -7.432851, 3.373013, 2.995140, -1.999860, 1.500000, 0.244346 
43.800000, -7.482951, 3.255363, 2.984678, -1.946473, 1.500000, 0.205076 
43.850000, -7.528242, 3.132444, 2.969464, -1.891355, 1.500000, 0.287979 
43.901000, -7.561773, 3.024100, 2.970005, -1.843434, 1.500000, 0.257436 
43.962000, -7.621216, 2.760973, 2.989340, -1.740649, 1.500000, 0.287979 
44.004000, -7.638950, 2.641164, 2.968194, -1.691581, 1.500000, 0.287979 
44.101000, -7.656037, 2.377904, 2.936815, -1.575220, 1.500000, 0.231256 
44.151000, -7.653762, 2.256237, 2.964960, -1.528882, 1.500000, 0.183260 
44.200000, -7.645496, 2.129133, 2.985337, -1.480739, 1.500000, 0.283616 
44.269000, -7.606550, 1.867122, 2.978047, -1.362217, 1.500000, 0.213803 
44.311000, -7.578450, 1.748348, 2.963329, -1.315399, 1.500000, 0.178896 
44.354000, -7.543395, 1.624800, 2.980040, -1.275234, 1.500000, 0.152716 
44.400000, -7.503748, 1.502927, 2.989635, -1.238021, 1.500000, 0.327249 
44.451000, -7.456689, 1.374421, 2.971176, -1.195887, 1.500000, 0.301069 
44.501000, -7.409583, 1.261794, 2.965892, -1.139370, 1.500000, 0.292343 
44.551000, -7.353941, 1.149549, 2.991093, -1.069598, 1.500000, 0.357792 
44.609000, -7.217148, 0.935990, 2.976830, -0.915857, 1.500000, 0.327249 
44.651000, -7.141789, 0.843292, 2.981742, -0.836480, 1.500000, 0.392699 
44.700000, -7.054736, 0.752120, 3.003600, -0.756950, 1.500000, 0.344703 
44.751000, -6.958697, 0.666750, 2.990445, -0.674511, 1.500000, 0.270526 
44.801000, -6.855869, 0.590420, 3.007387, -0.597096, 1.500000, 0.309796 
44.862000, -6.622638, 0.456836, 2.987428, -0.431043, 1.500000, 0.183260 
44.905000, -6.500838, 0.405180, 2.995388, -0.375712, 1.500000, 0.148353 
44.950000, -6.380051, 0.359874, 2.994374, -0.342450, 1.500000, 0.165806 
45.000000, -6.266763, 0.321375, 3.006800, -0.307954, 1.500000, 0.117810 
45.050000, -6.071050, 0.264849, 2.992729, -0.257103, 1.500000, 0.095993 
45.100000, -5.954797, 0.235759, 3.003842, -0.232388, 1.500000, 0.087266 
45.151000, -5.829243, 0.207781, 2.998113, -0.206523, 1.500000, 0.061087 
45.200000, -5.688270, 0.179661, 2.993642, -0.184949, 1.500000, 0.100356 
45.250000, -5.567453, 0.158714, 2.984825, -0.158519, 1.500000, 0.087266 
45.301000, -5.443119, 0.140187, 2.988865, -0.136566, 1.500000, 0.074176 
45.353000, -5.172311, 0.108670, 2.999538, -0.096350, 1.500000, 0.039270 
45.462000, -4.891578, 0.085730, 2.999435, -0.062590, 1.500000, 0.087266 
45.505000, -4.769142, 0.079282, 2.989766, -0.040944, 1.500000, 0.065450 
45.551000, -4.640440, 0.075494, 2.994128, -0.020225, 1.500000, 0.039270 
45.601000, -4.496617, 0.073593, 2.992429, -0.005662, 1.500000, 0.030543 
45.650000, -4.376726, 0.073591, 2.999212, 0.005334, 1.500000, 0.021817 
45.701000, -4.247835, 0.074881, 2.999316, 0.014678, 1.500000, 0.013090 
45.766000, -3.978135, 0.080621, 2.997548, 0.030810, 1.500000, 0.095993 
45.809000, -3.855492, 0.085500, 2.984116, 0.050969, 1.500000, 0.074176 
45.900000, -3.592341, 0.104450, 2.997843, 0.089877, 1.500000, 0.052360 
45.950000, -3.470169, 0.116376, 2.997899, 0.103888, 1.500000, 0.039270 
46.000000, -3.345050, 0.130056, 2.999132, 0.113847, 1.500000, 0.021817 
46.068000, -3.083380, 0.162770, 2.984254, 0.140193, 1.500000, 0.113446 
46.110000, -2.959113, 0.181720, 2.993736, 0.163788, 1.500000, 0.091630 
46.153000, -2.835447, 0.203661, 2.996326, 0.185992, 1.500000, 0.061087 
46.201000, -2.709224, 0.228710, 2.995986, 0.205792, 1.500000, 0.052360 
46.250000, -2.574689, 0.258205, 2.995289, 0.224353, 1.500000, 0.034907 
46.301000, -2.452228, 0.287034, 2.992863, 0.238861, 1.500000, 0.100356 
46.350000, -2.330336, 0.317787, 2.985689, 0.257687, 1.500000, 0.082903 
46.405000, -2.077116, 0.389868, 2.996572, 0.292656, 1.500000, 0.021817 
46.452000, -1.942399, 0.431094, 2.998053, 0.300164, 1.500000, 0.013090 
46.501000, -1.825014, 0.467702, 2.999226, 0.304306, 1.500000, 0.013090 
46.550000, -1.704896, 0.505672, 2.999422, 0.307804, 1.500000, 0.008727 
46.600000, -1.584884, 0.543981, 2.999646, 0.310816, 1.500000, 0.004363 
46.651000, -1.464994, 0.582661, 2.999596, 0.312975, 1.500000, 0.000000 
46.708000, -1.242403, 0.654860, 2.998480, 0.313669, 1.500000, 0.000000 
46.751000, -1.125394, 0.692811, 3.001716, 0.313483, 1.500000, 0.000000 
46.800000, -0.996968, 0.734436, 2.998952, 0.313328, 1.500000, 0.000000 
46.851000, -0.879952, 0.772345, 3.000830, 0.313188, 1.500000, 0.000000 
46.903000, -0.637344, 0.850883, 3.000242, 0.312962, 1.500000, 0.000000 
46.964000, -0.506044, 0.893367, 3.000133, 0.312865, 1.500000, 0.000000 
47.050000, -0.274832, 0.968153, 3.000033, 0.312795, 1.500000, 0.000000 
47.150000, -0.023638, 1.049390, 2.999922, 0.312761, 1.500000, 0.000000 
47.217000, 0.090540, 1.086310, 2.999780, 0.312908, 1.500000, 0.004363 
47.258000, 0.281768, 1.148257, 3.000116, 0.313397, 1.500000, 0.000000 
47.300000, 0.393079, 1.184328, 3.000108, 0.313330, 1.500000, 0.000000 
47.353000, 0.644245, 1.265702, 2.999831, 0.313302, 1.500000, 0.000000 
47.401000, 0.755559, 1.301764, 3.000171, 0.313284, 1.500000, 0.000000 
47.450000, 0.878288, 1.341521, 2.999854, 0.313273, 1.500000, 0.004363 
47.500000, 1.015286, 1.385899, 3.000327, 0.313247, 1.500000, 0.000000 
47.550000, 1.129452, 1.422879, 3.000212, 0.313212, 1.500000, 0.000000 
47.599000, 1.249329, 1.461704, 3.000042, 0.313188, 1.500000, 0.000000 
47.658000, 1.500509, 1.543038, 2.999807, 0.313128, 1.500000, 0.000000 
47.701000, 1.614682, 1.580004, 2.999840, 0.313093, 1.500000, 0.000000 
47.750000, 1.737421, 1.619738, 3.000280, 0.313082, 1.500000, 0.000000 
47.801000, 1.868721, 1.662243, 3.000300, 0.313034, 1.500000, 0.000000 
47.851000, 1.982899, 1.699199, 3.000210, 0.313011, 1.500000, -0.008727 
47.901000, 2.099929, 1.737018, 2.999770, 0.311569, 1.500000, -0.013090 
47.953000, 2.351416, 1.817438, 2.999801, 0.306044, 1.500000, -0.008727 
48.000000, 2.480192, 1.857965, 3.001009, 0.302854, 1.500000, 0.000000 
48.052000, 2.600477, 1.895460, 2.999869, 0.302108, 1.500000, -0.004363 
48.100000, 2.726523, 1.934689, 3.000000, 0.301202, 1.500000, -0.004363 
