0,0,0.005295,4,0
1,0,0.002588,3,0
2,0,0.005607,4,0
3,0,0.006183,4,0
4,0,0.002856,3,0
5,0,0.005253,4,0
6,0,0.002625,3,0
7,0,0.005218,4,0
8,0,0.005629,4,0
9,0,0.005726,4,0
10,0,0.006071,4,0
11,0,0.005397,4,0
12,1,0.000623,1,0
13,1,0.00531,4,0
14,1,0.005199,4,0
15,1,0.001335,2,0
16,1,0.005404,4,0
17,1,0.005309,4,0
18,1,0.00262,3,0
19,1,0.002854,3,0
20,1,0.005305,4,0
21,1,0.005618,4,0
22,1,0.006166,4,0
23,1,0.001555,2,0
24,1,0.005616,4,0
25,1,0.005129,4,0
26,1,0.006028,4,0
27,1,0.00538,4,0
28,1,0.006083,4,0
29,1,0.006055,4,0
30,1,0.002926,3,0
31,1,0.005634,4,0
32,1,0.006078,4,0
33,1,0.005623,4,0
34,1,0.005355,4,0
35,1,0.005439,4,0
36,1,0.005757,4,0
37,1,0.002916,3,0
38,1,0.005205,4,0
39,1,0.005694,4,0
40,1,0.005393,4,0
41,1,0.005377,4,0
42,1,0.002912,3,0
43,1,0.000576,1,0
44,1,0.005726,4,0
45,1,0.005407,4,0
46,1,0.003182,3,0
47,1,0.005265,4,0
48,1,0.00663,4,0
49,1,0.005874,4,0
50,1,0.007124,4,0
51,1,0.005682,4,0
52,1,0.007037,4,0
53,1,0.001845,2,0
54,1,0.001317,1,0
55,1,0.005879,4,0
56,1,0.006408,4,0
57,1,0.003921,3,0
58,1,0.003098,3,0
59,1,0.007072,4,0
60,1,0.002946,3,0
61,1,0.002928,3,0
62,1,0.003964,3,0
63,1,0.001961,2,0
64,1,0.0071,4,0
65,1,0.006839,4,0
66,1,0.00691,4,0
67,1,0.007042,4,0
68,1,0.007027,4,0
69,1,0.006918,4,0
70,1,0.007186,4,0
71,1,0.006826,4,0
72,1,0.00701,4,0
73,1,0.007001,4,0
74,1,0.006868,4,0
75,1,0.007005,4,0
76,1,0.006975,4,0
77,1,0.007018,4,0
78,1,0.007533,4,0
79,1,0.006952,4,0
80,1,0.007348,4,0
81,1,0.007455,4,0
82,1,0.007436,4,0
83,1,0.007936,4,0
84,1,0.003882,3,0
85,1,0.008544,4,0
86,1,0.007913,4,0
87,1,0.007549,4,0
88,1,0.007725,4,0
89,1,0.007715,4,0
90,1,0.007532,4,0
91,1,0.007071,4,0
92,1,0.006064,4,0
93,1,0.005441,4,0
94,1,0.005437,4,0
95,1,0.0051,4,0
96,1,0.005145,4,0
97,1,0.005202,4,0
98,1,0.005055,4,0
99,1,0.005215,4,0
100,1,0.005236,4,0
101,1,0.010316,5,0
102,1,0.005423,4,0
103,1,0.005268,4,0
104,1,0.005301,4,0
105,1,0.005882,4,0
106,0,0.005698,4,0
107,0,0.005382,4,0
108,0,0.00122,2,0
109,0,0.005589,4,0
110,0,0.005554,4,0
111,0,0.002921,3,0
112,1,0.008169,10,0
113,1,0.002308,3,0
114,1,0.008016,8,0
115,1,0.011769,6,0
116,1,0.000373,21,0
117,1,0.000432,21,0
118,1,0.000369,21,0
119,1,0.000363,21,0
120,1,0.000354,21,0
121,1,0.000459,21,0
122,1,0.000452,21,0
123,1,0.000376,21,0
124,1,0.000365,21,0
125,1,0.000366,21,0
126,1,0.000357,21,0
127,1,0.000352,21,0
128,1,0.000375,21,0
129,1,0.000375,21,0
130,1,0.000351,21,0
131,1,0.005133,4,0
132,1,0.005479,4,0
133,1,0.005494,4,0
134,1,0.005297,4,0
135,1,0.005192,4,0
136,1,0.005408,4,0
137,1,0.005281,4,0
138,1,0.005439,4,0
139,1,0.005261,4,0
140,1,0.001226,2,0
141,1,0.005408,4,0
142,1,0.005263,4,0
143,1,0.005251,4,0
144,1,0.005553,4,0
145,1,0.005229,4,0
146,1,0.005887,4,0
147,1,0.001307,2,0
148,1,0.00528,4,0
149,1,0.005225,4,0
150,1,0.005172,4,0
151,1,0.005217,4,0
152,1,0.002825,3,0
153,1,0.002742,3,0
154,1,0.005424,4,0
155,1,0.005393,4,0
156,1,0.005159,4,0
157,1,0.005523,4,0
158,1,0.005297,4,0
159,1,0.005445,4,0
160,1,0.001536,2,0
161,1,0.005331,4,0
162,1,0.005542,4,0
163,1,0.005336,4,0
164,1,0.005526,4,0
165,1,0.005727,4,0
166,1,0.005235,4,0
167,1,0.005094,4,0
168,1,0.005785,4,0
169,1,0.005444,4,0
170,1,0.006169,4,0
171,1,0.005445,4,0
172,1,0.005486,4,0
173,1,0.001236,2,0
174,1,0.00525,4,0
175,1,0.003054,3,0
176,1,0.005974,4,0
177,1,0.005729,4,0
178,1,0.005524,4,0
179,1,0.001237,2,0
180,1,0.005566,4,0
181,1,0.005349,4,0
182,1,0.004993,4,0
183,1,0.00494,4,0
184,1,0.001103,2,0
185,1,0.004729,4,0
186,1,0.009677,5,0
187,1,0.005678,4,0
188,1,0.00533,4,0
189,1,0.00495,4,0
190,1,0.005338,4,0
191,1,0.0052,4,0
192,1,0.005194,4,0
193,1,0.002556,3,0
194,1,0.005574,4,0
195,1,0.005478,4,0
196,1,0.001579,2,0
197,1,0.00545,4,0
198,1,0.006182,4,0
199,1,0.002825,3,0
200,1,0.001272,2,0
201,1,0.001286,2,0
202,1,0.005232,4,0
203,1,0.002724,3,0
204,1,0.006181,4,0
205,1,0.003012,3,0
206,1,0.005503,4,0
207,1,0.001434,2,0
208,1,0.003224,3,0
209,1,0.002742,3,0
210,1,0.00542,4,0
211,1,0.005341,4,0
212,1,0.002797,3,0
213,1,0.005293,4,0
214,1,0.005243,4,0
215,1,0.005258,4,0
216,1,0.005555,4,0
217,1,0.005464,4,0
218,1,0.005306,4,0
219,1,0.006098,4,0
220,1,0.003014,3,0
221,1,0.003098,3,0
222,1,0.005599,4,0
223,1,0.002768,3,0
224,1,0.005543,4,0
225,1,0.005608,4,0
226,1,0.001308,2,0
227,1,0.005955,4,0
228,1,0.002797,3,0
229,1,0.005839,4,0
230,1,0.002758,3,0
231,1,0.005508,4,0
232,1,0.006248,4,0
233,1,0.005415,4,0
234,1,0.002918,3,0
235,1,0.00302,3,0
236,1,0.001705,2,0
237,1,0.005544,4,0
238,1,0.002895,3,0
239,1,0.005639,4,0
240,1,0.002772,3,0
241,1,0.005312,4,0
242,1,0.005334,4,0
243,1,0.002871,3,0
244,1,0.005532,4,0
245,1,0.002912,3,0
246,1,0.005792,4,0
247,1,0.006206,4,0
248,1,0.000656,1,0
249,1,0.005475,4,0
250,1,0.005825,4,0
251,1,0.005594,4,0
252,1,0.005533,4,0
253,1,0.005944,4,0
254,1,0.005419,4,0
255,1,0.006132,4,0
256,1,0.005616,4,0
257,1,0.005539,4,0
258,1,0.002821,3,0
259,1,0.006302,4,0
260,1,0.006051,4,0
261,1,0.005851,4,0
262,1,0.00579,4,0
263,1,0.002975,3,0
264,1,0.005497,4,0
265,1,0.005597,4,0
266,1,0.005582,4,0
267,1,0.006578,4,0
268,1,0.001636,2,0
269,1,0.005944,4,0
270,1,0.001477,2,0
271,1,0.005775,4,0
272,1,0.005586,4,0
273,1,0.005661,4,0
274,1,0.005524,4,0
275,1,0.005622,4,0
276,1,0.006271,4,0
277,1,0.005622,4,0
278,1,0.005528,4,0
279,1,0.006457,4,0
280,1,0.00304,3,0
281,1,0.006058,4,0
282,1,0.005838,4,0
283,1,0.000615,1,0
284,1,0.005885,4,0
285,1,0.0058,4,0
286,1,0.005604,4,0
287,1,0.006461,4,0
288,1,0.00291,3,0
289,1,0.00309,3,0
290,1,0.003063,3,0
291,1,0.00556,4,0
292,1,0.005365,4,0
293,1,0.005629,4,0
294,1,0.005679,4,0
295,1,0.005492,4,0
296,1,0.006577,4,0
297,1,0.005809,4,0
298,1,0.005725,4,0
299,1,0.006023,4,0
300,1,0.005869,4,0
301,1,0.006445,4,0
302,1,0.005914,4,0
303,1,0.000509,1,0
304,1,0.006327,4,0
305,1,0.006319,4,0
306,1,0.00569,4,0
307,1,0.003006,3,0
308,1,0.005769,4,0
309,1,0.005696,4,0
310,1,0.005884,4,0
311,1,0.005765,4,0
312,1,0.006081,4,0
313,1,0.006304,4,0
314,1,0.006046,4,0
315,1,0.005649,4,0
316,1,0.003198,3,0
317,1,0.001507,2,0
318,1,0.006982,4,0
319,1,0.006921,4,0
320,1,0.007002,4,0
321,1,0.007221,4,0
322,1,0.007036,4,0
323,1,0.006883,4,0
324,1,0.006942,4,0
325,1,0.006842,4,0
326,1,0.007045,4,0
327,1,0.006956,4,0
328,1,0.006942,4,0
329,1,0.006958,4,0
330,1,0.006884,4,0
331,1,0.006839,4,0
332,1,0.007038,4,0
333,1,0.001647,2,0
334,1,0.006847,4,0
335,1,0.006992,4,0
336,1,0.007275,4,0
337,1,0.006948,4,0
338,1,0.006825,4,0
339,1,0.006917,4,0
340,1,0.006939,4,0
341,1,0.004116,3,0
342,1,0.007374,4,0
343,1,0.006994,4,0
344,1,0.007094,4,0
345,1,0.006927,4,0
346,1,0.006824,4,0
347,1,0.006814,4,0
348,1,0.006784,4,0
349,1,0.007937,4,0
350,1,0.007036,4,0
351,1,0.00688,4,0
352,1,0.007043,4,0
353,1,0.006888,4,0
354,1,0.006988,4,0
355,0,0.006725,4,0
356,0,0.00668,4,0
357,0,0.006747,4,0
358,0,0.007357,4,0
359,0,0.007006,4,0
360,0,0.006782,4,0
361,0,0.006759,4,0
362,0,0.007067,4,0
363,0,0.006655,4,0
364,0,0.006924,4,0
365,0,0.008053,4,0
366,0,0.00678,4,0
367,0,0.008342,4,0
368,0,0.007044,4,0
369,0,0.00549,4,0
370,0,0.005799,4,0
371,0,0.003064,3,0
372,0,0.005242,4,0
373,0,0.005598,4,0
374,0,0.005343,4,0
375,0,0.00542,4,0
376,0,0.006064,4,0
377,0,0.007,4,0
378,0,0.007275,4,0
379,0,0.006959,4,0
380,0,0.007114,4,0
381,0,0.007101,4,0
382,0,0.006931,4,0
383,0,0.007828,4,0
384,0,0.007044,4,0
385,0,0.006982,4,0
386,0,0.006898,4,0
387,0,0.006976,4,0
388,1,0.00664,4,0
389,1,0.006867,4,0
390,1,0.006058,4,0
391,1,0.006003,4,0
392,1,0.005686,4,0
393,1,0.005221,4,0
394,1,0.005248,4,0
395,1,0.005334,4,0
396,1,0.009521,5,0
397,1,0.010175,5,0
398,1,0.005642,4,0
399,1,0.006088,4,0
400,1,0.00655,4,0
401,1,0.00658,4,0
402,1,0.00693,4,0
403,1,0.006705,4,0
404,1,0.006599,4,0
405,1,0.006865,4,0
406,1,0.007008,4,0
407,1,0.006884,4,0
408,1,0.007243,4,0
409,1,0.006938,4,0
410,1,0.007258,4,0
411,1,0.007432,4,0
412,1,0.007634,4,0
413,1,0.007547,4,0
414,1,0.007288,4,0
415,1,0.007569,4,0
416,1,0.007426,4,0
417,1,0.007162,4,0
418,1,0.007086,4,0
419,1,0.00752,4,0
420,1,0.006957,4,0
421,1,0.006893,4,0
422,1,0.00677,4,0
423,1,0.006791,4,0
424,1,0.006826,4,0
425,1,0.006679,4,0
426,1,0.006734,4,0
427,1,0.006815,4,0
428,1,0.006591,4,0
429,1,0.007077,4,0
430,1,0.007493,4,0
431,1,0.006665,4,0
432,1,0.006619,4,0
433,1,0.006633,4,0
434,1,0.006608,4,0
435,1,0.00682,4,0
436,1,0.006496,4,0
437,1,0.006551,4,0
438,1,0.006487,4,0
439,1,0.00682,4,0
440,1,0.006683,4,0
441,1,0.006516,4,0
442,1,0.006462,4,0
443,1,0.006519,4,0
444,1,0.006689,4,0
445,1,0.006566,4,0
446,1,0.006603,4,0
447,1,0.006459,4,0
448,1,0.006399,4,0
449,1,0.006526,4,0
450,1,0.006528,4,0
451,1,0.006509,4,0
452,1,0.006414,4,0
453,1,0.006462,4,0
454,1,0.006347,4,0
455,1,0.00651,4,0
456,1,0.006357,4,0
457,0,0.006465,4,0
458,0,0.006421,4,0
459,0,0.006303,4,0
460,0,0.006402,4,0
461,0,0.006299,4,0
462,0,0.006468,4,0
463,1,0.0045,4,0
464,1,0.0054,7,0
465,1,0.005176,7,0
466,1,0.006597,8,0
467,1,0.006032,9,0
468,1,0.054178,8,0
469,1,0.006945,5,0
470,1,0.006555,4,0
471,1,0.006561,4,0
472,1,0.006483,4,0
473,1,0.006383,4,0
474,1,0.006491,4,0
475,1,0.006564,4,0
476,1,0.00634,4,0
477,1,0.006434,4,0
478,1,0.00621,4,0
479,1,0.006234,4,0
480,1,0.006292,4,0
481,1,0.006196,4,0
482,1,0.006192,4,0
483,1,0.006322,4,0
484,1,0.006698,4,0
485,1,0.00615,4,0
486,1,0.00604,4,0
487,1,0.006215,4,0
488,1,0.006207,4,0
489,1,0.006035,4,0
490,1,0.006073,4,0
491,1,0.006175,4,0
492,1,0.006155,4,0
493,1,0.006108,4,0
494,1,0.006189,4,0
495,1,0.006715,4,0
496,1,0.006201,4,0
497,1,0.006116,4,0
498,1,0.006107,4,0
499,1,0.006102,4,0
500,1,0.006212,4,0
501,1,0.006715,4,0
502,1,0.006246,4,0
503,1,0.006263,4,0
504,1,0.006128,4,0
505,1,0.004108,3,0
506,1,0.006107,4,0
507,1,0.0068,4,0
508,1,0.00612,4,0
509,1,0.006564,4,0
510,1,0.006369,4,0
511,1,0.006188,4,0
512,1,0.006121,4,0
513,1,0.006304,4,0
514,1,0.006369,4,0
515,1,0.006254,4,0
516,1,0.006102,4,0
517,1,0.006091,4,0
518,1,0.00663,4,0
519,1,0.00619,4,0
520,1,0.006109,4,0
521,1,0.006256,4,0
522,1,0.0061,4,0
523,1,0.006147,4,0
524,1,0.006168,4,0
525,1,0.006112,4,0
526,1,0.006157,4,0
527,1,0.006566,4,0
528,1,0.006163,4,0
529,1,0.006231,4,0
530,1,0.000669,21,0
531,1,0.000571,21,0
532,1,0.000601,21,0
533,1,0.005266,4,0
534,1,0.003231,3,0
535,1,0.005953,4,0
536,1,0.002919,3,0
537,1,0.005506,4,0
538,1,0.005262,4,0
539,1,0.00268,3,0
540,1,0.003351,3,0
541,1,0.00536,4,0
542,1,0.0053,4,0
543,1,0.005618,4,0
544,1,0.002608,3,0
545,1,0.005607,4,0
546,1,0.005218,4,0
547,1,0.001246,2,0
548,1,0.00538,4,0
549,1,0.005516,4,0
550,1,0.002872,3,0
551,1,0.005776,4,0
552,1,0.005561,4,0
553,1,0.005817,4,0
554,1,0.001421,2,0
555,1,0.001621,2,0
556,1,0.00634,4,0
557,1,0.005464,4,0
558,1,0.005525,4,0
559,1,0.006168,4,0
560,1,0.005611,4,0
561,1,0.005645,4,0
562,1,0.002974,3,0
563,1,0.005483,4,0
564,1,0.002911,3,0
565,1,0.00257,3,0
566,1,0.005512,4,0
567,1,0.002822,3,0
568,1,0.004371,4,0
569,1,0.010666,5,0
570,1,0.005551,4,0
571,1,0.001385,2,0
572,1,0.005612,4,0
573,1,0.002847,3,0
574,1,0.005738,4,0
575,1,0.002997,3,0
576,1,0.002875,3,0
577,1,0.005471,4,0
578,1,0.005384,4,0
579,1,0.002729,3,0
580,1,0.005392,4,0
581,1,0.003049,3,0
582,1,0.005349,4,0
583,1,0.005036,4,0
584,1,0.004906,11,0
585,1,0.000571,21,0
586,1,0.005491,4,0
587,1,0.005412,4,0
588,1,0.002688,3,0
589,1,0.005324,4,0
590,1,0.004712,4,0
591,1,0.004783,7,0
592,1,0.007587,9,0
593,1,0.000459,21,0
594,1,0.000454,21,0
595,1,0.000465,21,0
596,1,0.00045,21,0
597,1,0.000479,21,0
598,1,0.00558,4,0
599,1,0.005726,4,0
600,1,0.006049,4,0
601,1,0.000615,1,0
602,1,0.005429,4,0
603,1,0.00312,3,0
604,1,0.005554,4,0
605,1,0.006296,4,0
606,1,0.005339,4,0
607,1,0.002871,3,0
608,1,0.005311,4,0
609,1,0.005503,4,0
610,1,0.005791,4,0
611,1,0.005531,4,0
612,1,0.005216,4,0
613,1,0.002758,3,0
614,1,0.005511,4,0
615,1,0.005893,4,0
616,1,0.002824,3,0
617,1,0.001547,2,0
618,1,0.005355,4,0
619,1,0.005335,4,0
620,1,0.005339,4,0
621,1,0.005634,4,0
622,1,0.005738,4,0
623,1,0.001474,2,0
624,1,0.005484,4,0
625,1,0.005456,4,0
626,1,0.005387,4,0
627,1,0.005531,4,0
628,1,0.002908,3,0
629,1,0.005639,4,0
630,1,0.005395,4,0
631,1,0.005527,4,0
632,1,0.005685,4,0
633,1,0.005415,4,0
634,1,0.005939,4,0
635,1,0.003162,3,0
636,1,0.005434,4,0
637,1,0.005339,4,0
638,1,0.003006,3,0
639,1,0.005456,4,0
640,1,0.005461,4,0
641,1,0.005818,4,0
642,1,0.005533,4,0
643,1,0.005457,4,0
644,1,0.005389,4,0
645,1,0.00565,4,0
646,1,0.005487,4,0
647,1,0.005709,4,0
648,1,0.005842,4,0
649,1,0.005484,4,0
650,1,0.002815,3,0
651,1,0.005428,4,0
652,1,0.002873,3,0
653,0,0.005733,4,0
654,0,0.005173,4,0
655,0,0.002677,3,0
656,0,0.001339,2,0
657,0,0.002681,3,0
658,0,0.005597,4,0
659,0,0.005907,4,0
660,1,0.000818,1,0
661,1,0.005575,4,0
662,1,0.002719,3,0
663,1,0.002654,3,0
664,1,0.005874,4,0
665,1,0.005834,4,0
666,1,0.003148,3,0
667,1,0.006788,4,0
668,1,0.006715,4,0
669,1,0.006769,4,0
670,1,0.000628,1,0
671,1,0.005276,4,0
672,1,0.005476,4,0
673,1,0.005566,4,0
674,1,0.005584,4,0
675,1,0.005397,4,0
676,1,0.005665,4,0
677,1,0.002821,3,0
678,1,0.005538,4,0
679,1,0.005439,4,0
680,1,0.00539,4,0
681,1,0.005367,4,0
682,1,0.005452,4,0
683,1,0.005887,4,0
684,1,0.005324,4,0
685,1,0.002832,3,0
686,1,0.002722,3,0
687,1,0.005618,4,0
688,1,0.002786,3,0
689,1,0.005315,4,0
690,1,0.002879,3,0
691,1,0.00548,4,0
692,1,0.005977,4,0
693,1,0.002922,3,0
694,1,0.003113,3,0
695,1,0.00069,1,0
696,1,0.005386,4,0
697,1,0.00572,4,0
698,1,0.002892,3,0
699,1,0.005501,4,0
700,1,0.002925,3,0
701,1,0.001518,2,0
702,1,0.005439,4,0
703,1,0.005394,4,0
704,1,0.005289,4,0
705,1,0.005422,4,0
706,1,0.005594,4,0
707,1,0.002864,3,0
708,1,0.006094,4,0
709,1,0.005537,4,0
710,1,0.005963,4,0
711,1,0.005457,4,0
712,1,0.002865,3,0
713,1,0.001641,2,0
714,1,0.002973,3,0
715,1,0.005482,4,0
716,1,0.005354,4,0
717,1,0.005717,4,0
718,1,0.005731,4,0
719,1,0.005529,4,0
720,1,0.001389,2,0
721,1,0.00276,3,0
722,1,0.005374,4,0
723,1,0.002687,3,0
724,1,0.005681,4,0
725,1,0.006422,4,0
726,1,0.002882,3,0
727,1,0.005291,4,0
728,1,0.005925,4,0
729,1,0.006198,4,0
730,1,0.002973,3,0
731,1,0.002847,3,0
732,1,0.00546,4,0
733,1,0.005224,4,0
734,1,0.005503,4,0
735,1,0.005488,4,0
736,1,0.005477,4,0
737,1,0.005631,4,0
738,1,0.005682,4,0
739,1,0.005706,4,0
740,1,0.005885,4,0
741,1,0.006096,4,0
742,1,0.006253,4,0
743,1,0.006074,4,0
744,1,0.003062,3,0
745,1,0.00162,2,0
746,1,0.003036,3,0
747,0,0.005738,4,0
748,0,0.002852,3,0
749,0,0.005594,4,0
750,0,0.002823,3,0
751,0,0.002736,3,0
752,0,0.005772,4,0
753,0,0.005559,4,0
754,0,0.003042,3,0
755,0,0.005262,4,0
756,0,0.006048,4,0
757,0,0.005477,4,0
758,0,0.006183,4,0
759,0,0.003096,3,0
760,0,0.005472,4,0
761,0,0.002825,3,0
762,0,0.00526,4,0
763,0,0.005438,4,0
764,0,0.005457,4,0
765,0,0.005503,4,0
766,0,0.005818,4,0
767,1,0.000672,1,0
768,1,0.002883,3,0
769,1,0.003052,3,0
770,1,0.001437,2,0
771,1,0.005571,4,0
772,1,0.005395,4,0
773,1,0.005537,4,0
774,1,0.005482,4,0
775,1,0.002754,3,0
776,1,0.005196,4,0
777,1,0.005778,4,0
778,1,0.005278,4,0
779,1,0.002639,3,0
780,1,0.005237,4,0
781,1,0.005303,4,0
782,1,0.005778,4,0
783,1,0.005342,4,0
784,1,0.002843,3,0
785,1,0.005637,4,0
786,1,0.005264,4,0
787,1,0.005315,4,0
788,1,0.002804,3,0
789,1,0.005325,4,0
790,1,0.005276,4,0
791,1,0.0028,3,0
792,1,0.005322,4,0
793,1,0.002799,3,0
794,1,0.005385,4,0
795,1,0.005355,4,0
796,1,0.005701,4,0
797,1,0.005539,4,0
798,1,0.005923,4,0
799,1,0.006072,4,0
800,1,0.003081,3,0
801,1,0.003141,3,0
802,1,0.0057,4,0
803,1,0.003357,3,0
804,1,0.00299,3,0
805,1,0.001566,2,0
806,1,0.005494,4,0
807,1,0.005237,4,0
808,1,0.00539,4,0
809,1,0.005373,4,0
810,1,0.005319,4,0
811,1,0.005268,4,0
812,1,0.005256,4,0
813,1,0.002672,3,0
814,1,0.00523,4,0
815,1,0.005346,4,0
816,1,0.005228,4,0
817,1,0.002415,3,0
818,1,0.005541,8,0
819,1,0.00039,21,0
820,1,0.000356,21,0
821,1,0.000361,21,0
822,1,0.00038,21,0
823,1,0.000355,21,0
824,1,0.000359,21,0
825,1,0.000364,21,0
826,1,0.00037,21,0
827,1,0.000451,21,0
828,1,0.000354,21,0
829,1,0.000353,21,0
830,1,0.000364,21,0
831,1,0.0004,21,0
832,1,0.000378,21,0
833,1,0.000363,21,0
834,1,0.000371,21,0
835,1,0.000386,21,0
836,1,0.000369,21,0
837,1,0.000538,21,0
838,1,0.000382,21,0
839,1,0.000368,21,0
840,1,0.000375,21,0
841,1,0.00038,21,0
842,1,0.004315,4,0
843,1,0.005369,4,0
844,1,0.002093,7,0
845,1,0.000552,21,0
846,1,0.005498,4,0
847,1,0.002689,3,0
848,1,0.005167,4,0
849,1,0.00128,2,0
850,1,0.005628,4,0
851,1,0.005121,4,0
852,1,0.003587,3,0
853,1,0.007135,4,0
854,1,0.007445,4,0
855,1,0.007239,4,0
856,1,0.003748,3,0
857,1,0.007277,4,0
858,1,0.007508,4,0
859,1,0.005958,4,0
860,1,0.002733,3,0
861,1,0.005593,4,0
862,1,0.006373,4,0
863,1,0.005896,4,0
864,1,0.006537,4,0
865,1,0.006544,4,0
866,1,0.005548,4,0
867,1,0.005713,4,0
868,1,0.000634,1,0
869,1,0.003263,3,0
870,1,0.00581,4,0
871,1,0.005935,4,0
872,1,0.005292,4,0
873,1,0.00566,4,0
874,1,0.004557,4,0
875,1,0.000454,1,0
876,1,0.002112,3,0
877,1,0.004166,4,0
878,1,0.002129,3,0
879,1,0.004242,4,0
880,1,0.004211,4,0
881,1,0.004729,4,0
882,1,0.004617,4,0
883,1,0.002558,3,0
884,1,0.008472,5,0
885,1,0.001259,2,0
886,1,0.001092,2,0
887,1,0.003912,4,0
888,1,0.001912,3,0
889,1,0.003335,4,0
890,1,0.006818,5,0
891,1,0.001632,3,0
892,1,0.001657,3,0
893,1,0.002984,4,0
894,1,0.005756,5,0
895,1,0.005269,5,0
896,1,0.005552,5,0
897,1,0.0044,5,0
898,1,0.002737,4,0
899,1,0.005135,5,0
900,1,0.005247,5,0
901,1,0.004579,5,0
902,1,0.004036,5,0
903,1,0.004128,5,0
904,1,0.004116,5,0
905,1,0.004604,5,0
906,1,0.006917,6,0
907,1,0.00656,6,0
908,1,0.006077,6,0
909,1,0.004536,5,0
910,1,0.005021,6,0
911,1,0.007632,6,0
912,1,0.003661,5,0
913,1,0.007084,6,0
914,1,0.003321,5,0
915,1,0.005121,5,0
916,1,0.008485,6,0
917,1,0.005604,6,0
918,1,0.005024,5,0
919,1,0.006283,6,0
920,1,0.003201,5,0
921,1,0.002659,4,0
922,1,0.004112,5,0
923,1,0.00639,6,0
924,1,0.005035,5,0
925,1,0.003306,5,0
926,1,0.005348,5,0
927,1,0.007192,6,0
928,1,0.002735,4,0
929,1,0.005363,5,0
930,1,0.004921,6,0
931,1,0.008356,6,0
932,1,0.001384,4,0
933,1,0.006225,6,0
934,1,0.006702,6,0
935,1,0.004893,6,0
936,1,0.00639,6,0
937,1,0.004554,5,0
938,1,0.005014,6,0
939,1,0.0053,6,0
940,1,0.006823,6,0
941,1,0.001817,4,0
942,1,0.003553,5,0
943,1,0.000781,2,0
944,1,0.00698,6,0
945,1,0.002779,5,0
946,1,0.006808,6,0
947,1,0.003617,5,0
948,1,0.005143,6,0
949,1,0.004938,6,0
950,1,0.00426,5,0
951,1,0.002354,4,0
952,1,0.008274,6,0
953,1,0.004446,5,0
954,1,0.00656,6,0
955,1,0.0013,4,0
956,1,0.004658,6,0
957,1,0.004096,5,0
958,1,0.003184,5,0
959,1,0.003198,5,0
960,1,0.005801,6,0
961,1,0.004795,5,0
962,1,0.00379,5,0
963,1,0.001333,4,0
964,1,0.002174,4,0
965,1,0.004636,5,0
966,1,0.005452,6,0
967,1,0.004524,5,0
968,1,0.002827,5,0
969,1,0.005083,6,0
970,1,0.002979,5,0
971,1,0.004753,5,0
972,1,0.005937,6,0
973,1,0.002885,5,0
974,1,0.005468,6,0
975,1,0.005679,6,0
976,1,0.002882,5,0
977,1,0.004471,5,0
978,1,0.001823,4,0
979,1,0.001634,4,0
980,1,0.004791,5,0
981,1,0.00578,6,0
982,1,0.005744,6,0
983,1,0.004882,5,0
984,1,0.003596,5,0
985,1,0.005162,5,0
986,1,0.003512,5,0
987,1,0.006207,6,0
988,1,0.003143,5,0
989,1,0.005917,6,0
990,1,0.006326,6,0
991,1,0.003429,5,0
992,1,0.003073,5,0
993,1,0.00504,5,0
994,1,0.003095,5,0
995,1,0.002419,4,0
996,1,0.004907,5,0
997,1,0.003528,5,0
998,1,0.003321,5,0
999,1,0.005193,5,0
1000,1,0.006051,6,0
1001,1,0.006024,6,0
1002,1,0.006055,6,0
1003,1,0.006273,6,0
1004,1,0.006558,6,0
1005,1,0.001844,4,0
1006,1,0.005924,6,0
1007,1,0.006322,6,0
1008,1,0.003408,5,0
1009,1,0.005983,6,0
1010,1,0.003247,5,0
1011,1,0.006082,6,0
1012,1,0.003145,5,0
1013,1,0.002943,5,0
1014,1,0.001839,4,0
1015,1,0.002006,4,0
1016,1,0.007363,6,0
1017,1,0.003451,5,0
1018,1,0.005442,6,0
1019,1,0.003748,5,0
1020,1,0.004247,5,0
1021,1,0.005057,5,0
1022,1,0.003551,4,0
1023,1,0.006369,5,0
1024,1,0.002485,4,0
1025,1,0.002574,4,0
1026,1,0.004696,5,0
1027,1,0.004641,5,0
1028,1,0.004552,5,0
1029,1,0.008975,6,0
1030,1,0.00242,4,0
1031,1,0.004651,5,0
1032,1,0.00838,6,0
1033,1,0.004422,5,0
1034,1,0.002196,4,0
1035,1,0.000702,2,0
1036,1,0.004649,5,0
1037,1,0.008465,6,0
1038,1,0.004807,5,0
1039,1,0.005078,5,0
1040,1,0.008071,6,0
1041,1,0.008864,6,0
1042,1,0.005071,5,0
1043,1,0.007073,5,0
1044,1,0.004288,4,0
1045,1,0.001903,3,0
1046,1,0.004502,4,0
1047,1,0.005295,4,0
1048,1,0.001152,2,0
1049,1,0.00538,4,0
1050,1,0.002482,3,0
1051,1,0.00268,3,0
1052,1,0.005375,4,0
1053,1,0.004777,4,0
1054,1,0.005649,4,0
1055,1,0.00534,4,0
1056,1,0.002789,3,0
1057,1,0.005772,4,0
1058,1,0.005465,4,0
1059,1,0.00148,2,0
1060,1,0.005392,4,0
1061,1,0.006562,4,0
1062,1,0.001636,2,0
1063,1,0.006249,4,0
1064,1,0.001866,2,0
1065,1,0.001824,2,0
1066,1,0.001451,2,0
1067,1,0.003239,3,0
1068,1,0.005675,4,0
1069,1,0.005657,4,0
1070,1,0.005521,4,0
1071,1,0.005661,4,0
1072,1,0.005867,4,0
1073,1,0.005531,4,0
1074,1,0.005617,4,0
1075,1,0.005747,4,0
1076,1,0.001554,2,0
1077,1,0.006411,4,0
1078,1,0.001533,2,0
1079,1,0.005759,4,0
1080,1,0.006008,4,0
1081,1,0.005679,4,0
1082,1,0.006302,4,0
1083,1,0.006067,4,0
1084,1,0.005882,4,0
1085,1,0.005687,4,0
1086,1,0.002802,3,0
1087,1,0.005838,4,0
1088,1,0.005332,4,0
1089,1,0.005613,4,0
1090,1,0.002828,3,0
1091,1,0.005656,4,0
1092,1,0.005625,4,0
1093,1,0.005722,4,0
1094,1,0.000586,1,0
1095,1,0.003171,3,0
1096,1,0.005829,4,0
1097,1,0.005844,4,0
1098,1,0.003143,3,0
1099,1,0.00145,2,0
1100,1,0.003238,3,0
1101,1,0.005951,4,0
1102,1,0.002887,3,0
1103,1,0.002784,3,0
1104,1,0.002755,3,0
1105,1,0.002944,3,0
1106,1,0.00578,4,0
1107,1,0.001492,2,0
1108,1,0.005734,4,0
1109,1,0.005528,4,0
1110,1,0.002853,3,0
1111,1,0.005604,4,0
1112,1,0.005654,4,0
1113,1,0.002725,3,0
1114,1,0.002808,3,0
1115,1,0.005633,4,0
1116,1,0.001535,2,0
1117,1,0.002873,3,0
1118,1,0.006172,4,0
1119,1,0.000718,1,0
1120,1,0.005336,4,0
1121,1,0.005602,4,0
1122,1,0.006063,4,0
1123,1,0.005541,4,0
1124,1,0.005576,4,0
1125,1,0.00555,4,0
1126,1,0.0059,4,0
1127,1,0.006375,4,0
1128,1,0.005314,4,0
1129,1,0.001485,2,0
1130,1,0.005581,4,0
1131,1,0.005624,4,0
1132,1,0.005446,4,0
1133,1,0.005703,4,0
1134,1,0.002857,3,0
1135,1,0.006199,4,0
1136,1,0.005868,4,0
1137,1,0.001694,2,0
1138,1,0.005729,4,0
1139,1,0.005859,4,0
1140,1,0.005952,4,0
1141,1,0.005675,4,0
1142,1,0.00268,3,0
1143,1,0.005425,4,0
1144,1,0.005362,4,0
1145,1,0.00629,4,0
1146,1,0.001337,2,0
1147,1,0.001488,2,0
1148,1,0.003035,3,0
1149,1,0.006024,4,0
1150,1,0.005363,4,0
1151,1,0.006071,4,0
1152,1,0.005208,4,0
1153,1,0.005378,4,0
1154,1,0.001428,2,0
1155,1,0.006166,4,0
1156,1,0.005587,4,0
1157,1,0.003386,3,0
1158,1,0.005817,4,0
1159,1,0.007784,4,0
1160,1,0.006863,4,0
1161,1,0.006888,4,0
1162,1,0.00683,4,0
1163,1,0.003488,3,0
1164,1,0.007194,4,0
1165,1,0.006919,4,0
1166,1,0.006835,4,0
1167,1,0.007647,4,0
1168,1,0.006749,4,0
1169,1,0.006825,4,0
1170,1,0.006798,4,0
1171,0,0.007167,4,0
1172,0,0.006775,4,0
1173,0,0.006842,4,0
1174,0,0.00731,4,0
1175,0,0.006841,4,0
1176,0,0.006678,4,0
1177,0,0.006901,4,0
1178,0,0.006721,4,0
1179,0,0.006694,4,0
1180,0,0.006987,4,0
1181,0,0.006807,4,0
1182,0,0.007028,4,0
1183,0,0.006813,4,0
1184,0,0.006804,4,0
1185,0,0.006884,4,0
1186,0,0.006797,4,0
1187,0,0.006732,4,0
1188,0,0.003598,3,0
1189,0,0.006879,4,0
1190,0,0.006952,4,0
1191,0,0.006927,4,0
1192,0,0.006923,4,0
1193,0,0.006858,4,0
1194,0,0.006797,4,0
1195,0,0.006935,4,0
1196,0,0.00684,4,0
1197,0,0.007045,4,0
1198,0,0.007097,4,0
1199,0,0.007142,4,0
1200,0,0.007034,4,0
1201,0,0.003688,3,0
1202,0,0.007109,4,0
1203,0,0.007088,4,0
1204,0,0.007654,4,0
1205,0,0.007172,4,0
1206,0,0.006995,4,0
1207,0,0.007129,4,0
1208,0,0.007017,4,0
1209,0,0.007287,4,0
1210,0,0.007002,4,0
1211,0,0.007012,4,0
1212,0,0.007441,4,0
1213,0,0.007186,4,0
1214,0,0.007001,4,0
1215,0,0.007589,4,0
1216,0,0.00697,4,0
1217,0,0.007142,4,0
1218,0,0.007056,4,0
1219,0,0.007168,4,0
1220,0,0.007182,4,0
1221,0,0.007059,4,0
1222,0,0.007041,4,0
1223,0,0.00705,4,0
1224,0,0.007049,4,0
1225,0,0.008518,4,0
1226,0,0.007265,4,0
1227,0,0.00642,4,0
1228,0,0.006875,4,0
1229,0,0.0038,3,0
1230,0,0.006266,4,0
1231,0,0.006786,4,0
1232,0,0.007339,4,0
1233,0,0.006822,4,0
1234,1,0.006186,4,0
1235,1,0.004516,4,0
1236,1,0.005698,4,0
1237,1,0.006426,4,0
1238,1,0.007593,5,0
1239,1,0.007972,5,0
1240,1,0.006389,5,0
1241,1,0.005393,5,0
1242,1,0.006446,5,0
1243,1,0.006076,5,0
1244,1,0.004925,4,0
1245,1,0.005717,4,0
1246,1,0.006089,4,0
1247,1,0.00285,3,0
1248,1,0.006499,4,0
1249,1,0.006629,4,0
1250,1,0.007435,4,0
1251,1,0.006886,4,0
1252,1,0.007258,4,0
1253,1,0.007207,4,0
1254,1,0.007722,4,0
1255,1,0.003965,3,0
1256,1,0.007259,4,0
1257,1,0.004032,3,0
1258,1,0.007452,4,0
1259,1,0.007207,4,0
1260,1,0.007321,4,0
1261,1,0.006884,4,0
1262,1,0.00664,4,0
1263,1,0.006849,4,0
1264,1,0.006739,4,0
1265,1,0.006971,4,0
1266,1,0.006975,4,0
1267,1,0.006686,4,0
1268,1,0.007366,4,0
1269,1,0.006701,4,0
1270,1,0.006819,4,0
1271,1,0.006782,4,0
1272,1,0.006689,4,0
1273,1,0.006964,4,0
1274,1,0.006626,4,0
1275,1,0.006698,4,0
1276,1,0.0071,4,0
1277,1,0.006684,4,0
1278,1,0.006715,4,0
1279,1,0.006492,4,0
1280,1,0.006296,4,0
1281,1,0.00467,4,0
1282,1,0.00636,4,0
1283,1,0.009367,6,0
1284,1,0.00807,6,0
1285,1,0.005326,10,0
1286,1,0.000849,21,0
1287,1,0.000799,21,0
1288,1,0.005278,6,0
1289,1,0.007849,7,0
1290,1,0.008993,8,0
1291,1,0.006276,8,0
1292,1,0.000771,21,0
1293,1,0.000748,21,0
1294,1,0.00077,21,0
1295,1,0.000747,21,0
1296,1,0.000736,21,0
1297,1,0.000962,21,0
1298,1,0.000754,21,0
1299,1,0.000741,21,0
1300,1,0.00062,21,0
1301,1,0.000617,21,0
1302,1,0.000648,21,0
1303,1,0.000621,21,0
1304,1,0.000712,21,0
1305,1,0.000641,21,0
1306,1,0.008696,7,0
1307,1,0.003725,4,0
1308,1,0.005866,7,0
1309,1,0.002422,3,0
1310,1,0.004019,9,0
1311,1,0.000594,21,0
1312,1,0.000783,21,0
1313,1,0.005435,4,0
1314,1,0.006382,4,0
1315,1,0.006323,4,0
1316,1,0.006351,4,0
1317,1,0.006878,4,0
1318,1,0.00537,4,0
1319,1,0.001492,2,0
1320,1,0.005454,4,0
1321,1,0.002769,3,0
1322,1,0.005509,4,0
1323,1,0.005668,4,0
1324,1,0.000801,1,0
1325,1,0.005194,4,0
1326,1,0.002649,3,0
1327,1,0.004916,4,0
1328,1,0.005328,4,0
1329,1,0.005575,4,0
1330,1,0.005507,4,0
1331,1,0.001323,2,0
1332,1,0.002767,3,0
1333,1,0.005491,4,0
1334,1,0.005229,4,0
1335,1,0.005452,4,0
1336,1,0.005277,4,0
1337,1,0.00533,4,0
1338,1,0.005122,4,0
1339,1,0.00521,4,0
1340,1,0.005326,4,0
1341,1,0.005557,4,0
1342,1,0.00065,1,0
1343,1,0.002893,3,0
1344,1,0.005667,4,0
1345,1,0.000527,1,0
1346,1,0.005537,4,0
1347,1,0.005717,4,0
1348,1,0.002735,3,0
1349,1,0.001213,2,0
1350,1,0.005319,4,0
1351,1,0.002933,3,0
1352,1,0.00161,2,0
1353,1,0.005307,4,0
1354,1,0.005514,4,0
1355,1,0.005388,4,0
1356,1,0.005911,4,0
1357,1,0.005947,4,0
1358,1,0.002823,3,0
1359,1,0.00599,4,0
1360,1,0.005748,4,0
1361,1,0.005762,4,0
1362,1,0.005515,4,0
1363,1,0.005674,4,0
1364,1,0.001669,2,0
1365,1,0.005382,4,0
1366,1,0.002886,3,0
1367,1,0.005252,4,0
1368,1,0.00266,3,0
1369,1,0.005396,4,0
1370,1,0.005317,4,0
1371,1,0.005977,4,0
1372,1,0.005673,4,0
1373,1,0.005473,4,0
1374,1,0.005439,4,0
1375,1,0.005295,4,0
1376,1,0.002859,3,0
1377,1,0.005355,4,0
1378,1,0.005524,4,0
1379,1,0.005581,4,0
1380,1,0.005382,4,0
1381,1,0.005349,4,0
1382,1,0.00533,4,0
1383,1,0.005281,4,0
1384,1,0.003085,3,0
1385,1,0.005617,4,0
1386,1,0.000823,1,0
1387,1,0.00133,2,0
1388,1,0.00611,4,0
1389,1,0.006043,4,0
1390,1,0.001475,2,0
1391,1,0.005358,4,0
1392,1,0.002786,3,0
1393,1,0.005141,4,0
1394,1,0.005789,4,0
1395,1,0.003108,3,0
1396,1,0.005373,4,0
1397,1,0.005568,4,0
1398,1,0.005569,4,0
1399,1,0.005971,4,0
1400,1,0.001685,2,0
1401,1,0.005998,4,0
1402,1,0.005699,4,0
1403,1,0.006114,4,0
1404,1,0.005473,4,0
1405,1,0.003313,4,0
1406,1,0.0044,4,0
1407,1,0.007542,8,0
1408,1,0.000614,21,0
1409,1,0.000771,21,0
1410,1,0.000645,21,0
1411,1,0.000636,21,0
1412,1,0.000611,21,0
1413,1,0.007666,16,0
