0,0,0.006381,4,0
1,0,0.006113,3,0
2,0,0.0067,4,0
3,0,0.005997,4,0
4,0,0.007065,4,0
5,0,0.006707,4,0
6,0,0.006984,4,0
7,0,0.006479,4,0
8,1,0.007105,4,0
9,1,0.006723,4,0
10,1,0.005764,4,0
11,1,0.006151,4,0
12,1,0.006669,4,0
13,1,0.005469,4,0
14,1,0.005898,4,0
15,1,0.006042,4,0
16,1,0.005559,4,0
17,1,0.006109,4,0
18,1,0.005853,4,0
19,1,0.005443,4,0
20,1,0.005978,4,0
21,1,0.005778,4,0
22,1,0.006474,4,0
23,1,0.005606,4,0
24,1,0.00584,4,0
25,1,0.005437,4,0
26,1,0.006363,4,0
27,1,0.006043,4,0
28,1,0.005405,4,0
29,1,0.006079,4,0
30,1,0.006173,4,0
31,1,0.006454,4,0
32,1,0.006123,4,0
33,1,0.006145,4,0
34,1,0.005421,4,0
35,1,0.005278,4,0
36,1,0.006798,4,0
37,1,0.00585,4,0
38,1,0.005819,4,0
39,1,0.006762,4,0
40,1,0.00566,4,0
41,1,0.006147,4,0
42,1,0.005799,4,0
43,1,0.005454,4,0
44,1,0.005932,4,0
45,1,0.006391,4,0
46,1,0.005912,4,0
47,1,0.007229,4,0
48,1,0.005819,4,0
49,1,0.005929,4,0
50,1,0.00631,4,0
51,1,0.006022,4,0
52,1,0.005585,4,0
53,1,0.006431,4,0
54,1,0.006322,4,0
55,1,0.006033,4,0
56,1,0.006387,4,0
57,1,0.006279,4,0
58,1,0.006077,4,0
59,1,0.006763,4,0
60,1,0.006645,4,0
61,1,0.005832,4,0
62,0,0.007395,4,0
63,0,0.006275,4,0
64,0,0.006955,4,0
65,0,0.006518,4,0
66,0,0.006819,4,0
67,1,0.005273,4,0
68,1,0.006024,4,0
69,1,0.00624,4,0
70,1,0.006667,4,0
71,1,0.006128,4,0
72,1,0.006503,4,0
73,1,0.006169,4,0
74,1,0.006389,4,0
75,1,0.0066,4,0
76,1,0.006078,4,0
77,1,0.006238,4,0
78,1,0.006526,4,0
79,1,0.005947,4,0
80,1,0.006216,4,0
81,1,0.00667,4,0
82,1,0.005839,4,0
83,1,0.006549,4,0
84,1,0.006156,4,0
85,1,0.006236,4,0
86,1,0.0062,4,0
87,1,0.006071,4,0
88,1,0.005803,4,0
89,1,0.007106,4,0
90,1,0.007331,4,0
91,1,0.005763,4,0
92,1,0.006459,4,0
93,1,0.005882,4,0
94,1,0.006668,4,0
95,1,0.00598,4,0
96,1,0.005507,4,0
97,1,0.006331,4,0
98,1,0.006313,4,0
99,1,0.006697,4,0
100,1,0.006281,4,0
101,1,0.005766,4,0
102,1,0.006019,4,0
103,1,0.006167,4,0
104,1,0.006137,4,0
105,1,0.006209,4,0
106,1,0.0073,4,0
107,1,0.006052,4,0
108,1,0.006178,4,0
109,1,0.006009,4,0
110,1,0.006445,4,0
111,1,0.007238,5,0
112,1,0.007422,5,0
113,1,0.007724,5,0
114,1,0.00818,5,0
115,1,0.008102,5,0
116,1,0.007777,5,0
117,1,0.008713,5,0
118,1,0.007187,5,0
119,1,0.007868,5,0
120,1,0.008597,5,0
121,1,0.00774,5,0
122,1,0.007422,5,0
123,1,0.007101,5,0
124,1,0.006555,5,0
125,1,0.006409,5,0
126,1,0.006768,5,0
127,1,0.005793,5,0
128,1,0.005915,5,0
129,1,0.006005,5,0
130,1,0.005506,5,0
131,1,0.005326,5,0
132,1,0.009297,6,0
133,1,0.009395,6,0
134,1,0.009456,6,0
135,1,0.006575,4,0
136,1,0.006918,4,0
137,1,0.006397,4,0
138,1,0.006612,4,0
139,1,0.006305,4,0
140,1,0.006386,4,0
141,1,0.007035,4,0
142,1,0.005796,4,0
143,1,0.0066,4,0
144,1,0.006442,4,0
145,1,0.006708,4,0
146,1,0.006314,4,0
147,1,0.006108,4,0
148,1,0.006806,4,0
149,1,0.006758,4,0
150,1,0.006958,4,0
151,1,0.006879,4,0
152,1,0.007024,4,0
153,1,0.006596,4,0
154,1,0.006866,4,0
155,1,0.006427,4,0
156,1,0.006659,4,0
157,1,0.006472,4,0
158,1,0.006188,4,0
159,1,0.006724,4,0
160,1,0.006608,4,0
161,1,0.006365,4,0
162,1,0.007631,4,0
163,1,0.005814,4,0
164,1,0.007054,4,0
165,1,0.006452,4,0
166,1,0.006092,4,0
167,1,0.006612,4,0
168,1,0.006629,4,0
169,1,0.006645,4,0
170,1,0.00596,4,0
171,1,0.006682,4,0
172,1,0.006896,4,0
173,1,0.006242,4,0
174,1,0.006184,4,0
175,1,0.006632,4,0
176,1,0.006684,4,0
177,1,0.005962,4,0
178,1,0.006437,4,0
179,1,0.006373,4,0
180,1,0.006606,4,0
181,1,0.006643,4,0
182,1,0.006238,4,0
183,1,0.005767,4,0
184,1,0.006626,4,0
185,1,0.006551,4,0
186,1,0.006575,4,0
187,1,0.006265,4,0
188,1,0.006516,4,0
189,1,0.006577,4,0
190,1,0.006156,4,0
191,1,0.006615,4,0
192,1,0.006514,4,0
193,1,0.007037,4,0
194,1,0.006645,4,0
195,1,0.006131,4,0
196,1,0.006138,4,0
197,1,0.00672,4,0
198,1,0.006552,4,0
199,1,0.006695,4,0
200,1,0.006512,4,0
201,1,0.006286,4,0
202,1,0.006001,4,0
203,1,0.006349,4,0
204,1,0.006711,4,0
205,1,0.006208,4,0
206,1,0.00646,4,0
207,1,0.006865,4,0
208,1,0.003459,3,0
209,1,0.006524,4,0
210,1,0.006712,4,0
211,1,0.006318,4,0
212,1,0.00646,4,0
213,1,0.007333,4,0
214,1,0.006725,4,0
215,1,0.006485,4,0
216,1,0.006044,4,0
217,1,0.006313,4,0
218,1,0.006281,4,0
219,1,0.006569,4,0
220,1,0.006564,4,0
221,1,0.005875,4,0
222,1,0.003799,3,0
223,1,0.006576,4,0
224,1,0.006256,4,0
225,1,0.006221,4,0
226,1,0.006708,4,0
227,1,0.006625,4,0
228,1,0.006174,4,0
229,1,0.006712,4,0
230,1,0.006397,4,0
231,1,0.006394,4,0
232,1,0.006143,4,0
233,1,0.007054,4,0
234,1,0.00688,4,0
235,1,0.007025,4,0
236,1,0.00635,4,0
237,1,0.006423,4,0
238,1,0.00653,4,0
239,1,0.007034,4,0
240,1,0.006452,4,0
241,1,0.006647,4,0
242,1,0.006534,4,0
243,1,0.007012,4,0
244,1,0.006458,4,0
245,1,0.005977,4,0
246,1,0.006071,4,0
247,1,0.006763,4,0
248,1,0.006876,4,0
249,1,0.007133,4,0
250,1,0.006344,4,0
251,1,0.006658,4,0
252,1,0.006839,4,0
253,1,0.006695,4,0
254,1,0.006824,4,0
255,1,0.007529,4,0
256,1,0.006333,4,0
257,1,0.006658,4,0
258,1,0.007139,4,0
259,1,0.006435,4,0
260,1,0.006541,4,0
261,1,0.00667,4,0
262,1,0.006157,4,0
263,1,0.006386,4,0
264,1,0.006602,4,0
265,1,0.006081,4,0
266,1,0.006789,4,0
267,1,0.006508,4,0
268,1,0.006517,4,0
269,1,0.00633,4,0
270,1,0.006655,4,0
271,1,0.00686,4,0
272,1,0.006558,4,0
273,1,0.006454,4,0
274,1,0.006796,4,0
275,1,0.00697,4,0
276,1,0.006516,4,0
277,1,0.006974,4,0
278,1,0.006525,4,0
279,1,0.006459,4,0
280,1,0.006227,4,0
281,1,0.006419,4,0
282,1,0.006973,4,0
283,1,0.00618,4,0
284,1,0.007162,4,0
285,1,0.006387,4,0
286,1,0.005883,4,0
287,1,0.006517,4,0
288,1,0.007627,4,0
289,1,0.0065,4,0
290,1,0.008019,4,0
291,1,0.006912,4,0
292,1,0.006886,4,0
293,1,0.006623,4,0
294,1,0.006505,4,0
295,1,0.006617,4,0
296,1,0.007308,4,0
297,1,0.006694,4,0
298,1,0.006996,4,0
299,1,0.006323,4,0
300,1,0.006662,4,0
301,1,0.006538,4,0
302,1,0.006543,4,0
303,1,0.00742,4,0
304,1,0.006709,4,0
305,1,0.006732,4,0
306,1,0.007016,4,0
307,1,0.006566,4,0
308,1,0.006998,4,0
309,1,0.003816,3,0
310,1,0.006314,4,0
311,1,0.006541,4,0
312,1,0.006526,4,0
313,1,0.006516,4,0
314,1,0.006227,4,0
315,1,0.006884,4,0
316,1,0.007043,4,0
317,1,0.005995,4,0
318,1,0.006863,4,0
319,1,0.006614,4,0
320,1,0.006515,4,0
321,1,0.006663,4,0
322,1,0.006361,4,0
323,1,0.006495,4,0
324,1,0.006316,4,0
325,1,0.006423,4,0
326,1,0.006826,4,0
327,1,0.006273,4,0
328,1,0.006552,4,0
329,1,0.006458,4,0
330,1,0.006522,4,0
331,1,0.006953,4,0
332,1,0.006249,4,0
333,1,0.003578,3,0
334,1,0.006406,4,0
335,1,0.006187,4,0
336,1,0.006923,4,0
337,1,0.006417,4,0
338,1,0.007033,4,0
339,1,0.006945,4,0
340,1,0.006299,4,0
341,1,0.006698,4,0
342,1,0.007098,4,0
343,1,0.007432,4,0
344,1,0.006852,4,0
345,1,0.006353,4,0
346,1,0.006632,4,0
347,1,0.007054,4,0
348,1,0.006515,4,0
349,1,0.006701,4,0
350,1,0.006606,4,0
351,1,0.007366,4,0
352,1,0.006604,4,0
353,1,0.006263,4,0
354,1,0.007392,4,0
355,1,0.007294,4,0
356,1,0.006523,4,0
357,1,0.00644,4,0
358,1,0.007254,4,0
359,1,0.006386,4,0
360,1,0.006262,4,0
361,1,0.007763,4,0
362,1,0.006541,4,0
363,1,0.006911,4,0
364,1,0.006876,4,0
365,1,0.006908,4,0
366,1,0.006491,4,0
367,1,0.006554,4,0
368,1,0.006492,4,0
369,1,0.007578,4,0
370,1,0.006393,4,0
371,1,0.006384,4,0
372,1,0.006962,4,0
373,1,0.006904,4,0
374,1,0.007627,4,0
375,1,0.006396,4,0
376,1,0.006414,4,0
377,1,0.006413,4,0
378,1,0.007206,4,0
379,1,0.006304,4,0
380,1,0.006719,4,0
381,1,0.003578,3,0
382,1,0.008147,4,0
383,1,0.006637,4,0
384,1,0.0071,4,0
385,1,0.006375,4,0
386,1,0.006674,4,0
387,1,0.006625,4,0
388,1,0.006892,4,0
389,1,0.006464,4,0
390,1,0.006579,4,0
391,1,0.006527,4,0
392,1,0.006325,4,0
393,1,0.006218,4,0
394,1,0.006642,4,0
395,1,0.006392,4,0
396,1,0.006545,4,0
397,1,0.006699,4,0
398,1,0.006249,4,0
399,1,0.006333,4,0
400,1,0.006711,4,0
401,1,0.005953,4,0
402,1,0.006704,4,0
403,1,0.006409,4,0
404,1,0.006859,4,0
405,1,0.006233,4,0
406,1,0.006704,4,0
407,1,0.006295,4,0
408,1,0.007898,4,0
409,1,0.006189,4,0
410,1,0.006658,4,0
411,1,0.006922,4,0
412,1,0.006381,4,0
413,1,0.007501,4,0
414,1,0.006235,4,0
415,1,0.00689,4,0
416,1,0.003819,3,0
417,1,0.006998,4,0
418,1,0.006509,4,0
419,1,0.006734,4,0
420,1,0.006221,4,0
421,1,0.007358,4,0
422,1,0.006768,4,0
423,1,0.00659,4,0
424,1,0.006392,4,0
425,1,0.006799,4,0
426,1,0.006265,4,0
427,1,0.006167,4,0
428,1,0.0065,4,0
429,1,0.006868,4,0
430,1,0.006927,4,0
431,1,0.006677,4,0
432,1,0.006402,4,0
433,1,0.006335,4,0
434,1,0.006565,4,0
435,1,0.006588,4,0
436,1,0.006878,4,0
437,1,0.006318,4,0
438,1,0.006937,4,0
439,1,0.006879,4,0
440,1,0.007255,4,0
441,1,0.007091,4,0
442,1,0.006485,4,0
443,1,0.00648,4,0
444,1,0.006819,4,0
445,1,0.006597,4,0
446,1,0.007142,4,0
447,1,0.006646,4,0
448,1,0.006978,4,0
449,1,0.006208,4,0
450,1,0.006306,4,0
451,1,0.006692,4,0
452,1,0.007099,4,0
453,1,0.007101,4,0
454,1,0.006145,4,0
455,1,0.006401,4,0
456,1,0.006567,4,0
457,1,0.005939,4,0
458,1,0.006365,4,0
459,1,0.006325,4,0
460,1,0.006854,4,0
461,1,0.006664,4,0
462,1,0.007626,4,0
463,1,0.007581,4,0
464,1,0.006811,4,0
465,1,0.007188,4,0
466,1,0.006179,4,0
467,1,0.006697,4,0
468,1,0.006208,4,0
469,1,0.006322,4,0
470,1,0.006463,4,0
471,1,0.006051,4,0
472,1,0.006748,4,0
473,1,0.006269,4,0
474,1,0.006902,4,0
475,1,0.006873,4,0
476,1,0.006607,4,0
477,1,0.006643,4,0
478,1,0.007243,4,0
479,1,0.007267,4,0
480,1,0.007068,4,0
481,1,0.006314,4,0
482,1,0.006989,4,0
483,1,0.006993,4,0
484,1,0.007534,4,0
485,1,0.007484,4,0
486,1,0.006163,4,0
487,1,0.006364,4,0
488,1,0.007448,4,0
489,1,0.007007,4,0
490,1,0.007275,4,0
491,1,0.006559,4,0
492,1,0.006595,4,0
493,1,0.006601,4,0
494,1,0.006608,4,0
495,1,0.006974,4,0
496,1,0.007025,4,0
497,1,0.006493,4,0
498,1,0.00667,4,0
499,1,0.007503,4,0
500,1,0.007173,4,0
501,1,0.006445,4,0
502,1,0.008062,4,0
503,1,0.007397,4,0
504,1,0.006413,4,0
505,1,0.00655,4,0
506,1,0.006954,4,0
507,1,0.006296,4,0
508,1,0.006983,4,0
509,1,0.007005,4,0
510,1,0.007069,4,0
511,1,0.006142,4,0
512,1,0.007406,4,0
513,1,0.006668,4,0
514,1,0.006894,4,0
515,1,0.007341,4,0
516,1,0.003204,3,0
517,1,0.007007,4,0
518,1,0.006339,4,0
519,1,0.006863,4,0
520,1,0.00728,4,0
521,1,0.006444,4,0
522,1,0.007021,4,0
523,1,0.006723,4,0
524,1,0.00782,4,0
525,1,0.007214,4,0
526,1,0.00714,4,0
527,1,0.006563,4,0
528,1,0.006836,4,0
529,1,0.006999,4,0
530,1,0.007195,4,0
531,1,0.006918,4,0
532,1,0.006603,4,0
533,1,0.007,4,0
534,1,0.006675,4,0
535,1,0.006955,4,0
536,1,0.0068,4,0
537,1,0.006593,4,0
538,1,0.006658,4,0
539,1,0.006433,4,0
540,1,0.003682,3,0
541,1,0.006839,4,0
542,1,0.00688,4,0
543,1,0.006983,4,0
544,1,0.006726,4,0
545,1,0.006644,4,0
546,1,0.006761,4,0
547,1,0.007151,4,0
548,1,0.007319,4,0
549,1,0.007117,4,0
550,1,0.006817,4,0
551,1,0.007464,4,0
552,1,0.007206,4,0
553,1,0.006531,4,0
554,1,0.007511,4,0
555,1,0.006694,4,0
556,1,0.007615,4,0
557,1,0.007144,4,0
558,1,0.006577,4,0
559,1,0.006559,4,0
560,1,0.007945,4,0
561,1,0.006796,4,0
562,1,0.006641,4,0
563,1,0.007438,4,0
564,1,0.006719,4,0
565,1,0.007384,4,0
566,1,0.007274,4,0
567,1,0.007259,4,0
568,1,0.007723,4,0
569,1,0.007419,4,0
570,1,0.00679,4,0
571,1,0.00724,4,0
572,1,0.006716,4,0
573,1,0.0068,4,0
574,1,0.008071,4,0
575,1,0.006979,4,0
576,1,0.00683,4,0
577,1,0.006809,4,0
578,1,0.007299,4,0
579,1,0.00703,4,0
580,1,0.006983,4,0
581,1,0.006587,4,0
582,1,0.006795,4,0
583,1,0.006557,4,0
584,1,0.006548,4,0
585,1,0.007069,4,0
586,1,0.007232,4,0
587,1,0.007066,4,0
588,1,0.006579,4,0
589,1,0.006825,4,0
590,1,0.006968,4,0
591,1,0.007108,4,0
592,1,0.007139,4,0
593,1,0.006929,4,0
594,1,0.007663,4,0
595,1,0.006475,4,0
596,1,0.007482,4,0
597,1,0.006739,4,0
598,1,0.006412,4,0
599,1,0.007086,4,0
600,1,0.007669,4,0
601,1,0.007336,4,0
602,1,0.007175,4,0
603,1,0.006146,4,0
604,1,0.007661,4,0
605,1,0.006462,4,0
606,1,0.00705,4,0
607,1,0.007274,4,0
608,1,0.007184,4,0
609,1,0.006772,4,0
610,1,0.007258,4,0
611,1,0.006752,4,0
612,1,0.006975,4,0
613,1,0.006667,4,0
614,1,0.007119,4,0
615,1,0.006379,4,0
616,1,0.007166,4,0
617,1,0.006243,4,0
618,1,0.006722,4,0
619,1,0.006725,4,0
620,1,0.00681,4,0
621,1,0.007116,4,0
622,1,0.006611,4,0
623,1,0.00662,4,0
624,1,0.00683,4,0
625,1,0.007419,4,0
626,1,0.006821,4,0
627,1,0.006256,4,0
628,1,0.006742,4,0
629,1,0.00703,4,0
630,1,0.006824,4,0
631,1,0.006705,4,0
632,1,0.007349,4,0
633,1,0.006519,4,0
634,1,0.006623,4,0
635,1,0.006632,4,0
636,1,0.006611,4,0
637,1,0.006831,4,0
638,1,0.00641,4,0
639,1,0.007158,4,0
640,1,0.0069,4,0
641,1,0.006622,4,0
642,1,0.006406,4,0
643,1,0.006629,4,0
644,1,0.007518,4,0
645,1,0.007305,4,0
646,1,0.007211,4,0
647,1,0.007248,4,0
648,1,0.007378,4,0
649,1,0.006683,4,0
650,1,0.007291,4,0
651,1,0.006435,4,0
652,1,0.006739,4,0
653,1,0.003726,3,0
654,1,0.007058,4,0
655,1,0.007055,4,0
656,1,0.006673,4,0
657,1,0.006851,4,0
658,1,0.006962,4,0
659,1,0.007111,4,0
660,1,0.006518,4,0
661,1,0.007483,4,0
662,1,0.006647,4,0
663,1,0.007135,4,0
664,1,0.00699,4,0
665,1,0.006841,4,0
666,1,0.007092,4,0
667,1,0.007007,4,0
668,1,0.007672,4,0
669,1,0.006525,4,0
670,1,0.007363,4,0
671,1,0.006504,4,0
672,1,0.006597,4,0
673,1,0.006771,4,0
674,1,0.007447,4,0
675,1,0.007275,4,0
676,1,0.00698,4,0
677,1,0.006729,4,0
678,1,0.007214,4,0
679,1,0.007285,4,0
680,1,0.006974,4,0
681,1,0.006999,4,0
682,1,0.007749,4,0
683,1,0.007082,4,0
684,1,0.007117,4,0
685,1,0.006989,4,0
686,1,0.007219,4,0
687,1,0.00733,4,0
688,1,0.006462,4,0
689,1,0.007141,4,0
690,1,0.006588,4,0
691,1,0.006579,4,0
692,1,0.006593,4,0
693,1,0.006904,4,0
694,1,0.00724,4,0
695,1,0.006612,4,0
696,1,0.007485,4,0
697,1,0.007112,4,0
698,1,0.006955,4,0
699,1,0.006868,4,0
700,1,0.007752,4,0
701,1,0.006277,4,0
702,1,0.007084,4,0
703,1,0.007303,4,0
704,1,0.007182,4,0
705,1,0.007032,4,0
706,1,0.007094,4,0
707,1,0.006589,4,0
708,1,0.006824,4,0
709,1,0.007426,4,0
710,1,0.006933,4,0
711,1,0.006718,4,0
712,1,0.007671,4,0
713,1,0.006637,4,0
714,1,0.006418,4,0
715,1,0.007073,4,0
716,1,0.007182,4,0
717,1,0.007064,4,0
718,1,0.006396,4,0
719,1,0.007012,4,0
720,1,0.007212,4,0
721,1,0.006266,4,0
722,1,0.007253,4,0
723,1,0.006395,4,0
724,1,0.007231,4,0
725,1,0.007095,4,0
726,1,0.006692,4,0
727,1,0.006563,4,0
728,1,0.007209,4,0
729,1,0.006819,4,0
730,1,0.006521,4,0
731,1,0.006942,4,0
732,1,0.007169,4,0
733,1,0.006843,4,0
734,1,0.00726,4,0
735,1,0.006716,4,0
736,1,0.006814,4,0
737,1,0.006901,4,0
738,1,0.006956,4,0
739,1,0.00716,4,0
740,1,0.007372,4,0
741,1,0.007153,4,0
742,1,0.007472,4,0
743,1,0.007167,4,0
744,1,0.006958,4,0
745,1,0.007063,4,0
746,1,0.006568,4,0
747,1,0.007585,4,0
748,1,0.007088,4,0
749,1,0.006784,4,0
750,1,0.0064,4,0
751,1,0.006848,4,0
752,1,0.00726,4,0
753,1,0.007169,4,0
754,1,0.006964,4,0
755,1,0.006217,4,0
756,1,0.00696,4,0
757,1,0.006892,4,0
758,1,0.006705,4,0
759,1,0.005954,4,0
760,1,0.006277,4,0
761,1,0.007078,4,0
762,1,0.006843,4,0
763,1,0.007158,4,0
764,1,0.007252,4,0
765,1,0.006472,4,0
766,1,0.006918,4,0
767,1,0.00668,4,0
768,1,0.007356,4,0
769,1,0.006744,4,0
770,1,0.007465,4,0
771,1,0.006459,4,0
772,1,0.006388,4,0
773,1,0.007122,4,0
774,1,0.006497,4,0
775,1,0.007601,4,0
776,1,0.007289,4,0
777,1,0.007187,4,0
778,1,0.006422,4,0
779,1,0.007199,4,0
780,1,0.007776,4,0
781,1,0.006902,4,0
782,1,0.007461,4,0
783,1,0.006913,4,0
784,1,0.006697,4,0
785,1,0.007024,4,0
786,1,0.006643,4,0
787,1,0.006924,4,0
788,1,0.006505,4,0
789,1,0.006676,4,0
790,1,0.006404,4,0
791,1,0.006512,4,0
792,1,0.006947,4,0
793,1,0.006485,4,0
794,1,0.007883,4,0
795,1,0.006816,4,0
796,1,0.006813,4,0
797,1,0.006606,4,0
798,1,0.007633,4,0
799,1,0.006702,4,0
800,1,0.006873,4,0
801,1,0.007276,4,0
802,1,0.006575,4,0
803,1,0.007099,4,0
804,1,0.007756,4,0
805,1,0.007417,4,0
806,1,0.007133,4,0
807,1,0.007096,4,0
808,1,0.006829,4,0
809,1,0.007332,4,0
810,1,0.007059,4,0
811,1,0.007327,4,0
812,1,0.007199,4,0
813,1,0.006634,4,0
814,1,0.006568,4,0
815,1,0.007189,4,0
816,1,0.007235,4,0
817,1,0.006449,4,0
818,1,0.006559,4,0
819,1,0.006488,4,0
820,1,0.00645,4,0
821,1,0.006155,4,0
822,1,0.00693,4,0
823,1,0.006967,4,0
824,1,0.006422,4,0
825,1,0.006676,4,0
826,1,0.006689,4,0
827,1,0.006634,4,0
828,1,0.006531,4,0
829,1,0.006113,4,0
830,1,0.0063,4,0
831,1,0.00703,4,0
832,1,0.006921,4,0
833,1,0.006837,4,0
834,1,0.006574,4,0
835,1,0.007286,4,0
836,1,0.006164,4,0
837,1,0.006469,4,0
838,1,0.006536,4,0
839,1,0.006201,4,0
840,1,0.006447,4,0
841,1,0.006315,4,0
842,1,0.00716,4,0
843,1,0.006735,4,0
844,1,0.007055,4,0
845,1,0.006986,4,0
846,1,0.00622,4,0
847,1,0.006284,4,0
848,1,0.006799,4,0
849,1,0.006772,4,0
850,1,0.006514,4,0
851,1,0.006548,4,0
852,1,0.006982,4,0
853,1,0.00686,4,0
854,1,0.007162,4,0
855,1,0.007487,4,0
856,1,0.006476,4,0
857,1,0.006878,4,0
858,1,0.007035,4,0
859,1,0.006773,4,0
860,1,0.006773,4,0
861,1,0.006203,4,0
862,1,0.006145,4,0
863,1,0.006224,4,0
864,1,0.006754,4,0
865,1,0.005811,4,0
866,1,0.00673,4,0
867,1,0.007331,4,0
868,1,0.006077,4,0
869,1,0.006418,4,0
870,1,0.006739,4,0
871,1,0.006141,4,0
872,1,0.006695,4,0
873,1,0.006773,4,0
874,1,0.006401,4,0
875,1,0.007478,4,0
876,1,0.007077,4,0
877,1,0.006593,4,0
878,1,0.006933,4,0
879,1,0.00635,4,0
880,1,0.006871,4,0
881,1,0.006556,4,0
882,1,0.007015,4,0
883,1,0.007269,4,0
884,1,0.003725,3,0
885,1,0.007209,4,0
886,1,0.007849,4,0
887,1,0.00566,4,0
888,1,0.00745,4,0
889,1,0.008013,4,0
890,1,0.003957,3,0
891,1,0.007111,4,0
892,1,0.006453,4,0
893,1,0.007391,4,0
894,1,0.007075,4,0
895,1,0.007117,4,0
896,1,0.006742,4,0
897,1,0.006953,4,0
898,1,0.003783,3,0
899,1,0.007404,4,0
900,1,0.007517,4,0
901,1,0.007163,4,0
902,1,0.008025,4,0
903,1,0.007222,4,0
904,1,0.007473,4,0
905,1,0.005912,4,0
906,1,0.007112,4,0
907,1,0.007788,4,0
908,1,0.007329,4,0
909,1,0.006966,4,0
910,1,0.006788,4,0
911,1,0.006819,4,0
912,1,0.006749,4,0
913,1,0.007294,4,0
914,1,0.007436,4,0
915,1,0.007587,4,0
916,1,0.007126,4,0
917,1,0.007665,4,0
918,1,0.004019,3,0
919,1,0.006637,4,0
920,1,0.007473,4,0
921,1,0.006907,4,0
922,1,0.003624,3,0
923,1,0.006697,4,0
924,1,0.007623,4,0
925,1,0.007315,4,0
926,1,0.00678,4,0
927,1,0.007239,4,0
928,1,0.007318,4,0
929,1,0.007042,4,0
930,1,0.007472,4,0
931,1,0.007346,4,0
932,1,0.007313,4,0
933,1,0.007925,4,0
934,1,0.006875,4,0
935,1,0.006715,4,0
936,1,0.007057,4,0
937,1,0.007032,4,0
938,1,0.007555,4,0
939,1,0.007632,4,0
940,1,0.006918,4,0
941,1,0.007391,4,0
942,1,0.007606,4,0
943,1,0.006564,4,0
944,1,0.007389,4,0
945,1,0.007805,4,0
946,1,0.007617,4,0
947,1,0.007328,4,0
948,1,0.007595,4,0
949,1,0.006655,4,0
950,1,0.007289,4,0
951,1,0.007229,4,0
952,1,0.007544,4,0
953,1,0.007138,4,0
954,1,0.007417,4,0
955,1,0.008045,4,0
956,1,0.004064,3,0
957,1,0.007173,4,0
958,1,0.007419,4,0
959,1,0.006939,4,0
960,1,0.007334,4,0
961,1,0.007429,4,0
962,1,0.007033,4,0
963,1,0.006543,4,0
964,1,0.007089,4,0
965,1,0.00671,4,0
966,1,0.00683,4,0
967,1,0.006974,4,0
968,1,0.007182,4,0
969,1,0.007472,4,0
970,1,0.007305,4,0
971,1,0.007541,4,0
972,1,0.007242,4,0
973,1,0.007441,4,0
974,1,0.007486,4,0
975,1,0.006898,4,0
976,1,0.006465,4,0
977,1,0.00627,4,0
978,1,0.007435,4,0
979,1,0.007232,4,0
980,1,0.007419,4,0
981,1,0.007146,4,0
982,1,0.007318,4,0
983,1,0.007358,4,0
984,1,0.007504,4,0
985,1,0.006794,4,0
986,1,0.007567,4,0
987,1,0.006389,4,0
988,1,0.007297,4,0
989,1,0.008038,4,0
990,1,0.00768,4,0
991,1,0.004182,3,0
992,1,0.003608,3,0
993,1,0.00706,4,0
994,1,0.007172,4,0
995,1,0.007767,4,0
996,1,0.007735,4,0
997,1,0.006933,4,0
998,1,0.006796,4,0
999,1,0.006796,4,0
1000,1,0.007574,4,0
1001,1,0.008167,4,0
1002,1,0.006997,4,0
1003,1,0.007972,4,0
1004,1,0.007425,4,0
1005,1,0.007374,4,0
1006,1,0.006734,4,0
1007,1,0.007226,4,0
1008,1,0.006254,4,0
1009,1,0.008178,4,0
1010,1,0.007061,4,0
1011,1,0.007883,4,0
1012,1,0.006886,4,0
1013,1,0.007399,4,0
1014,1,0.006309,4,0
1015,1,0.008361,4,0
1016,1,0.006462,4,0
1017,1,0.006871,4,0
1018,1,0.00697,4,0
1019,1,0.003467,3,0
1020,1,0.007627,4,0
1021,1,0.007348,4,0
1022,1,0.006398,4,0
1023,1,0.006458,4,0
1024,1,0.006786,4,0
1025,1,0.006255,4,0
1026,1,0.006471,4,0
1027,1,0.007005,4,0
1028,1,0.006417,4,0
1029,1,0.002992,3,0
1030,1,0.006598,4,0
1031,1,0.006752,4,0
1032,1,0.006618,4,0
1033,1,0.006583,4,0
1034,1,0.007155,4,0
1035,1,0.006386,4,0
1036,1,0.002992,3,0
1037,1,0.007084,4,0
1038,1,0.007128,4,0
1039,1,0.006335,4,0
1040,1,0.006597,4,0
1041,1,0.007063,4,0
1042,1,0.006632,4,0
1043,1,0.006702,4,0
1044,1,0.006383,4,0
1045,1,0.006974,4,0
1046,1,0.007077,4,0
1047,1,0.006275,4,0
1048,1,0.007116,4,0
1049,1,0.006561,4,0
1050,1,0.006517,4,0
1051,1,0.006629,4,0
1052,1,0.003249,3,0
1053,1,0.006619,4,0
1054,1,0.00671,4,0
1055,1,0.006858,4,0
1056,1,0.002828,3,0
1057,1,0.00681,4,0
1058,1,0.007141,4,0
1059,1,0.006309,4,0
1060,1,0.006063,4,0
1061,1,0.006398,4,0
1062,1,0.007025,4,0
1063,1,0.006684,4,0
1064,1,0.006453,4,0
1065,1,0.006024,4,0
1066,1,0.006646,4,0
1067,1,0.006373,4,0
1068,1,0.006744,4,0
1069,1,0.003233,3,0
1070,1,0.006445,4,0
1071,1,0.006636,4,0
1072,1,0.006585,4,0
1073,1,0.006755,4,0
1074,1,0.007676,4,0
1075,1,0.006407,4,0
1076,1,0.006591,4,0
1077,1,0.006824,4,0
1078,1,0.006783,4,0
1079,1,0.006591,4,0
1080,1,0.006364,4,0
1081,1,0.006621,4,0
1082,1,0.006479,4,0
1083,1,0.007104,4,0
1084,1,0.006316,4,0
1085,1,0.006199,4,0
1086,1,0.007571,4,0
1087,1,0.005454,4,0
1088,1,0.006347,4,0
1089,1,0.005963,4,0
1090,1,0.006265,4,0
1091,1,0.006685,4,0
1092,1,0.006483,4,0
1093,1,0.00649,4,0
1094,1,0.006479,4,0
1095,1,0.007094,4,0
1096,1,0.00678,4,0
1097,1,0.006822,4,0
1098,1,0.006799,4,0
1099,1,0.003103,3,0
1100,1,0.006161,4,0
1101,1,0.006465,4,0
1102,1,0.006966,4,0
1103,1,0.006378,4,0
1104,1,0.007237,4,0
1105,1,0.006517,4,0
1106,1,0.006171,4,0
1107,1,0.00696,4,0
1108,1,0.006571,4,0
1109,1,0.006151,4,0
1110,1,0.006434,4,0
1111,1,0.007221,4,0
1112,1,0.006638,4,0
1113,1,0.006231,4,0
1114,1,0.007002,4,0
1115,1,0.006329,4,0
1116,1,0.002856,3,0
1117,1,0.007144,4,0
1118,1,0.007135,4,0
1119,1,0.007179,4,0
1120,1,0.006826,4,0
1121,1,0.006665,4,0
1122,1,0.006122,4,0
1123,1,0.006471,4,0
1124,1,0.006685,4,0
1125,1,0.00631,4,0
1126,1,0.006765,4,0
1127,1,0.003234,3,0
1128,1,0.007769,4,0
1129,1,0.006251,4,0
1130,1,0.006268,4,0
1131,1,0.006379,4,0
1132,1,0.006279,4,0
1133,1,0.003298,3,0
1134,1,0.006189,4,0
1135,1,0.006175,4,0
1136,1,0.006575,4,0
1137,1,0.002852,3,0
1138,1,0.002941,3,0
1139,1,0.003216,3,0
1140,1,0.006691,4,0
1141,1,0.006529,4,0
1142,1,0.006948,4,0
1143,1,0.006748,4,0
1144,1,0.006782,4,0
1145,1,0.006711,4,0
1146,1,0.006537,4,0
1147,1,0.00664,4,0
1148,1,0.006701,4,0
1149,1,0.006795,4,0
1150,1,0.003186,3,0
1151,1,0.006919,4,0
1152,1,0.002908,3,0
1153,1,0.006258,4,0
1154,1,0.00694,4,0
1155,1,0.006398,4,0
1156,1,0.007174,4,0
1157,1,0.003217,3,0
1158,1,0.006479,4,0
1159,1,0.006095,4,0
1160,1,0.00627,4,0
1161,1,0.006454,4,0
1162,1,0.006864,4,0
1163,1,0.00317,3,0
1164,1,0.007061,4,0
1165,1,0.00656,4,0
1166,1,0.00675,4,0
1167,1,0.006731,4,0
1168,1,0.006952,4,0
1169,1,0.006921,4,0
1170,1,0.006336,4,0
1171,1,0.003201,3,0
1172,1,0.006859,4,0
1173,1,0.006116,4,0
1174,1,0.00663,4,0
1175,1,0.007111,4,0
1176,1,0.006299,4,0
1177,1,0.0064,4,0
1178,1,0.003941,3,0
1179,1,0.006863,4,0
1180,1,0.007377,4,0
1181,1,0.003332,3,0
1182,1,0.003191,3,0
1183,1,0.007207,4,0
1184,1,0.007412,4,0
1185,1,0.007032,4,0
1186,1,0.007104,4,0
1187,1,0.006785,4,0
1188,1,0.007253,4,0
1189,1,0.007259,4,0
1190,1,0.00784,4,0
1191,1,0.006152,4,0
1192,1,0.007155,4,0
1193,1,0.006918,4,0
1194,1,0.007253,4,0
1195,1,0.006385,4,0
1196,1,0.0073,4,0
1197,1,0.00642,4,0
1198,1,0.007001,4,0
0,0,0.0072,4,6
1,0,0.004389,3,6
2,0,0.007211,4,6
3,0,0.007766,4,6
4,0,0.006899,4,6
5,0,0.004353,3,6
6,0,0.006673,4,6
7,0,0.006423,4,6
8,0,0.007726,4,6
9,0,0.006394,4,6
10,0,0.006975,4,6
11,0,0.006624,4,6
12,0,0.006584,4,6
13,0,0.006194,4,6
14,0,0.006291,4,6
15,0,0.006277,4,6
16,0,0.006532,4,6
17,0,0.006112,4,6
18,0,0.006693,4,6
19,0,0.006722,4,6
20,0,0.007014,4,6
21,0,0.007636,4,6
22,1,0.005843,4,6
23,1,0.006002,4,6
24,1,0.007025,4,6
25,1,0.006363,4,6
26,1,0.006563,4,6
27,1,0.006213,4,6
28,1,0.006538,4,6
29,1,0.006858,4,6
30,1,0.00688,4,6
31,1,0.006678,4,6
32,1,0.006266,4,6
33,1,0.006182,4,6
34,1,0.00756,4,6
35,1,0.00789,4,6
36,1,0.006334,4,6
37,1,0.007401,4,6
38,1,0.00642,4,6
39,1,0.007643,4,6
40,1,0.006342,4,6
41,1,0.006522,4,6
42,1,0.006751,4,6
43,1,0.00716,4,6
44,1,0.007356,4,6
45,1,0.00636,4,6
46,1,0.006241,4,6
47,1,0.006179,4,6
48,1,0.006642,4,6
49,1,0.006641,4,6
50,1,0.00626,4,6
51,1,0.006473,4,6
52,1,0.006495,4,6
53,1,0.00766,4,6
54,1,0.006354,4,6
55,1,0.006659,4,6
56,1,0.006361,4,6
57,1,0.007692,4,6
58,1,0.007048,4,6
59,1,0.005854,4,6
60,1,0.006144,4,6
61,1,0.006281,4,6
62,1,0.006568,4,6
63,1,0.006827,4,6
64,1,0.006425,4,6
65,1,0.006117,4,6
66,1,0.006374,4,6
67,1,0.006626,4,6
68,1,0.006791,4,6
69,1,0.006127,4,6
70,1,0.006028,4,6
71,1,0.006561,4,6
72,1,0.00681,4,6
73,1,0.006426,4,6
74,1,0.006404,4,6
75,0,0.006411,4,6
76,0,0.006289,4,6
77,0,0.006801,4,6
78,1,0.009507,5,6
79,1,0.007962,4,6
80,1,0.005494,4,6
81,1,0.006676,4,6
82,1,0.006372,4,6
83,1,0.005199,4,6
84,1,0.005407,4,6
85,1,0.005973,4,6
86,1,0.005181,4,6
87,1,0.010687,5,6
88,1,0.004996,4,6
89,1,0.009299,5,6
90,1,0.010022,5,6
91,1,0.009484,5,6
92,1,0.009151,5,6
93,1,0.007279,5,6
94,1,0.007886,5,6
95,1,0.00746,5,6
96,1,0.008734,5,6
97,1,0.007051,5,6
98,1,0.006327,5,6
99,1,0.006419,5,6
100,1,0.006396,5,6
101,1,0.005882,5,6
102,1,0.006126,5,6
103,1,0.006432,5,6
104,1,0.005429,5,6
105,1,0.005369,5,6
106,1,0.006588,4,6
107,1,0.006932,4,6
108,1,0.006066,4,6
109,1,0.006627,4,6
110,1,0.006713,4,6
111,1,0.006482,4,6
112,1,0.006924,4,6
113,1,0.006354,4,6
114,1,0.00721,4,6
115,1,0.008511,4,6
116,1,0.00644,4,6
117,1,0.004053,3,6
118,1,0.006266,4,6
119,1,0.006734,4,6
120,1,0.007699,4,6
121,1,0.008217,4,6
122,1,0.007478,4,6
123,1,0.006887,4,6
124,1,0.006845,4,6
125,1,0.006379,4,6
126,1,0.006126,4,6
127,1,0.007952,4,6
128,1,0.006569,4,6
129,1,0.006198,4,6
130,1,0.005658,4,6
131,1,0.005241,4,6
132,1,0.005857,4,6
133,1,0.005799,4,6
134,1,0.006988,4,6
135,1,0.006641,4,6
136,1,0.006837,4,6
137,1,0.006382,4,6
138,1,0.006272,4,6
139,1,0.006637,4,6
140,1,0.005989,4,6
141,1,0.006425,4,6
142,1,0.007171,4,6
143,1,0.006292,4,6
144,1,0.006731,4,6
145,1,0.006757,4,6
146,1,0.006154,4,6
147,1,0.006098,4,6
148,1,0.006467,4,6
149,1,0.0053,4,6
150,1,0.006605,4,6
151,1,0.006271,4,6
152,1,0.006367,4,6
153,1,0.00692,4,6
154,1,0.006201,4,6
155,1,0.006601,4,6
156,1,0.006313,4,6
157,1,0.006209,4,6
158,1,0.006019,4,6
159,1,0.006717,4,6
160,1,0.006223,4,6
161,1,0.006472,4,6
162,1,0.005797,4,6
163,1,0.006253,4,6
164,1,0.006092,4,6
165,1,0.005804,4,6
166,1,0.006696,4,6
167,1,0.007395,4,6
168,1,0.005854,4,6
169,1,0.006005,4,6
170,1,0.00624,4,6
171,1,0.005969,4,6
172,1,0.00585,4,6
173,1,0.006608,4,6
174,1,0.005793,4,6
175,1,0.006094,4,6
176,1,0.006581,4,6
177,1,0.005569,4,6
178,1,0.006759,4,6
179,1,0.006003,4,6
180,1,0.005917,4,6
181,1,0.006397,4,6
182,0,0.00626,4,6
183,0,0.006126,4,6
184,0,0.006178,4,6
185,0,0.006053,4,6
186,0,0.005778,4,6
187,0,0.006119,4,6
188,0,0.00585,4,6
189,0,0.005989,4,6
190,0,0.0064,4,6
191,0,0.00671,4,6
192,0,0.006593,4,6
193,0,0.006703,4,6
194,1,0.006373,4,6
195,1,0.005868,4,6
196,1,0.003303,3,6
197,1,0.006264,4,6
198,1,0.006513,4,6
199,1,0.006257,4,6
200,1,0.006268,4,6
201,1,0.006139,4,6
202,1,0.006441,4,6
203,1,0.00645,4,6
204,1,0.006152,4,6
205,1,0.006344,4,6
206,1,0.007582,4,6
207,1,0.006748,4,6
208,1,0.007546,4,6
209,1,0.006495,4,6
210,1,0.006488,4,6
211,1,0.006374,4,6
212,1,0.006262,4,6
213,1,0.006417,4,6
214,1,0.007248,4,6
215,1,0.006221,4,6
216,1,0.006806,4,6
217,1,0.005334,4,6
218,1,0.005866,4,6
219,1,0.006106,4,6
220,1,0.006554,4,6
221,1,0.005861,4,6
222,1,0.006101,4,6
223,1,0.006206,4,6
224,1,0.006186,4,6
225,1,0.005872,4,6
226,1,0.005942,4,6
227,1,0.006634,4,6
228,1,0.006074,4,6
229,1,0.006354,4,6
230,1,0.006614,4,6
231,1,0.006247,4,6
232,1,0.006912,4,6
233,1,0.006392,4,6
234,1,0.006027,4,6
235,1,0.00626,4,6
236,1,0.006641,4,6
237,1,0.006424,4,6
238,1,0.00615,4,6
239,1,0.006099,4,6
240,1,0.006112,4,6
241,1,0.006206,4,6
242,1,0.005682,4,6
243,1,0.005697,4,6
244,1,0.005271,4,6
245,1,0.00521,4,6
246,1,0.006239,4,6
247,1,0.010645,5,6
248,1,0.010188,5,6
249,1,0.01055,5,6
250,1,0.010075,5,6
251,1,0.009679,5,6
252,1,0.010264,5,6
253,1,0.004825,4,6
254,1,0.010077,5,6
255,1,0.004275,4,6
256,1,0.010003,5,6
257,1,0.004684,4,6
258,1,0.005502,4,6
259,1,0.010698,5,6
260,1,0.006192,4,6
261,1,0.006896,4,6
262,1,0.005603,4,6
263,1,0.005938,4,6
264,1,0.00567,4,6
265,1,0.005722,4,6
266,1,0.006092,4,6
267,1,0.007211,4,6
268,1,0.005332,4,6
269,1,0.005738,4,6
270,1,0.005065,4,6
271,1,0.006158,4,6
272,1,0.006476,6,6
273,1,0.005706,6,6
274,1,0.010517,7,6
275,1,0.007283,7,6
276,1,0.00526,7,6
277,1,0.005858,9,6
278,1,0.000309,21,6
279,1,0.006701,13,6
280,1,0.000383,21,6
281,1,0.000308,21,6
282,1,0.000319,21,6
283,1,0.000313,21,6
284,1,0.000309,21,6
285,1,0.000365,21,6
286,1,0.000449,21,6
287,1,0.000388,21,6
288,1,0.000376,21,6
289,1,0.000301,21,6
290,1,0.000296,21,6
291,1,0.000319,21,6
292,1,0.000394,21,6
293,1,0.000375,21,6
294,1,0.000406,21,6
295,1,0.00039,21,6
296,1,0.000354,21,6
297,1,0.000516,21,6
298,1,0.000335,21,6
299,1,0.017056,6,6
300,1,0.007316,6,6
301,1,0.00807,8,6
302,1,0.000504,21,6
303,1,0.000324,21,6
304,1,0.000325,21,6
305,1,0.000447,21,6
306,1,0.000431,21,6
307,1,0.006205,7,6
308,1,0.000522,21,6
309,1,0.000335,21,6
310,1,0.007944,7,6
311,1,0.009608,8,6
312,1,0.00585,12,6
313,1,0.000328,21,6
314,1,0.000345,21,6
315,1,0.006335,8,6
316,1,0.000407,21,6
317,1,0.006011,7,6
318,1,0.009176,9,6
319,1,0.000501,21,6
320,1,0.000479,21,6
321,1,0.007643,8,6
322,1,0.007955,12,6
323,1,0.007579,8,6
324,1,0.00863,10,6
325,1,0.000372,21,6
326,1,0.006616,8,6
327,1,0.000438,21,6
328,1,0.000492,21,6
329,1,0.000495,21,6
330,1,0.00036,21,6
331,1,0.008127,11,6
332,1,0.010159,8,6
333,1,0.008958,10,6
334,1,0.006555,9,6
335,1,0.000512,21,6
336,1,0.000502,21,6
337,1,0.000554,21,6
338,1,0.000376,21,6
339,1,0.000532,21,6
340,1,0.000586,21,6
341,1,0.007812,9,6
342,1,0.0005,21,6
343,1,0.000373,21,6
344,1,0.000542,21,6
345,1,0.000489,21,6
346,1,0.000454,21,6
347,1,0.00051,21,6
348,1,0.000527,21,6
349,1,0.000564,21,6
350,1,0.000553,21,6
351,1,0.000557,21,6
352,1,0.000412,21,6
353,1,0.007337,12,6
354,1,0.000441,21,6
355,1,0.000609,21,6
356,1,0.010101,10,6
357,1,0.0005,21,6
358,1,0.003048,5,6
359,1,0.009928,6,6
360,1,0.005359,5,6
361,1,0.005203,5,6
362,1,0.007374,5,6
363,1,0.008559,5,6
364,1,0.004501,4,6
365,1,0.005234,4,6
366,1,0.005823,4,6
367,1,0.005867,4,6
368,1,0.005347,4,6
369,1,0.006416,4,6
370,1,0.00642,4,6
371,1,0.006237,4,6
372,1,0.005836,4,6
373,1,0.00584,4,6
374,1,0.006921,4,6
375,1,0.005965,4,6
376,1,0.006385,4,6
377,1,0.006551,4,6
378,1,0.006164,4,6
379,1,0.005856,4,6
380,1,0.00629,4,6
381,1,0.006069,4,6
382,1,0.006335,4,6
383,1,0.005939,4,6
384,1,0.006229,4,6
385,1,0.006005,4,6
386,1,0.005987,4,6
387,1,0.003665,3,6
388,1,0.007455,4,6
389,1,0.005957,4,6
390,1,0.006639,4,6
391,1,0.006063,4,6
392,1,0.006269,4,6
393,1,0.007017,4,6
394,1,0.006408,4,6
395,1,0.006724,4,6
396,1,0.006409,4,6
397,1,0.006152,4,6
398,1,0.006508,4,6
399,1,0.006063,4,6
400,1,0.006565,4,6
401,1,0.006071,4,6
402,1,0.005772,4,6
403,1,0.006462,4,6
404,1,0.005808,4,6
405,1,0.006248,4,6
406,1,0.007239,4,6
407,1,0.006384,4,6
408,1,0.006684,4,6
409,1,0.006261,4,6
410,1,0.00631,4,6
411,1,0.006025,4,6
412,1,0.006082,4,6
413,1,0.006823,4,6
414,1,0.006108,4,6
415,1,0.006303,4,6
416,1,0.005981,4,6
417,0,0.006845,4,6
418,0,0.006077,4,6
419,0,0.006458,4,6
420,0,0.006249,4,6
421,0,0.006341,4,6
422,1,0.00424,4,6
423,1,0.006475,4,6
424,1,0.006688,4,6
425,1,0.006238,4,6
426,1,0.008233,4,6
427,1,0.007064,4,6
428,1,0.006311,4,6
429,1,0.006739,4,6
430,1,0.007513,4,6
431,1,0.006236,4,6
432,1,0.006191,4,6
433,1,0.006051,4,6
434,1,0.005715,4,6
435,1,0.006346,4,6
436,1,0.006334,4,6
437,1,0.005973,4,6
438,1,0.005925,4,6
439,1,0.006451,4,6
440,1,0.006139,4,6
441,1,0.006979,4,6
442,1,0.00719,4,6
443,1,0.006349,4,6
444,1,0.006128,4,6
445,1,0.006426,4,6
446,1,0.006622,4,6
447,1,0.006774,4,6
448,1,0.007467,4,6
449,1,0.006187,4,6
450,1,0.007048,4,6
451,1,0.006153,4,6
452,1,0.006938,4,6
453,1,0.006345,4,6
454,1,0.007043,4,6
455,1,0.007163,4,6
456,1,0.006988,4,6
457,1,0.007226,4,6
458,1,0.006254,4,6
459,1,0.006071,4,6
460,1,0.006477,4,6
461,1,0.006103,4,6
462,1,0.006419,4,6
463,1,0.006443,4,6
464,1,0.006341,4,6
465,1,0.006211,4,6
466,1,0.006954,4,6
467,1,0.006273,4,6
468,1,0.005979,4,6
469,1,0.006726,4,6
470,1,0.00656,4,6
471,1,0.006082,4,6
472,1,0.006542,4,6
473,1,0.007253,4,6
474,1,0.006024,4,6
475,1,0.007299,4,6
476,0,0.006154,4,6
477,0,0.007037,4,6
478,0,0.00717,4,6
479,0,0.006517,4,6
480,0,0.006498,4,6
481,0,0.007203,4,6
482,0,0.005941,4,6
483,0,0.006372,4,6
484,0,0.006748,4,6
485,0,0.006133,4,6
486,0,0.006957,4,6
487,0,0.005205,4,6
488,0,0.006373,4,6
489,0,0.006867,4,6
490,0,0.006535,4,6
491,0,0.007237,4,6
492,0,0.006811,4,6
493,0,0.006154,4,6
494,0,0.006264,4,6
495,0,0.006277,4,6
496,0,0.006384,4,6
497,0,0.006834,4,6
498,0,0.006374,4,6
499,0,0.006335,4,6
500,0,0.00763,4,6
501,0,0.006284,4,6
502,0,0.007067,4,6
503,0,0.006761,4,6
504,0,0.006439,4,6
505,0,0.006402,4,6
506,0,0.006327,4,6
507,0,0.006403,4,6
508,0,0.006301,4,6
509,0,0.006722,4,6
510,0,0.006925,4,6
511,0,0.006672,4,6
512,0,0.006188,4,6
513,0,0.007497,4,6
514,0,0.005932,4,6
515,0,0.006794,4,6
516,0,0.006585,4,6
517,0,0.006828,4,6
518,0,0.008236,4,6
519,0,0.006552,4,6
520,0,0.006302,4,6
521,0,0.006875,4,6
522,0,0.006523,4,6
523,0,0.007301,4,6
524,0,0.007977,4,6
525,0,0.006807,4,6
526,0,0.006373,4,6
527,0,0.006547,4,6
528,0,0.006747,4,6
529,0,0.007004,4,6
530,0,0.008338,4,6
531,0,0.007492,4,6
532,0,0.006757,4,6
533,1,0.00546,4,6
534,1,0.005287,4,6
535,1,0.011955,5,6
536,1,0.007429,4,6
537,1,0.004064,3,6
538,1,0.006689,4,6
539,1,0.007235,4,6
540,1,0.0066,4,6
541,1,0.006783,4,6
542,1,0.006351,4,6
543,1,0.007277,4,6
544,1,0.006285,4,6
545,1,0.006188,4,6
546,1,0.006493,4,6
547,1,0.006506,4,6
548,1,0.007506,4,6
549,1,0.006383,4,6
550,1,0.006659,4,6
551,1,0.005966,4,6
552,1,0.006049,4,6
553,1,0.006549,4,6
554,1,0.006814,4,6
555,1,0.006902,4,6
556,1,0.007744,4,6
557,1,0.007221,4,6
558,1,0.007173,4,6
559,1,0.007022,4,6
560,1,0.008258,4,6
561,1,0.006912,4,6
562,1,0.007407,4,6
563,1,0.006822,4,6
564,1,0.00658,4,6
565,1,0.006599,4,6
566,1,0.006313,4,6
567,1,0.00646,4,6
568,1,0.006201,4,6
569,1,0.007955,4,6
570,1,0.00621,4,6
571,1,0.006728,4,6
572,1,0.006062,4,6
573,1,0.006605,4,6
574,1,0.006842,4,6
575,1,0.006948,4,6
576,1,0.008056,4,6
577,1,0.006344,4,6
578,1,0.007275,4,6
579,1,0.006512,4,6
580,1,0.007036,4,6
581,1,0.006662,4,6
582,1,0.006564,4,6
583,1,0.006369,4,6
584,1,0.006098,4,6
585,1,0.006045,4,6
586,1,0.006186,4,6
587,0,0.006857,4,6
588,0,0.00632,4,6
589,0,0.007397,4,6
590,0,0.006621,4,6
591,1,0.006554,4,6
592,1,0.005946,4,6
593,1,0.006532,4,6
594,1,0.006433,4,6
595,1,0.006381,4,6
596,1,0.005575,4,6
597,1,0.007132,4,6
598,1,0.006661,4,6
599,1,0.006525,4,6
600,1,0.006448,4,6
601,1,0.006321,4,6
602,1,0.006476,4,6
603,1,0.00656,4,6
604,1,0.006734,4,6
605,1,0.006297,4,6
606,1,0.006117,4,6
607,1,0.00604,4,6
608,1,0.007031,4,6
609,1,0.006424,4,6
610,1,0.006901,4,6
611,1,0.007146,4,6
612,1,0.007432,4,6
613,1,0.00664,4,6
614,1,0.007871,4,6
615,1,0.007075,4,6
616,1,0.007242,4,6
617,1,0.006547,4,6
618,1,0.006598,4,6
619,1,0.006868,4,6
620,1,0.006958,4,6
621,1,0.006526,4,6
622,1,0.006679,4,6
623,1,0.008157,4,6
624,1,0.007191,4,6
625,1,0.007128,4,6
626,1,0.006343,4,6
627,1,0.00656,4,6
628,1,0.006305,4,6
629,1,0.006618,4,6
630,1,0.00661,4,6
631,1,0.00658,4,6
632,1,0.006706,4,6
633,1,0.007119,4,6
634,1,0.006058,4,6
635,1,0.006318,4,6
636,1,0.007465,4,6
637,1,0.00662,4,6
638,1,0.006054,4,6
639,1,0.006261,4,6
640,1,0.006076,4,6
641,1,0.007026,4,6
642,1,0.006229,4,6
643,1,0.006876,4,6
644,0,0.006339,4,6
645,0,0.005735,4,6
646,1,0.007932,5,6
647,1,0.009416,5,6
648,1,0.010653,5,6
649,1,0.006271,4,6
650,1,0.007118,4,6
651,1,0.007809,4,6
652,1,0.006283,4,6
653,1,0.006488,4,6
654,1,0.007357,4,6
655,1,0.005959,4,6
656,1,0.006529,4,6
657,1,0.006555,4,6
658,1,0.006822,4,6
659,1,0.00681,4,6
660,1,0.00644,4,6
661,1,0.006338,4,6
662,1,0.006533,4,6
663,1,0.006979,4,6
664,1,0.006465,4,6
665,1,0.006403,4,6
666,1,0.00767,4,6
667,1,0.006386,4,6
668,1,0.006384,4,6
669,1,0.006437,4,6
670,1,0.006635,4,6
671,1,0.006708,4,6
672,1,0.007073,4,6
673,1,0.006899,4,6
674,1,0.006368,4,6
675,1,0.007221,4,6
676,1,0.007289,4,6
677,1,0.007123,4,6
678,1,0.006974,4,6
679,1,0.008173,4,6
680,1,0.007096,4,6
681,1,0.007135,4,6
682,1,0.007533,4,6
683,1,0.006446,4,6
684,1,0.006838,4,6
685,1,0.00712,4,6
686,1,0.006921,4,6
687,1,0.006904,4,6
688,1,0.006555,4,6
689,1,0.004285,3,6
690,1,0.007468,4,6
691,1,0.006862,4,6
692,1,0.006819,4,6
693,1,0.007866,4,6
694,1,0.00679,4,6
695,1,0.006878,4,6
696,1,0.003698,3,6
697,1,0.007828,4,6
698,1,0.007789,4,6
699,1,0.006437,4,6
700,0,0.006471,4,6
701,0,0.006374,4,6
702,0,0.007001,4,6
703,0,0.007649,4,6
704,0,0.006602,4,6
705,0,0.007807,4,6
706,1,0.006456,4,6
707,1,0.006361,4,6
708,1,0.006118,4,6
709,1,0.007245,4,6
710,1,0.006808,4,6
711,1,0.006386,4,6
712,1,0.007181,4,6
713,1,0.007031,4,6
714,1,0.007064,4,6
715,1,0.006235,4,6
716,1,0.007035,4,6
717,1,0.006298,4,6
718,1,0.007022,4,6
719,1,0.006542,4,6
720,1,0.006183,4,6
721,1,0.006081,4,6
722,1,0.0063,4,6
723,1,0.006222,4,6
724,1,0.006588,4,6
725,1,0.006088,4,6
726,1,0.006303,4,6
727,1,0.006787,4,6
728,1,0.006282,4,6
729,1,0.006766,4,6
730,1,0.007198,4,6
731,1,0.005911,4,6
732,1,0.006043,4,6
733,1,0.006129,4,6
734,1,0.006488,4,6
735,1,0.006107,4,6
736,1,0.006009,4,6
737,1,0.007123,4,6
738,1,0.006558,4,6
739,1,0.00627,4,6
740,1,0.006962,4,6
741,1,0.00632,4,6
742,1,0.004997,3,6
743,1,0.006098,4,6
744,1,0.006432,4,6
745,1,0.006323,4,6
746,1,0.006861,4,6
747,1,0.006461,4,6
748,1,0.00608,4,6
749,1,0.006651,4,6
750,1,0.008392,4,6
751,1,0.00628,4,6
752,1,0.006979,4,6
753,1,0.006259,4,6
754,1,0.00665,4,6
755,1,0.006357,4,6
756,1,0.006497,4,6
757,1,0.007155,4,6
758,1,0.006664,4,6
759,1,0.006165,4,6
760,1,0.006867,4,6
761,1,0.006875,4,6
762,1,0.006245,4,6
763,1,0.006633,4,6
764,1,0.007217,4,6
765,1,0.006531,4,6
766,1,0.006898,4,6
767,1,0.006802,4,6
768,1,0.006662,4,6
769,1,0.006252,4,6
770,1,0.006583,4,6
771,1,0.006399,4,6
772,1,0.006185,4,6
773,1,0.006512,4,6
774,1,0.006674,4,6
775,1,0.006398,4,6
776,1,0.006639,4,6
777,1,0.006429,4,6
778,1,0.006312,4,6
779,1,0.007291,4,6
780,1,0.006573,4,6
781,1,0.006689,4,6
782,1,0.007009,4,6
783,1,0.006329,4,6
784,1,0.007252,4,6
785,1,0.006058,4,6
786,1,0.006077,4,6
787,1,0.006162,4,6
788,1,0.006697,4,6
789,1,0.00704,4,6
790,1,0.006395,4,6
791,1,0.00725,4,6
792,1,0.006728,4,6
793,1,0.006222,4,6
794,1,0.008339,4,6
795,1,0.006372,4,6
796,1,0.006428,4,6
797,1,0.003626,3,6
798,1,0.007127,4,6
799,1,0.006728,4,6
800,1,0.007373,4,6
801,1,0.007132,4,6
802,1,0.007547,4,6
803,1,0.007374,4,6
804,1,0.007223,4,6
805,1,0.00641,4,6
806,1,0.006819,4,6
807,1,0.006679,4,6
808,1,0.007064,4,6
809,1,0.006945,4,6
810,1,0.007675,4,6
811,1,0.007539,4,6
812,0,0.006866,4,6
813,0,0.006617,4,6
814,0,0.007308,4,6
815,0,0.006831,4,6
816,0,0.006523,4,6
817,0,0.007698,4,6
818,1,0.006268,5,6
819,1,0.004221,4,6
820,1,0.005755,4,6
821,1,0.007089,4,6
822,1,0.006765,4,6
823,1,0.003681,3,6
824,1,0.007443,4,6
825,1,0.006284,4,6
826,1,0.006131,4,6
827,1,0.006644,4,6
828,1,0.00639,4,6
829,1,0.005996,4,6
830,1,0.006901,4,6
831,1,0.006412,4,6
832,1,0.006675,4,6
833,1,0.006057,4,6
834,1,0.006836,4,6
835,1,0.006562,4,6
836,1,0.006622,4,6
837,1,0.006434,4,6
838,1,0.006162,4,6
839,1,0.006108,4,6
840,1,0.006465,4,6
841,1,0.006862,4,6
842,1,0.006266,4,6
843,1,0.006323,4,6
844,1,0.007143,4,6
845,1,0.005873,4,6
846,1,0.006565,4,6
847,1,0.006788,4,6
848,1,0.006343,4,6
849,1,0.006437,4,6
850,1,0.006243,4,6
851,1,0.006349,4,6
852,1,0.005895,4,6
853,1,0.006382,4,6
854,1,0.006375,4,6
855,1,0.006587,4,6
856,1,0.006397,4,6
857,1,0.006553,4,6
858,1,0.006211,4,6
859,1,0.006393,4,6
860,1,0.00592,4,6
861,1,0.006171,4,6
862,1,0.00616,4,6
863,1,0.006745,4,6
864,1,0.006792,4,6
865,1,0.006462,4,6
866,1,0.006183,4,6
867,1,0.007338,4,6
868,1,0.006223,4,6
869,1,0.006123,4,6
870,1,0.005968,4,6
871,1,0.00608,4,6
872,0,0.006525,4,6
873,0,0.007157,4,6
874,0,0.006223,4,6
875,0,0.006807,4,6
876,0,0.005959,4,6
877,0,0.006384,4,6
878,0,0.008232,4,6
879,0,0.006454,4,6
880,0,0.006588,4,6
881,0,0.006297,4,6
882,0,0.006401,4,6
883,0,0.006359,4,6
884,0,0.006136,4,6
885,0,0.006974,4,6
886,0,0.006226,4,6
887,0,0.006922,4,6
888,0,0.006443,4,6
889,0,0.005913,4,6
890,1,0.006591,4,6
891,1,0.005682,4,6
892,1,0.004983,4,6
893,1,0.006395,4,6
894,1,0.006291,4,6
895,1,0.006626,4,6
896,1,0.006431,4,6
897,1,0.006343,4,6
898,1,0.006595,4,6
899,1,0.007862,4,6
900,1,0.006906,4,6
901,1,0.006795,4,6
902,1,0.007092,4,6
903,1,0.007263,4,6
904,1,0.006194,4,6
905,1,0.003996,3,6
906,1,0.007763,4,6
907,1,0.006987,4,6
908,1,0.00667,4,6
909,1,0.006808,4,6
910,1,0.007633,4,6
911,1,0.006883,4,6
912,1,0.006229,4,6
913,1,0.007057,4,6
914,1,0.00646,4,6
915,1,0.006454,4,6
916,1,0.007496,4,6
917,1,0.006915,4,6
918,1,0.006191,4,6
919,1,0.00709,4,6
920,1,0.006662,4,6
921,1,0.006459,4,6
922,1,0.007956,4,6
923,1,0.001715,2,6
924,1,0.006284,4,6
925,1,0.007055,4,6
926,1,0.007552,4,6
927,1,0.007084,4,6
928,1,0.006477,4,6
929,1,0.006367,4,6
930,1,0.006735,4,6
931,1,0.006849,4,6
932,1,0.006685,4,6
933,1,0.007218,4,6
934,1,0.006296,4,6
935,1,0.006459,4,6
936,1,0.006489,4,6
937,1,0.006696,4,6
938,1,0.006471,4,6
939,1,0.006934,4,6
940,1,0.006605,4,6
941,1,0.003627,3,6
942,1,0.006235,4,6
943,1,0.00681,4,6
944,1,0.006785,4,6
945,0,0.006856,4,6
946,0,0.008165,4,6
947,0,0.007151,4,6
948,1,0.007994,5,6
949,1,0.005636,4,6
950,1,0.006657,5,6
951,1,0.009204,5,6
952,1,0.00551,4,6
953,1,0.006457,4,6
954,1,0.00717,4,6
955,1,0.007076,4,6
956,1,0.007372,4,6
957,1,0.00656,4,6
958,1,0.007068,4,6
959,1,0.006906,4,6
960,1,0.006353,4,6
961,1,0.006581,4,6
962,1,0.006611,4,6
963,1,0.006257,4,6
964,1,0.005502,4,6
965,1,0.00556,4,6
966,1,0.006221,4,6
967,1,0.010804,5,6
968,1,0.00518,4,6
969,1,0.009913,5,6
970,1,0.004253,4,6
971,1,0.006797,4,6
972,1,0.007043,4,6
973,1,0.006549,4,6
974,1,0.003643,3,6
975,1,0.006704,4,6
976,1,0.006804,4,6
977,1,0.006577,4,6
978,1,0.006914,4,6
979,1,0.00676,4,6
980,1,0.006621,4,6
981,1,0.007042,4,6
982,1,0.006359,4,6
983,1,0.007263,4,6
984,1,0.006918,4,6
985,1,0.006901,4,6
986,1,0.00715,4,6
987,1,0.006612,4,6
988,1,0.007077,4,6
989,1,0.006987,4,6
990,1,0.00695,4,6
991,1,0.007916,4,6
992,1,0.006868,4,6
993,1,0.006805,4,6
994,1,0.00686,4,6
995,1,0.007669,4,6
996,1,0.006655,4,6
997,1,0.006793,4,6
998,1,0.00718,4,6
999,1,0.006784,4,6
1000,1,0.006164,4,6
1001,1,0.006718,4,6
1002,1,0.006251,4,6
1003,1,0.006307,4,6
1004,1,0.006159,4,6
1005,1,0.00699,4,6
1006,1,0.006505,4,6
1007,1,0.006396,4,6
1008,1,0.006292,4,6
1009,1,0.006436,4,6
1010,1,0.007083,4,6
1011,1,0.006379,4,6
1012,1,0.007525,4,6
1013,1,0.007498,4,6
1014,1,0.006652,4,6
1015,1,0.007062,4,6
1016,1,0.006806,4,6
1017,1,0.007609,4,6
1018,1,0.006664,4,6
1019,1,0.006725,4,6
1020,1,0.007504,4,6
1021,1,0.006918,4,6
1022,0,0.006514,4,6
1023,0,0.007185,4,6
1024,0,0.006655,4,6
1025,0,0.007994,4,6
1026,0,0.006462,4,6
1027,0,0.006979,4,6
1028,0,0.006413,4,6
1029,0,0.006686,4,6
1030,0,0.006574,4,6
1031,0,0.006402,4,6
1032,0,0.003753,3,6
1033,0,0.006773,4,6
1034,0,0.006232,4,6
1035,0,0.006322,4,6
1036,0,0.006778,4,6
1037,0,0.00827,4,6
1038,0,0.006008,4,6
1039,0,0.005912,4,6
1040,0,0.005834,4,6
1041,0,0.006391,4,6
1042,0,0.006747,4,6
1043,0,0.007767,4,6
1044,0,0.007331,4,6
1045,0,0.007969,4,6
1046,0,0.006848,4,6
1047,0,0.007076,4,6
1048,0,0.005925,4,6
1049,0,0.005567,4,6
1050,1,0.004977,4,6
1051,1,0.005653,4,6
1052,1,0.006577,4,6
1053,1,0.006162,4,6
1054,1,0.006848,4,6
1055,1,0.006839,4,6
1056,1,0.006352,4,6
1057,1,0.006204,4,6
1058,1,0.006057,4,6
1059,1,0.006454,4,6
1060,1,0.007088,4,6
1061,1,0.007515,4,6
1062,1,0.00613,4,6
1063,1,0.006259,4,6
1064,1,0.006398,4,6
1065,1,0.006288,4,6
1066,1,0.007051,4,6
1067,1,0.005852,4,6
1068,1,0.005721,4,6
1069,1,0.006226,4,6
1070,1,0.006132,4,6
1071,1,0.005846,4,6
1072,1,0.00623,4,6
1073,1,0.006195,4,6
1074,1,0.005963,4,6
1075,1,0.006376,4,6
1076,1,0.005821,4,6
1077,1,0.006323,4,6
1078,1,0.00334,3,6
1079,1,0.005826,4,6
1080,1,0.00524,4,6
1081,1,0.004513,4,6
1082,1,0.005962,4,6
1083,1,0.00966,5,6
1084,1,0.009733,5,6
1085,1,0.010163,5,6
1086,1,0.005309,4,6
1087,1,0.005648,4,6
1088,1,0.004606,4,6
1089,1,0.008939,5,6
1090,1,0.004703,4,6
1091,1,0.005706,4,6
1092,1,0.005368,4,6
1093,1,0.006202,4,6
1094,1,0.005541,4,6
1095,1,0.00611,4,6
1096,1,0.005888,4,6
1097,1,0.006481,4,6
1098,1,0.006219,4,6
1099,1,0.005828,4,6
1100,1,0.006369,4,6
1101,1,0.006033,4,6
1102,1,0.005123,5,6
1103,1,0.004093,5,6
1104,1,0.004073,5,6
1105,1,0.006796,6,6
1106,1,0.005675,6,6
1107,1,0.008883,7,6
1108,1,0.007643,7,6
1109,1,0.005093,7,6
1110,1,0.000511,21,6
1111,1,0.006006,8,6
1112,1,0.000325,21,6
1113,1,0.000289,21,6
1114,1,0.000401,21,6
1115,1,0.000504,21,6
1116,1,0.000353,21,6
1117,1,0.000462,21,6
1118,1,0.000427,21,6
1119,1,0.000308,21,6
1120,1,0.000397,21,6
1121,1,0.000387,21,6
1122,1,0.000465,21,6
1123,1,0.000371,21,6
1124,1,0.000387,21,6
1125,1,0.000314,21,6
1126,1,0.000339,21,6
1127,1,0.000345,21,6
1128,1,0.000471,21,6
1129,1,0.000399,21,6
1130,1,0.000376,21,6
1131,1,0.00039,21,6
1132,1,0.000384,21,6
1133,1,0.007105,8,6
1134,1,0.000459,21,6
1135,1,0.000553,21,6
1136,1,0.000478,21,6
1137,1,0.000457,21,6
1138,1,0.000427,21,6
1139,1,0.000501,21,6
1140,1,0.00036,21,6
1141,1,0.000337,21,6
1142,1,0.000479,21,6
1143,1,0.000364,21,6
1144,1,0.005306,8,6
1145,1,0.000358,21,6
1146,1,0.000463,21,6
1147,1,0.007646,8,6
1148,1,0.005554,10,6
1149,1,0.000354,21,6
1150,1,0.00058,21,6
1151,1,0.009333,8,6
1152,1,0.000528,21,6
1153,1,0.000502,21,6
1154,1,0.009129,9,6
1155,1,0.000393,21,6
1156,1,0.006253,7,6
1157,1,0.005655,8,6
1158,1,0.00038,21,6
1159,1,0.005439,8,6
1160,1,0.000624,21,6
1161,1,0.00053,21,6
1162,1,0.00052,21,6
1163,1,0.005908,8,6
1164,1,0.007814,17,6
1165,1,0.00975,8,6
1166,1,0.007036,10,6
1167,1,0.000379,21,6
1168,1,0.008608,9,6
1169,1,0.000515,21,6
1170,1,0.000546,21,6
1171,1,0.000574,21,6
1172,1,0.000627,21,6
1173,1,0.000376,21,6
1174,1,0.00063,21,6
1175,1,0.000572,21,6
1176,1,0.000424,21,6
1177,1,0.000527,21,6
1178,1,0.0005,21,6
1179,1,0.000565,21,6
1180,1,0.000471,21,6
1181,1,0.000525,21,6
1182,1,0.000559,21,6
1183,1,0.000494,21,6
1184,1,0.000536,21,6
1185,1,0.000533,21,6
1186,1,0.000568,21,6
1187,1,0.000552,21,6
1188,1,0.000404,21,6
1189,1,0.000495,21,6
1190,1,0.000523,21,6
1191,1,0.006502,6,6
1192,1,0.006338,6,6
1193,1,0.010887,6,6
1194,1,0.005358,5,6
1195,1,0.006834,5,6
1196,1,0.007565,5,6
1197,1,0.004253,4,6
1198,1,0.004669,4,6
1199,1,0.005763,4,6
1200,1,0.005765,4,6
