0.000000, 0.001827, -0.000096, 0.168861, 0.001871, 1.000000, 0.004770 
0.050000, 0.021770, 0.000099, 0.814533, 0.011921, 1.000000, 0.003125 
0.110000, 0.130834, 0.000454, 1.569272, 0.018166, 1.000000, -0.012551 
0.150000, 0.203061, 0.001715, 1.784789, 0.015125, 1.000000, -0.009867 
0.200000, 0.286714, 0.002884, 1.927758, 0.013554, 1.000000, -0.008211 
0.300000, 0.444868, 0.004838, 1.997589, 0.010607, 1.000000, -0.007646 
0.360000, 0.620861, 0.006434, 2.001590, 0.007906, 1.000000, -0.001517 
0.410000, 0.696895, 0.007029, 2.001259, 0.007770, 1.000000, 0.364507 
0.550000, 0.942270, 0.015995, 1.979539, 0.096706, 1.000000, -0.047023 
0.620000, 1.112113, 0.036316, 2.002634, 0.123417, 1.000000, -0.133198 
0.750000, 1.407345, 0.065078, 1.983771, 0.052339, 1.000000, -0.083285 
0.800000, 1.486857, 0.068338, 1.992926, 0.030584, 1.000000, -0.061621 
0.850000, 1.572760, 0.070183, 1.995356, 0.013528, 1.000000, -0.045188 
1.000000, 1.832662, 0.069200, 2.000326, -0.017231, 1.000000, -0.015148 
1.050000, 2.002615, 0.065785, 1.999959, -0.022573, 1.000000, 0.006292 
1.100000, 2.076583, 0.064098, 1.999413, -0.022169, 1.000000, 0.010456 
1.200000, 2.236549, 0.060747, 1.999841, -0.019313, 1.000000, 0.012446 
1.260000, 2.400532, 0.057857, 1.999758, -0.015210, 1.000000, 0.017276 
1.300000, 2.486524, 0.056607, 1.999888, -0.012654, 1.000000, 0.018663 
1.450000, 2.738503, 0.054355, 1.999411, -0.004604, 1.000000, 0.019568 
1.500000, 2.822499, 0.054045, 1.999497, -0.001738, 1.000000, 0.020347 
1.560000, 2.998464, 0.054216, 1.999947, 0.004512, 1.000000, 0.018844 
1.700000, 3.254410, 0.056368, 1.999756, 0.012770, 1.000000, 0.017475 
1.750000, 3.338380, 0.057533, 1.997601, 0.015280, 1.000000, 0.016880 
1.800000, 3.510328, 0.060498, 1.999362, 0.019960, 1.000000, 0.014543 
1.850000, 3.596309, 0.062274, 1.999652, 0.022218, 1.000000, 0.013528 
1.900000, 3.690248, 0.064456, 1.999450, 0.024351, 1.000000, 0.012847 
1.950000, 3.784219, 0.066810, 2.000609, 0.026934, 1.000000, 0.011488 
2.100000, 4.042132, 0.074362, 1.999936, 0.031973, 1.000000, 0.009841 
2.150000, 4.138097, 0.077493, 1.999967, 0.033618, 1.000000, 0.010467 
2.200000, 4.295988, 0.083016, 1.999420, 0.037195, 1.000000, 0.028119 
2.250000, 4.379879, 0.086234, 2.000545, 0.041136, 1.000000, 0.035201 
2.300000, 4.473711, 0.090308, 1.998097, 0.046336, 1.000000, 0.041000 
2.400000, 4.635339, 0.098940, 1.997492, 0.061988, 1.000000, 0.042778 
2.450000, 4.727104, 0.105148, 1.999431, 0.072837, 1.000000, 0.040682 
2.500000, 4.884415, 0.118104, 1.999556, 0.091197, 1.000000, 0.033643 
2.550000, 4.967901, 0.126112, 1.998408, 0.099852, 1.000000, 0.028504 
2.700000, 5.236100, 0.156141, 1.995631, 0.123175, 1.000000, 0.036807 
2.750000, 5.317375, 0.166549, 2.001664, 0.131848, 1.000000, 0.036097 
2.800000, 5.499437, 0.192495, 1.999865, 0.152457, 1.000000, 0.068588 
2.850000, 5.582104, 0.205767, 1.994239, 0.166799, 1.000000, 0.084580 
2.900000, 5.666720, 0.220775, 1.997017, 0.185696, 1.000000, 0.087157 
2.950000, 5.758404, 0.239128, 1.995009, 0.209246, 1.000000, 0.098721 
3.000000, 5.892362, 0.269998, 1.987411, 0.245025, 1.000000, 0.111377 
3.050000, 5.971456, 0.290789, 1.992899, 0.270148, 1.000000, 0.112143 
3.100000, 6.053426, 0.314646, 1.987983, 0.297537, 1.000000, 0.098231 
3.200000, 6.215957, 0.368852, 1.996041, 0.345399, 1.000000, 0.095603 
3.250000, 6.294536, 0.398031, 1.996331, 0.366988, 1.000000, 0.089859 
3.300000, 6.381569, 0.432671, 1.996396, 0.390524, 1.000000, 0.086994 
3.350000, 6.528031, 0.496190, 1.996101, 0.428659, 1.000000, 0.069660 
3.450000, 6.675743, 0.566725, 1.997298, 0.462584, 1.000000, 0.072905 
3.500000, 6.750412, 0.604767, 1.990401, 0.480599, 1.000000, 0.077348 
3.550000, 6.899193, 0.685884, 1.990759, 0.519994, 1.000000, 0.096704 
3.600000, 6.969650, 0.727190, 1.994046, 0.541178, 1.000000, 0.107912 
3.650000, 7.042684, 0.772229, 1.996355, 0.566407, 1.000000, 0.114012 
3.750000, 7.183248, 0.866903, 1.990200, 0.620398, 1.000000, 0.113957 
3.800000, 7.249033, 0.915178, 1.992689, 0.646502, 1.000000, 0.115311 
3.860000, 7.385877, 1.024653, 1.993145, 0.701504, 1.000000, 0.099300 
3.900000, 7.453588, 1.083334, 1.988004, 0.726885, 1.000000, 0.105096 
3.950000, 7.513996, 1.138403, 2.003488, 0.751459, 1.000000, 0.104774 
4.100000, 7.694639, 1.321082, 1.985169, 0.832175, 1.000000, 0.129629 
4.150000, 7.807207, 1.452590, 1.988826, 0.893846, 1.000000, 0.164084 
4.200000, 7.852642, 1.510819, 1.986392, 0.923243, 1.000000, 0.182313 
4.300000, 7.946182, 1.643837, 1.986427, 0.993661, 1.000000, 0.184328 
4.350000, 7.989076, 1.712342, 1.983163, 1.029575, 1.000000, 0.209058 
4.400000, 8.061830, 1.843965, 1.970412, 1.102385, 1.000000, 0.196922 
4.500000, 8.125840, 1.982243, 1.973124, 1.172330, 1.000000, 0.198860 
4.560000, 8.184775, 2.138122, 1.986956, 1.246576, 1.000000, 0.163672 
4.600000, 8.212305, 2.225587, 1.986976, 1.284017, 1.000000, 0.152657 
4.700000, 8.252425, 2.379225, 1.991896, 1.345353, 1.000000, 0.142737 
4.750000, 8.269884, 2.460887, 1.994184, 1.375784, 1.000000, 0.131943 
4.800000, 8.296670, 2.620031, 1.995154, 1.430436, 1.000000, 0.083493 
4.850000, 8.308118, 2.709075, 1.993731, 1.454346, 1.000000, 0.070704 
4.900000, 8.317848, 2.800355, 1.996177, 1.475215, 1.000000, 0.059191 
5.050000, 8.336459, 3.053381, 1.998640, 1.517405, 1.000000, 0.042794 
5.100000, 8.341076, 3.149165, 1.998174, 1.528974, 1.000000, 0.034064 
5.150000, 8.346693, 3.310942, 1.999011, 1.543578, 1.000000, 0.019126 
5.210000, 8.348736, 3.394906, 1.999654, 1.548964, 1.000000, 0.015844 
5.300000, 8.352444, 3.614847, 1.999810, 1.559597, 1.000000, 0.010059 
5.350000, 8.353294, 3.700830, 1.999404, 1.562555, 1.000000, 0.008479 
5.400000, 8.354023, 3.796812, 1.999858, 1.565201, 1.000000, 0.006761 
5.500000, 8.354703, 3.966774, 2.000093, 1.568893, 1.000000, 0.006094 
5.550000, 8.354818, 4.062767, 1.999897, 1.570565, 1.000000, 0.005275 
5.600000, 8.354690, 4.224765, 1.999935, 1.572987, 1.000000, 0.004315 
5.650000, 8.354471, 4.310764, 1.999999, 1.574170, 1.000000, 0.004081 
5.700000, 8.354139, 4.400762, 1.999944, 1.575256, 1.000000, 0.003474 
5.800000, 8.353288, 4.564760, 1.999950, 1.576989, 1.000000, 0.003311 
5.850000, 8.352685, 4.656759, 1.999992, 1.577872, 1.000000, 0.003084 
5.900000, 8.352019, 4.748755, 2.000126, 1.578712, 1.000000, 0.002858 
5.950000, 8.350633, 4.912751, 2.000220, 1.580057, 1.000000, 0.002610 
6.000000, 8.349794, 5.000749, 1.999997, 1.580711, 1.000000, 0.002287 
6.050000, 8.348843, 5.094746, 2.000040, 1.581402, 1.000000, 0.002103 
6.150000, 8.346989, 5.262738, 2.000032, 1.582449, 1.000000, 0.002122 
6.200000, 8.345904, 5.354732, 1.999985, 1.583009, 1.000000, 0.002083 
6.250000, 8.343916, 5.512722, 1.999992, 1.583901, 1.000000, 0.001759 
6.300000, 8.342827, 5.594717, 2.000020, 1.584318, 1.000000, 0.001839 
6.400000, 8.340496, 5.762703, 2.000008, 1.585190, 1.000000, 0.001795 
6.450000, 8.339132, 5.856694, 2.000214, 1.585690, 1.000000, 0.001840 
6.500000, 8.336572, 6.024678, 2.000056, 1.586526, 1.000000, 0.001703 
6.550000, 8.335239, 6.108668, 1.999991, 1.586913, 1.000000, 0.001843 
6.600000, 8.333709, 6.202657, 2.000033, 1.587409, 1.000000, 0.001936 
6.700000, 8.330996, 6.362636, 2.000027, 1.588294, 1.000000, 0.002116 
6.750000, 8.329373, 6.454622, 1.999977, 1.588857, 1.000000, 0.002312 
6.800000, 8.326454, 6.612597, 1.999987, 1.589868, 1.000000, 0.002198 
6.850000, 8.324833, 6.696583, 2.000007, 1.590389, 1.000000, 0.002292 
7.000000, 8.319549, 6.956532, 2.000305, 1.592244, 1.000000, 0.003919 
7.060000, 8.315723, 7.126479, 1.998652, 1.595470, 1.000000, 0.015014 
7.100000, 8.313629, 7.208424, 1.999643, 1.598443, 1.000000, 0.016815 
7.150000, 8.311195, 7.292382, 1.998765, 1.602393, 1.000000, 0.019250 
7.250000, 8.304757, 7.472237, 1.999220, 1.612057, 1.000000, 0.019448 
7.300000, 8.300902, 7.562144, 2.000629, 1.617351, 1.000000, 0.020204 
7.350000, 8.296602, 7.650038, 1.999319, 1.622490, 1.000000, 0.020852 
7.450000, 8.284357, 7.861655, 1.999907, 1.636743, 1.000000, 0.031849 
7.500000, 8.278380, 7.947437, 1.996926, 1.644805, 1.000000, 0.039493 
7.550000, 8.264567, 8.112708, 1.996429, 1.663719, 1.000000, 0.045536 
7.600000, 8.256124, 8.198223, 2.001094, 1.674704, 1.000000, 0.045239 
7.650000, 8.245837, 8.291544, 1.997645, 1.687112, 1.000000, 0.046678 
7.750000, 8.224774, 8.456047, 1.998174, 1.709041, 1.000000, 0.043562 
7.800000, 8.211572, 8.547054, 1.994047, 1.720634, 1.000000, 0.050074 
7.850000, 8.184389, 8.712656, 1.992215, 1.748485, 1.000000, 0.092463 
7.900000, 8.167249, 8.802683, 1.998193, 1.770978, 1.000000, 0.103821 
7.950000, 8.147482, 8.894196, 1.983255, 1.796894, 1.000000, 0.115670 
8.150000, 8.053551, 9.220957, 1.980410, 1.905775, 1.000000, 0.125255 
8.200000, 7.994214, 9.377077, 1.985303, 1.962456, 1.000000, 0.124279 
8.250000, 7.961169, 9.454079, 1.993396, 1.989822, 1.000000, 0.118609 
8.350000, 7.890127, 9.603085, 1.992989, 2.041536, 1.000000, 0.109061 
8.400000, 7.851425, 9.676886, 1.994580, 2.066797, 1.000000, 0.105850 
8.450000, 7.764090, 9.828881, 1.994911, 2.117825, 1.000000, 0.073795 
8.500000, 7.720928, 9.898353, 1.993567, 2.135652, 1.000000, 0.069033 
8.550000, 7.672224, 9.973801, 1.996151, 2.152937, 1.000000, 0.061384 
8.650000, 7.580147, 10.109076, 1.997287, 2.182922, 1.000000, 0.055399 
8.700000, 7.525676, 10.185513, 1.998219, 2.198345, 1.000000, 0.050275 
8.750000, 7.432893, 10.310667, 1.997186, 2.219530, 1.000000, 0.031625 
8.800000, 7.378256, 10.382059, 1.998588, 2.228691, 1.000000, 0.027782 
8.900000, 7.280840, 10.506306, 1.999347, 2.242086, 1.000000, 0.024309 
8.950000, 7.227158, 10.573435, 1.999250, 2.248226, 1.000000, 0.021908 
9.000000, 7.111077, 10.716107, 1.999320, 2.259224, 1.000000, 0.013100 
9.050000, 7.058889, 10.779330, 1.999362, 2.262558, 1.000000, 0.012050 
9.100000, 7.005224, 10.843923, 1.999517, 2.265512, 1.000000, 0.011113 
9.200000, 6.898641, 10.971129, 1.999626, 2.271005, 1.000000, 0.009801 
9.250000, 6.838004, 11.042930, 1.998722, 2.273767, 1.000000, 0.008720 
9.300000, 6.736973, 11.161750, 2.000219, 2.277513, 1.000000, 0.017098 
9.350000, 6.677160, 11.231628, 1.999258, 2.281307, 1.000000, 0.023419 
9.500000, 6.510016, 11.422727, 1.998804, 2.299594, 1.000000, 0.033948 
9.560000, 6.398596, 11.545595, 1.997537, 2.316799, 1.000000, 0.038674 
9.650000, 6.302874, 11.647635, 1.997928, 2.332377, 1.000000, 0.038674 
9.700000, 6.191535, 11.762494, 1.998444, 2.350080, 1.000000, 0.031340 
9.750000, 6.133726, 11.820584, 1.999875, 2.358195, 1.000000, 0.022441 
9.800000, 6.068337, 11.885276, 1.999051, 2.365050, 1.000000, 0.013441 
9.900000, 5.958095, 11.992753, 1.999516, 2.372058, 1.000000, 0.008523 
9.950000, 5.835843, 12.110868, 2.002262, 2.374458, 1.000000, -0.006770 
10.000000, 5.771072, 12.173351, 1.999809, 2.373017, 1.000000, -0.008339 
10.050000, 5.702103, 12.240133, 2.000055, 2.370892, 1.000000, -0.011576 
10.200000, 5.521990, 12.416367, 2.000163, 2.361706, 1.000000, -0.011582 
10.260000, 5.405652, 12.531980, 2.000139, 2.355866, 1.000000, -0.006050 
10.300000, 5.347710, 12.590010, 2.000081, 2.353920, 1.000000, 0.003432 
10.350000, 5.285644, 12.652401, 1.999890, 2.353775, 1.000000, 0.013086 
10.450000, 5.120097, 12.817735, 2.000324, 2.362480, 1.000000, 0.026087 
10.500000, 5.060228, 12.876577, 1.998232, 2.368581, 1.000000, 0.035257 
10.550000, 4.994181, 12.940562, 2.000909, 2.377415, 1.000000, 0.047169 
10.650000, 4.886535, 13.041975, 2.000330, 2.396011, 1.000000, 0.063341 
10.700000, 4.767612, 13.148690, 2.002257, 2.424554, 1.000000, 0.092714 
10.800000, 4.651704, 13.246308, 2.004722, 2.462405, 1.000000, 0.112468 
10.860000, 4.517020, 13.349287, 2.011151, 2.518027, 1.000000, 0.169467 
10.900000, 4.455172, 13.392422, 1.971981, 2.548078, 1.000000, 0.187762 
10.950000, 4.385053, 13.438031, 2.005434, 2.583622, 1.000000, 0.178429 
11.100000, 4.159570, 13.561455, 1.972681, 2.701240, 1.000000, 0.206818 
11.150000, 4.074168, 13.599486, 1.970665, 2.744898, 1.000000, 0.222777 
11.200000, 3.922692, 13.655843, 1.961664, 2.827041, 1.000000, 0.282924 
11.250000, 3.840578, 13.680291, 1.952373, 2.879585, 1.000000, 0.294980 
11.350000, 3.687685, 13.713445, 1.953822, 2.978518, 1.000000, 0.297176 
11.400000, 3.602025, 13.725277, 1.958275, 3.031291, 1.000000, 0.308981 
11.450000, 3.445038, 13.734652, 1.973818, 3.132943, 1.000000, 0.335411 
11.600000, 3.209211, 13.716935, 1.943070, -2.980361, 1.000000, 0.326306 
11.650000, 3.054400, 13.683297, 1.946046, -2.873035, 1.000000, 0.284032 
11.700000, 2.975172, 13.659383, 1.992110, -2.823220, 1.000000, 0.272720 
11.800000, 2.819146, 13.599397, 1.992149, -2.729349, 1.000000, 0.251988 
11.860000, 2.675968, 13.529534, 1.988128, -2.645957, 1.000000, 0.199316 
11.950000, 2.566779, 13.466168, 1.997692, -2.585194, 1.000000, 0.182885 
12.000000, 2.440228, 13.381484, 2.000545, -2.518745, 1.000000, 0.126279 
12.050000, 2.374586, 13.332856, 1.979981, -2.489982, 1.000000, 0.108710 
12.150000, 2.244196, 13.227747, 1.988482, -2.439071, 1.000000, 0.089390 
12.200000, 2.173282, 13.166349, 1.998114, -2.417058, 1.000000, 0.071821 
12.250000, 2.055317, 13.058782, 1.998502, -2.388417, 1.000000, 0.032062 
12.300000, 1.985841, 12.992766, 2.000503, -2.377706, 1.000000, 0.022821 
12.450000, 1.802577, 12.814178, 1.998700, -2.362271, 1.000000, 0.012498 
12.500000, 1.693286, 12.705725, 1.999478, -2.357900, 1.000000, 0.003204 
12.550000, 1.635250, 12.647813, 2.000008, -2.356844, 1.000000, 0.001726 
12.700000, 1.458460, 12.471040, 2.000227, -2.355936, 1.000000, -0.000669 
12.750000, 1.335428, 12.347991, 2.000122, -2.356508, 1.000000, -0.002044 
12.800000, 1.277417, 12.290035, 1.999990, -2.356987, 1.000000, -0.002093 
12.850000, 1.215128, 12.227866, 2.000121, -2.357543, 1.000000, -0.002222 
12.950000, 1.097534, 12.110693, 2.000124, -2.358652, 1.000000, -0.002336 
13.000000, 1.033725, 12.047225, 2.000130, -2.359321, 1.000000, -0.002295 
13.050000, 0.920182, 11.934486, 2.000125, -2.360349, 1.000000, -0.001792 
13.100000, 0.860524, 11.875344, 1.999919, -2.360805, 1.000000, -0.001635 
13.200000, 0.741145, 11.757135, 2.000131, -2.361538, 1.000000, -0.001548 
13.260000, 0.621683, 11.639006, 2.000215, -2.362227, 1.000000, -0.001312 
13.300000, 0.563344, 11.581380, 1.998746, -2.362530, 1.000000, -0.001214 
13.350000, 0.506410, 11.525176, 1.998712, -2.362822, 1.000000, -0.001059 
13.450000, 0.391073, 11.411408, 2.000053, -2.363327, 1.000000, -0.000951 
13.500000, 0.274272, 11.296299, 2.000357, -2.363756, 1.000000, -0.000531 
13.550000, 0.215855, 11.238761, 2.000534, -2.363881, 1.000000, -0.000454 
13.650000, 0.097561, 11.122297, 2.000077, -2.364090, 1.000000, -0.000249 
13.700000, 0.037694, 11.063370, 2.000147, -2.364126, 1.000000, 0.000051 
13.750000, -0.080615, 10.946921, 2.000142, -2.364117, 1.000000, 0.000738 
13.800000, -0.140481, 10.887993, 2.000095, -2.364056, 1.000000, 0.000931 
13.900000, -0.258776, 10.771531, 2.000067, -2.363915, 1.000000, 0.001251 
13.950000, -0.317205, 10.713995, 2.000025, -2.363827, 1.000000, 0.001567 
14.000000, -0.435465, 10.597498, 1.999981, -2.363532, 1.000000, 0.002305 
14.050000, -0.495294, 10.538534, 2.000074, -2.363337, 1.000000, 0.002511 
14.200000, -0.674703, 10.361569, 1.999888, -2.362578, 1.000000, 0.003077 
14.250000, -0.775740, 10.261754, 1.999927, -2.361866, 1.000000, 0.002983 
14.350000, -0.886650, 10.152022, 2.000023, -2.361066, 1.000000, 0.002969 
14.400000, -1.003142, 10.036586, 1.999857, -2.360293, 1.000000, 0.002772 
14.450000, -1.062773, 9.977422, 2.000076, -2.359897, 1.000000, 0.002692 
14.550000, -1.179137, 9.861847, 2.000102, -2.359166, 1.000000, 0.002622 
14.610000, -1.292580, 9.749014, 2.000070, -2.358488, 1.000000, 0.002468 
14.650000, -1.359191, 9.682690, 1.999914, -2.358107, 1.000000, 0.002397 
14.700000, -1.417281, 9.624810, 2.000072, -2.357783, 1.000000, 0.002330 
14.800000, -1.533404, 9.508996, 2.000100, -2.357159, 1.000000, 0.002351 
14.860000, -1.642379, 9.400179, 2.000083, -2.356573, 1.000000, 0.002441 
14.900000, -1.706034, 9.336556, 2.000000, -2.356216, 1.000000, 0.003913 
15.000000, -1.816305, 9.226208, 2.000327, -2.354980, 1.000000, 0.010710 
15.050000, -1.874182, 9.168124, 1.998396, -2.353302, 1.000000, 0.020524 
15.100000, -1.992191, 9.048689, 1.998392, -2.346889, 1.000000, 0.036784 
15.150000, -2.052259, 8.987243, 1.998551, -2.341591, 1.000000, 0.041557 
15.200000, -2.118839, 8.918246, 1.996774, -2.335129, 1.000000, 0.042956 
15.310000, -2.281933, 8.745135, 1.998889, -2.316985, 1.000000, 0.031741 
15.350000, -2.336051, 8.686296, 1.998166, -2.312428, 1.000000, 0.024463 
15.400000, -2.389982, 8.627234, 1.999361, -2.308678, 1.000000, 0.016335 
15.500000, -2.501296, 8.504111, 2.000067, -2.303569, 1.000000, 0.010545 
15.550000, -2.604199, 8.389526, 1.999769, -2.301910, 1.000000, -0.004813 
15.600000, -2.660291, 8.327012, 1.999551, -2.302522, 1.000000, -0.009018 
15.700000, -2.769984, 8.205081, 2.000213, -2.304963, 1.000000, -0.011442 
15.750000, -2.874688, 8.089396, 2.000505, -2.308534, 1.000000, -0.017475 
15.800000, -2.929895, 8.028760, 2.000196, -2.310879, 1.000000, -0.019115 
15.900000, -3.040784, 7.907888, 2.000507, -2.316126, 1.000000, -0.019470 
15.950000, -3.095112, 7.849156, 1.998835, -2.318712, 1.000000, -0.020359 
16.000000, -3.208331, 7.727750, 1.999205, -2.324535, 1.000000, -0.020023 
16.050000, -3.271379, 7.660733, 2.001216, -2.327814, 1.000000, -0.019425 
16.200000, -3.454902, 7.468093, 1.999780, -2.336480, 1.000000, -0.017659 
16.260000, -3.563261, 7.355827, 2.000130, -2.340972, 1.000000, -0.014718 
16.300000, -3.619030, 7.298426, 2.000662, -2.343078, 1.000000, -0.013643 
16.350000, -3.680496, 7.235434, 2.000309, -2.345233, 1.000000, -0.012415 
16.450000, -3.850175, 7.062811, 2.000283, -2.349989, 1.000000, -0.008672 
16.560000, -3.948667, 6.963299, 2.000489, -2.352733, 1.000000, -0.007472 
16.600000, -4.003662, 6.907982, 1.999945, -2.354328, 1.000000, -0.006295 
16.650000, -4.115311, 6.796160, 2.002977, -2.356622, 1.000000, -0.001305 
16.700000, -4.179012, 6.732569, 1.998703, -2.357168, 1.000000, -0.000089 
16.800000, -4.289461, 6.622375, 1.996229, -2.357385, 1.000000, 0.000423 
16.850000, -4.405554, 6.506507, 1.995736, -2.356867, 1.000000, 0.001667 
16.900000, -4.462169, 6.449969, 1.997710, -2.356597, 1.000000, 0.002017 
17.000000, -4.578162, 6.334036, 1.997049, -2.355631, 1.000000, 0.001941 
17.050000, -4.636086, 6.275983, 2.005671, -2.355517, 1.000000, 0.001927 
17.100000, -4.754726, 6.157015, 2.002065, -2.354066, 1.000000, 0.001543 
17.150000, -4.821033, 6.090385, 2.001089, -2.352573, 1.000000, 0.000422 
17.250000, -4.930843, 5.979617, 2.001480, -2.351560, 1.000000, -0.000149 
17.300000, -4.989937, 5.919939, 2.002125, -2.351189, 1.000000, -0.000246 
17.350000, -5.106681, 5.801957, 1.995620, -2.350625, 1.000000, -0.000916 
17.400000, -5.165713, 5.742209, 1.996030, -2.350612, 1.000000, -0.000923 
17.550000, -5.347158, 5.558877, 2.002012, -2.351358, 1.000000, -0.000223 
17.600000, -5.410453, 5.494911, 1.997639, -2.350665, 1.000000, 0.000181 
17.650000, -5.528561, 5.375474, 1.995582, -2.350207, 1.000000, -0.000463 
17.700000, -5.591807, 5.311478, 2.000918, -2.350222, 1.000000, -0.000127 
17.800000, -5.704081, 5.197521, 2.002198, -2.347395, 1.000000, -0.001401 
17.850000, -5.765730, 5.134757, 2.002691, -2.347038, 1.000000, -0.002686 
17.900000, -5.876376, 5.022000, 1.995617, -2.346505, 1.000000, -0.003125 
17.950000, -5.940818, 4.956311, 2.003602, -2.347482, 1.000000, -0.001844 
18.050000, -6.052903, 4.842178, 2.002222, -2.346707, 1.000000, -0.001806 
18.100000, -6.169193, 4.723756, 1.995202, -2.347302, 1.000000, -0.000735 
18.150000, -6.228031, 4.663813, 1.996285, -2.347245, 1.000000, -0.000197 
18.200000, -6.286901, 4.603889, 1.996383, -2.346969, 1.000000, -0.000046 
18.300000, -6.401777, 4.486877, 1.997645, -2.346623, 1.000000, 0.000765 
18.350000, -6.512416, 4.374084, 2.001886, -2.346197, 1.000000, 0.001448 
18.400000, -6.568404, 4.316976, 2.002353, -2.345776, 1.000000, 0.001780 
18.500000, -6.683041, 4.199722, 2.002872, -2.344019, 1.000000, 0.001217 
18.550000, -6.789166, 4.090941, 2.002063, -2.343307, 1.000000, 0.001725 
18.600000, -6.844965, 4.033633, 2.002359, -2.342002, 1.000000, 0.000996 
18.700000, -6.959199, 3.915971, 2.001333, -2.341264, 1.000000, 0.001335 
18.760000, -7.070522, 3.801098, 2.002842, -2.338617, 1.000000, 0.000384 
18.820000, -7.117736, 3.752151, 2.002591, -2.338293, 1.000000, 0.000825 
18.900000, -7.274553, 3.589439, 1.996512, -2.337172, 1.000000, 0.001359 
18.950000, -7.331414, 3.530381, 2.002315, -2.336995, 1.000000, 0.002020 
19.050000, -7.449169, 3.407802, 1.996707, -2.335300, 1.000000, 0.001866 
19.100000, -7.508674, 3.345731, 2.001987, -2.334523, 1.000000, 0.001640 
19.150000, -7.624755, 3.224325, 2.002621, -2.332700, 1.000000, 0.001474 
19.210000, -7.681332, 3.164970, 1.996512, -2.332027, 1.000000, 0.001631 
19.300000, -7.794372, 3.046165, 1.996021, -2.330551, 1.000000, 0.001477 
19.360000, -7.901714, 2.932979, 1.996284, -2.329366, 1.000000, 0.001465 
19.400000, -7.959477, 2.871997, 1.996619, -2.329180, 1.000000, 0.002162 
19.550000, -8.131163, 2.690337, 2.002634, -2.325907, 1.000000, 0.002804 
19.600000, -8.240712, 2.573714, 2.002117, -2.324022, 1.000000, 0.000744 
19.650000, -8.295415, 2.515359, 2.002199, -2.323676, 1.000000, 0.001123 
19.750000, -8.406095, 2.397078, 1.996401, -2.322844, 1.000000, 0.001002 
19.800000, -8.513916, 2.281606, 2.002027, -2.321546, 1.000000, 0.005669 
19.850000, -8.568444, 2.223085, 1.999820, -2.320403, 1.000000, 0.014943 
19.950000, -8.679966, 2.102897, 1.999783, -2.315263, 1.000000, 0.028987 
20.000000, -8.742016, 2.035040, 1.997436, -2.306973, 1.000000, 0.036326 
20.050000, -8.854828, 1.908116, 1.993659, -2.286918, 1.000000, 0.051272 
20.100000, -8.910794, 1.843043, 1.997686, -2.274738, 1.000000, 0.046026 
20.150000, -8.965949, 1.777272, 1.992441, -2.262802, 1.000000, 0.046136 
20.300000, -9.128225, 1.574620, 1.998632, -2.229091, 1.000000, 0.041821 
20.350000, -9.230734, 1.439286, 1.998615, -2.208973, 1.000000, 0.035592 
20.400000, -9.281572, 1.370067, 1.998118, -2.199960, 1.000000, 0.030413 
20.450000, -9.334191, 1.297126, 1.999387, -2.191432, 1.000000, 0.028012 
20.550000, -9.428578, 1.163160, 1.998692, -2.177875, 1.000000, 0.026562 
20.600000, -9.480745, 1.087500, 1.998645, -2.170905, 1.000000, 0.023659 
20.650000, -9.570333, 0.955065, 1.998661, -2.160144, 1.000000, 0.029069 
20.700000, -9.617860, 0.883452, 1.997486, -2.153337, 1.000000, 0.036857 
20.750000, -9.669238, 0.804792, 1.998964, -2.144492, 1.000000, 0.041941 
20.850000, -9.755899, 0.668132, 1.997834, -2.125779, 1.000000, 0.045481 
20.900000, -9.805920, 0.586341, 1.997280, -2.113294, 1.000000, 0.041559 
20.950000, -9.886177, 0.450430, 1.997412, -2.094654, 1.000000, 0.042255 
21.100000, -10.035500, 0.181373, 1.998053, -2.060560, 1.000000, 0.030983 
21.150000, -10.071944, 0.112493, 1.998594, -2.053323, 1.000000, 0.028597 
21.250000, -10.155237, -0.049290, 2.001270, -2.037934, 1.000000, 0.026758 
21.300000, -10.193733, -0.126181, 1.998894, -2.031479, 1.000000, 0.023988 
21.350000, -10.236167, -0.212278, 1.998972, -2.024513, 1.000000, 0.023559 
21.400000, -10.305481, -0.356418, 1.999315, -2.012400, 1.000000, 0.037976 
21.450000, -10.346925, -0.445120, 1.999013, -2.002424, 1.000000, 0.044260 
21.500000, -10.380889, -0.519747, 1.996505, -1.992610, 1.000000, 0.045521 
21.550000, -10.419632, -0.607470, 1.999086, -1.980059, 1.000000, 0.047952 
21.650000, -10.480155, -0.751068, 1.998586, -1.958725, 1.000000, 0.051254 
21.700000, -10.540316, -0.903442, 2.001754, -1.934970, 1.000000, 0.043712 
21.750000, -10.569780, -0.982015, 1.997105, -1.923889, 1.000000, 0.040214 
21.850000, -10.624901, -1.136344, 1.997859, -1.904251, 1.000000, 0.041188 
21.900000, -10.651964, -1.215833, 2.000835, -1.894433, 1.000000, 0.043944 
21.950000, -10.703039, -1.373621, 2.000793, -1.873077, 1.000000, 0.038455 
22.100000, -10.772338, -1.607291, 1.998324, -1.846026, 1.000000, 0.035128 
22.150000, -10.794812, -1.688223, 1.998399, -1.837504, 1.000000, 0.033190 
22.200000, -10.838698, -1.854391, 1.997137, -1.820517, 1.000000, 0.049260 
22.250000, -10.861393, -1.945452, 2.000221, -1.808078, 1.000000, 0.053501 
22.350000, -10.896342, -2.097309, 2.002609, -1.785343, 1.000000, 0.053752 
22.400000, -10.913315, -2.177478, 1.992591, -1.772846, 1.000000, 0.055974 
22.450000, -10.944799, -2.342288, 1.994441, -1.746411, 1.000000, 0.053150 
22.500000, -10.958284, -2.421088, 2.001998, -1.734312, 1.000000, 0.054626 
22.600000, -10.983707, -2.588980, 1.999462, -1.707266, 1.000000, 0.061298 
22.650000, -10.995000, -2.676006, 1.992687, -1.691533, 1.000000, 0.072362 
22.700000, -11.011362, -2.832642, 1.989224, -1.656824, 1.000000, 0.099225 
22.750000, -11.018052, -2.922188, 1.992917, -1.633118, 1.000000, 0.108993 
22.850000, -11.024174, -3.075158, 1.992602, -1.587615, 1.000000, 0.116815 
22.950000, -11.021002, -3.280094, 1.986530, -1.522518, 1.000000, 0.109808 
23.000000, -11.008422, -3.452822, 1.986403, -1.473147, 1.000000, 0.096194 
23.050000, -10.999817, -3.532103, 1.994338, -1.451766, 1.000000, 0.091387 
23.100000, -10.989561, -3.611168, 1.990641, -1.430213, 1.000000, 0.078887 
23.200000, -10.962781, -3.776729, 1.998289, -1.390031, 1.000000, 0.073066 
23.250000, -10.944625, -3.870917, 1.997040, -1.370269, 1.000000, 0.063228 
23.320000, -10.911544, -4.023052, 1.997112, -1.343028, 1.000000, 0.041706 
23.400000, -10.879103, -4.156945, 1.997794, -1.323529, 1.000000, 0.037906 
23.450000, -10.838153, -4.313528, 1.998510, -1.306148, 1.000000, 0.025128 
23.500000, -10.813205, -4.404107, 1.998955, -1.298676, 1.000000, 0.023276 
23.600000, -10.770536, -4.554093, 1.998907, -1.287967, 1.000000, 0.020411 
23.650000, -10.745810, -4.638504, 1.999339, -1.282725, 1.000000, 0.019043 
23.700000, -10.699786, -4.791695, 1.999814, -1.274245, 1.000000, 0.012695 
23.750000, -10.673341, -4.877699, 1.999418, -1.270505, 1.000000, 0.011260 
23.850000, -10.625661, -5.030388, 1.999480, -1.264908, 1.000000, 0.009537 
23.900000, -10.599128, -5.114278, 2.000000, -1.262347, 1.000000, 0.008324 
23.950000, -10.550323, -5.266644, 2.000159, -1.258478, 1.000000, 0.006669 
24.000000, -10.523215, -5.350362, 1.999898, -1.256688, 1.000000, 0.006355 
24.100000, -10.472340, -5.506268, 1.999911, -1.253524, 1.000000, 0.005985 
24.150000, -10.444846, -5.589862, 1.999896, -1.251837, 1.000000, 0.010707 
24.200000, -10.393037, -5.745452, 1.999084, -1.245305, 1.000000, 0.038715 
24.250000, -10.362667, -5.834322, 1.999375, -1.236414, 1.000000, 0.041448 
24.350000, -10.310915, -5.979262, 1.998869, -1.218187, 1.000000, 0.042505 
24.410000, -10.253517, -6.130569, 1.998764, -1.197711, 1.000000, 0.040439 
24.450000, -10.223254, -6.206721, 1.996650, -1.187894, 1.000000, 0.040137 
24.550000, -10.162137, -6.354451, 1.997106, -1.169391, 1.000000, 0.036978 
24.600000, -10.128993, -6.431581, 2.001372, -1.160262, 1.000000, 0.036410 
24.650000, -10.058988, -6.588592, 2.001549, -1.142509, 1.000000, 0.026659 
24.700000, -10.023870, -6.664828, 1.998712, -1.135527, 1.000000, 0.025062 
24.750000, -9.985621, -6.746286, 1.999784, -1.128745, 1.000000, 0.022230 
24.850000, -9.916424, -6.890447, 1.999490, -1.117946, 1.000000, 0.021111 
24.900000, -9.843965, -7.037514, 1.998858, -1.108081, 1.000000, 0.015580 
24.950000, -9.806346, -7.112576, 1.999834, -1.103877, 1.000000, 0.013933 
25.050000, -9.731135, -7.260548, 2.000035, -1.096729, 1.000000, 0.013200 
25.100000, -9.689008, -7.342325, 1.999203, -1.093168, 1.000000, 0.012265 
25.150000, -9.612323, -7.489497, 1.999390, -1.087744, 1.000000, -0.000895 
25.200000, -9.573301, -7.563866, 1.998669, -1.087484, 1.000000, -0.008865 
25.250000, -9.528730, -7.648907, 2.000343, -1.089442, 1.000000, -0.011092 
25.350000, -9.431154, -7.837150, 2.000123, -1.097347, 1.000000, -0.022489 
25.400000, -9.392118, -7.913782, 2.000426, -1.102589, 1.000000, -0.022953 
25.450000, -9.351684, -7.994202, 1.998575, -1.108952, 1.000000, -0.023749 
25.550000, -9.278528, -8.143210, 1.998878, -1.121065, 1.000000, -0.024524 
25.600000, -9.242234, -8.218964, 2.000586, -1.127258, 1.000000, -0.023688 
25.700000, -9.151733, -8.412893, 1.999424, -1.141727, 1.000000, -0.018330 
25.750000, -9.081661, -8.567794, 1.999034, -1.150962, 1.000000, -0.006608 
25.800000, -9.048312, -8.642719, 2.000193, -1.152930, 1.000000, 0.000441 
25.950000, -8.946781, -8.871163, 1.997352, -1.148595, 1.000000, 0.022332 
26.000000, -8.911380, -8.949467, 1.999383, -1.142850, 1.000000, 0.035262 
26.050000, -8.841217, -9.099759, 1.999885, -1.123350, 1.000000, 0.063319 
26.100000, -8.805296, -9.173467, 1.990592, -1.109423, 1.000000, 0.066005 
26.200000, -8.728283, -9.322428, 1.990854, -1.077582, 1.000000, 0.070714 
26.250000, -8.686996, -9.397657, 2.001296, -1.060157, 1.000000, 0.073601 
26.300000, -8.604626, -9.539093, 2.003122, -1.026868, 1.000000, 0.074884 
26.350000, -8.560666, -9.610413, 1.991761, -1.009256, 1.000000, 0.077189 
26.450000, -8.469915, -9.749124, 1.992317, -0.973278, 1.000000, 0.078535 
26.500000, -8.422039, -9.818048, 2.000831, -0.954160, 1.000000, 0.085576 
26.550000, -8.322278, -9.952574, 1.997780, -0.910738, 1.000000, 0.120074 
26.600000, -8.270447, -10.017639, 1.981201, -0.885132, 1.000000, 0.133817 
26.700000, -8.161352, -10.143806, 1.984972, -0.828337, 1.000000, 0.139429 
26.750000, -8.103914, -10.204640, 1.988327, -0.799568, 1.000000, 0.153907 
26.800000, -7.985561, -10.318830, 1.987888, -0.734408, 1.000000, 0.176796 
26.850000, -7.922850, -10.373488, 1.992871, -0.698205, 1.000000, 0.191549 
26.950000, -7.793132, -10.474618, 1.974117, -0.622789, 1.000000, 0.205968 
27.000000, -7.724521, -10.522027, 1.984430, -0.585234, 1.000000, 0.218135 
27.050000, -7.587436, -10.605611, 1.985512, -0.510300, 1.000000, 0.226169 
27.100000, -7.516008, -10.643785, 1.976045, -0.469067, 1.000000, 0.220897 
27.200000, -7.364519, -10.713249, 1.986183, -0.390215, 1.000000, 0.203027 
27.250000, -7.282765, -10.745140, 2.001859, -0.351935, 1.000000, 0.197115 
27.300000, -7.123842, -10.797343, 1.987341, -0.282444, 1.000000, 0.192437 
27.350000, -7.043783, -10.819027, 1.982582, -0.246590, 1.000000, 0.188777 
27.450000, -6.884729, -10.853239, 1.985145, -0.177467, 1.000000, 0.180305 
27.500000, -6.802071, -10.866574, 1.980244, -0.143340, 1.000000, 0.165216 
27.550000, -6.642037, -10.884591, 1.978162, -0.081659, 1.000000, 0.130304 
27.600000, -6.560964, -10.890069, 2.000313, -0.053130, 1.000000, 0.118302 
27.700000, -6.393583, -10.894366, 2.005895, 0.001460, 1.000000, 0.099225 
27.760000, -6.222024, -10.890333, 1.998910, 0.044788, 1.000000, 0.063609 
27.800000, -6.144329, -10.886274, 1.992131, 0.059398, 1.000000, 0.062917 
27.900000, -5.987099, -10.874699, 1.988842, 0.088319, 1.000000, 0.066655 
27.950000, -5.842158, -10.859871, 1.989011, 0.115119, 1.000000, 0.076801 
28.000000, -5.764972, -10.850336, 1.999787, 0.131150, 1.000000, 0.083235 
28.100000, -5.597419, -10.824994, 1.994446, 0.170982, 1.000000, 0.089701 
28.150000, -5.501434, -10.807258, 1.987662, 0.196336, 1.000000, 0.096431 
28.200000, -5.423259, -10.790808, 1.996562, 0.218453, 1.000000, 0.098556 
28.250000, -5.254786, -10.749203, 1.996875, 0.265732, 1.000000, 0.090219 
28.300000, -5.179913, -10.728000, 1.998771, 0.286405, 1.000000, 0.088592 
28.400000, -5.025744, -10.679266, 1.999326, 0.327002, 1.000000, 0.080283 
28.450000, -4.873519, -10.624555, 1.995126, 0.364949, 1.000000, 0.095362 
28.500000, -4.791908, -10.592360, 1.994904, 0.388096, 1.000000, 0.084463 
28.550000, -4.709225, -10.557393, 1.993644, 0.411346, 1.000000, 0.082586 
28.650000, -4.565971, -10.491612, 1.991919, 0.449017, 1.000000, 0.078912 
28.700000, -4.419923, -10.417912, 1.992981, 0.485830, 1.000000, 0.082588 
28.750000, -4.347929, -10.378967, 2.004422, 0.505446, 1.000000, 0.075255 
28.850000, -4.204468, -10.296125, 2.003358, 0.542290, 1.000000, 0.084090 
28.900000, -4.134918, -10.253317, 1.990015, 0.562239, 1.000000, 0.099104 
28.950000, -3.998697, -10.163029, 1.988824, 0.608666, 1.000000, 0.138073 
29.000000, -3.932162, -10.115409, 1.994447, 0.634944, 1.000000, 0.156397 
29.100000, -3.801016, -10.012389, 1.990112, 0.699277, 1.000000, 0.172573 
29.150000, -3.736966, -9.956509, 1.983125, 0.735748, 1.000000, 0.189749 
29.200000, -3.668882, -9.892241, 1.972126, 0.777393, 1.000000, 0.179843 
29.250000, -3.555792, -9.772715, 1.962257, 0.851005, 1.000000, 0.232267 
29.300000, -3.496495, -9.701745, 1.985314, 0.898501, 1.000000, 0.240931 
29.400000, -3.404165, -9.576242, 1.989697, 0.975981, 1.000000, 0.242995 
29.450000, -3.319453, -9.440019, 1.990366, 1.055308, 1.000000, 0.250583 
29.500000, -3.280733, -9.368579, 1.967178, 1.095001, 1.000000, 0.234324 
29.550000, -3.241761, -9.288587, 1.977055, 1.140036, 1.000000, 0.223723 
29.650000, -3.183117, -9.146496, 1.981444, 1.218312, 1.000000, 0.210131 
29.700000, -3.133297, -8.994079, 1.985033, 1.292282, 1.000000, 0.157988 
29.750000, -3.111995, -8.915298, 1.989541, 1.322856, 1.000000, 0.145370 
29.850000, -3.075822, -8.752119, 1.992031, 1.382998, 1.000000, 0.127039 
29.910000, -3.050237, -8.596797, 1.991678, 1.432657, 1.000000, 0.080193 
29.950000, -3.040105, -8.517729, 1.997935, 1.453346, 1.000000, 0.066600 
30.050000, -3.023924, -8.356532, 1.999348, 1.487015, 1.000000, 0.052918 
30.100000, -3.012824, -8.205034, 1.998439, 1.508170, 1.000000, 0.027142 
30.150000, -3.007936, -8.121147, 1.999978, 1.515914, 1.000000, 0.021570 
30.250000, -2.997579, -7.905410, 1.999522, 1.529428, 1.000000, 0.011647 
30.300000, -2.994422, -7.825469, 1.999652, 1.532547, 1.000000, 0.009347 
30.400000, -2.988566, -7.663603, 1.999006, 1.537298, 1.000000, 0.007645 
30.460000, -2.983252, -7.497709, 1.999796, 1.540727, 1.000000, 0.003638 
30.500000, -2.980816, -7.415750, 1.999933, 1.541751, 1.000000, 0.003147 
30.550000, -2.978235, -7.325782, 1.999989, 1.542665, 1.000000, 0.002635 
30.650000, -2.973607, -7.157843, 1.999984, 1.544017, 1.000000, 0.002269 
30.700000, -2.971208, -7.067875, 2.000115, 1.544609, 1.000000, 0.001970 
30.750000, -2.967076, -6.907925, 2.000134, 1.545474, 1.000000, 0.001456 
30.800000, -2.964763, -6.815951, 1.999998, 1.545868, 1.000000, 0.001450 
30.900000, -2.960867, -6.657996, 1.999998, 1.546521, 1.000000, 0.001438 
30.950000, -2.958644, -6.566020, 2.000105, 1.546912, 1.000000, 0.001445 
31.000000, -2.954910, -6.408061, 2.000082, 1.547583, 1.000000, 0.001827 
31.050000, -2.952834, -6.318085, 1.999983, 1.548016, 1.000000, 0.001969 
31.150000, -2.949201, -6.156123, 1.999980, 1.548924, 1.000000, 0.002150 
31.200000, -2.947379, -6.072140, 2.000076, 1.549463, 1.000000, 0.002439 
31.250000, -2.943879, -5.904174, 1.999973, 1.550683, 1.000000, 0.002465 
31.300000, -2.942043, -5.812193, 2.000106, 1.551354, 1.000000, 0.002530 
31.350000, -2.940317, -5.722207, 2.000001, 1.551986, 1.000000, 0.002590 
31.450000, -2.937351, -5.560232, 1.999974, 1.553194, 1.000000, 0.002489 
31.500000, -2.935749, -5.468242, 2.000159, 1.553881, 1.000000, 0.002451 
31.550000, -2.933111, -5.308262, 2.000118, 1.554983, 1.000000, 0.002280 
31.600000, -2.931706, -5.218271, 1.999987, 1.555556, 1.000000, 0.002330 
31.700000, -2.929337, -5.058286, 1.999976, 1.556631, 1.000000, 0.002300 
31.750000, -2.928056, -4.966292, 1.999988, 1.557250, 1.000000, 0.002116 
31.800000, -2.925950, -4.806303, 1.999995, 1.558202, 1.000000, 0.001855 
31.850000, -2.924827, -4.716310, 2.000098, 1.558699, 1.000000, 0.001880 
31.950000, -2.922992, -4.560318, 2.000086, 1.559539, 1.000000, 0.001835 
32.000000, -2.921286, -4.404325, 2.000074, 1.560354, 1.000000, 0.001988 
32.050000, -2.920466, -4.324326, 1.999988, 1.560793, 1.000000, 0.002081 
32.150000, -2.918872, -4.158331, 1.999985, 1.561772, 1.000000, 0.002106 
32.200000, -2.918089, -4.070333, 2.000213, 1.562321, 1.000000, 0.001887 
32.250000, -2.916755, -3.906335, 2.000197, 1.563203, 1.000000, 0.001898 
32.300000, -2.916117, -3.820336, 1.999984, 1.563649, 1.000000, 0.001893 
32.350000, -2.915461, -3.726335, 1.999981, 1.564178, 1.000000, 0.001951 
32.450000, -2.914481, -3.570335, 1.999975, 1.565045, 1.000000, 0.001962 
32.500000, -2.913599, -3.406335, 1.999983, 1.565969, 1.000000, 0.001849 
32.560000, -2.913286, -3.340336, 1.999985, 1.566315, 1.000000, 0.001890 
32.650000, -2.912359, -3.104332, 2.000009, 1.567630, 1.000000, 0.001902 
32.750000, -2.911932, -2.954330, 2.000149, 1.568465, 1.000000, 0.002069 
32.800000, -2.911759, -2.874331, 1.999978, 1.568925, 1.000000, 0.002063 
32.850000, -2.911506, -2.696328, 1.999977, 1.570054, 1.000000, 0.001035 
32.900000, -2.911453, -2.614325, 2.000067, 1.570335, 1.000000, -0.002567 
32.950000, -2.911413, -2.530323, 2.000053, 1.569986, 1.000000, -0.011995 
33.050000, -2.911031, -2.364309, 1.999894, 1.564648, 1.000000, -0.026093 
33.100000, -2.908842, -2.194340, 1.998529, 1.548399, 1.000000, -0.046403 
33.150000, -2.906438, -2.108426, 1.999931, 1.537269, 1.000000, -0.046550 
33.200000, -2.903213, -2.024483, 1.995786, 1.525474, 1.000000, -0.049085 
33.350000, -2.886879, -1.767072, 2.000762, 1.488296, 1.000000, -0.049399 
33.410000, -2.871959, -1.607816, 2.000655, 1.464903, 1.000000, -0.057795 
33.450000, -2.863064, -1.528316, 1.997123, 1.452065, 1.000000, -0.062969 
33.550000, -2.841169, -1.363860, 1.992302, 1.422675, 1.000000, -0.076261 
33.600000, -2.815373, -1.210344, 1.993212, 1.383678, 1.000000, -0.111123 
33.650000, -2.799654, -1.132267, 1.992783, 1.359652, 1.000000, -0.129563 
33.750000, -2.759861, -0.970085, 1.990409, 1.298626, 1.000000, -0.144789 
33.800000, -2.733032, -0.880485, 1.966014, 1.260250, 1.000000, -0.161954 
33.850000, -2.682918, -0.740490, 1.966869, 1.192808, 1.000000, -0.178870 
33.900000, -2.649134, -0.660300, 1.998636, 1.152236, 1.000000, -0.196101 
33.950000, -2.600806, -0.558810, 1.960226, 1.098113, 1.000000, -0.229701 
34.050000, -2.527463, -0.428176, 1.952716, 1.018958, 1.000000, -0.222119 
34.100000, -2.479087, -0.353536, 1.979687, 0.972809, 1.000000, -0.236354 
34.150000, -2.425461, -0.278802, 1.969848, 0.922916, 1.000000, -0.253310 
34.200000, -2.321295, -0.153920, 1.962104, 0.824092, 1.000000, -0.282116 
34.250000, -2.262154, -0.093328, 1.954498, 0.771201, 1.000000, -0.311487 
34.300000, -2.194668, -0.031642, 1.954581, 0.709129, 1.000000, -0.319605 
34.400000, -2.070549, 0.064407, 1.957936, 0.599058, 1.000000, -0.324086 
34.450000, -1.929344, 0.149762, 1.959081, 0.483499, 1.000000, -0.313499 
34.500000, -1.855278, 0.186137, 1.969303, 0.426860, 1.000000, -0.303454 
34.550000, -1.770365, 0.221632, 1.965658, 0.365540, 1.000000, -0.280564 
34.650000, -1.621569, 0.270489, 1.954740, 0.267042, 1.000000, -0.255623 
34.700000, -1.533135, 0.292248, 1.966066, 0.212736, 1.000000, -0.226135 
34.750000, -1.375731, 0.319103, 1.956637, 0.128230, 1.000000, -0.117823 
34.870000, -1.210381, 0.334330, 1.981412, 0.060652, 1.000000, -0.044079 
34.910000, -1.072914, 0.340135, 1.996603, 0.027834, 1.000000, -0.000429 
34.950000, -0.989077, 0.341974, 1.999692, 0.017078, 1.000000, -0.329839 
35.000000, -0.899547, 0.343321, 1.959525, 0.005823, 1.000000, -0.317252 
35.100000, -0.673074, 0.331955, 1.965883, -0.113579, 1.000000, 0.147511 
35.150000, -0.588450, 0.320412, 1.986956, -0.151170, 1.000000, 0.195224 
35.200000, -0.502061, 0.306863, 1.987331, -0.149569, 1.000000, -0.128627 
35.350000, -0.245644, 0.270899, 1.986465, -0.127264, 1.000000, 0.204334 
35.400000, -0.159202, 0.260956, 1.970717, -0.100354, 1.000000, -0.116508 
35.450000, 0.013303, 0.244970, 1.991843, -0.081991, 1.000000, 0.164199 
35.500000, 0.092792, 0.239321, 1.991836, -0.059217, 1.000000, 0.150272 
35.600000, 0.239763, 0.234035, 1.993076, -0.011764, 1.000000, 0.137564 
35.650000, 0.413411, 0.236297, 2.001329, 0.025214, 1.000000, 0.105689 
35.700000, 0.509542, 0.238049, 2.001032, 0.017496, 1.000000, 0.124077 
35.900000, 0.849295, 0.246053, 1.968997, -0.013005, 1.000000, 0.133734 
35.960000, 1.010576, 0.241513, 1.988395, -0.040573, 1.000000, -0.157723 
36.050000, 1.171439, 0.230876, 1.981128, -0.094496, 1.000000, -0.129715 
36.100000, 1.244810, 0.223051, 1.996894, -0.119105, 1.000000, -0.089542 
36.150000, 1.404714, 0.200283, 2.001614, -0.158893, 1.000000, 0.007142 
36.200000, 1.489470, 0.186145, 1.999245, -0.168277, 1.000000, 0.032989 
36.250000, 1.574242, 0.171756, 2.001351, -0.166469, 1.000000, 0.043306 
36.350000, 1.743942, 0.144614, 2.001181, -0.147896, 1.000000, 0.051954 
36.400000, 1.832954, 0.131916, 1.992311, -0.135210, 1.000000, 0.056508 
36.450000, 1.991138, 0.112469, 1.993487, -0.109192, 1.000000, 0.051324 
36.500000, 2.078383, 0.103491, 1.997322, -0.095701, 1.000000, 0.049143 
36.650000, 2.331160, 0.083754, 1.992882, -0.060869, 1.000000, 0.042642 
36.700000, 2.420905, 0.078746, 1.998518, -0.050176, 1.000000, 0.039319 
36.750000, 2.588532, 0.071878, 1.998335, -0.031856, 1.000000, 0.027068 
36.800000, 2.682376, 0.069320, 1.998232, -0.023935, 1.000000, 0.024667 
36.900000, 2.840239, 0.066454, 1.998794, -0.012484, 1.000000, 0.022308 
36.950000, 2.924193, 0.065606, 1.999499, -0.007109, 1.000000, 0.020555 
37.010000, 3.094091, 0.065224, 1.998912, 0.002524, 1.000000, 0.014055 
37.070000, 3.176059, 0.065600, 1.999814, 0.006247, 1.000000, 0.012363 
37.150000, 3.393991, 0.067854, 1.999637, 0.014454, 1.000000, 0.009560 
37.200000, 3.477951, 0.069194, 1.999367, 0.016853, 1.000000, 0.008589 
37.350000, 3.733836, 0.074327, 1.999344, 0.023102, 1.000000, 0.007587 
37.400000, 3.823811, 0.076480, 1.999956, 0.025093, 1.000000, 0.007119 
37.450000, 3.989750, 0.080905, 1.999963, 0.028406, 1.000000, 0.004983 
37.500000, 4.079709, 0.083524, 2.000264, 0.029884, 1.000000, 0.005734 
37.600000, 4.237631, 0.088415, 1.999682, 0.032844, 1.000000, 0.012064 
37.650000, 4.327562, 0.091466, 1.999442, 0.036210, 1.000000, 0.018190 
37.700000, 4.485361, 0.097862, 1.999047, 0.046044, 1.000000, 0.035501 
37.750000, 4.577177, 0.102466, 1.998271, 0.054466, 1.000000, 0.035773 
37.850000, 4.734717, 0.112318, 1.997897, 0.070695, 1.000000, 0.035176 
37.900000, 4.824391, 0.119054, 1.998577, 0.080004, 1.000000, 0.034984 
37.950000, 4.983636, 0.133042, 1.998627, 0.095399, 1.000000, 0.031914 
38.000000, 5.075106, 0.142162, 1.998808, 0.103737, 1.000000, 0.028457 
38.100000, 5.230080, 0.159328, 1.998523, 0.117532, 1.000000, 0.038218 
38.150000, 5.382751, 0.178576, 1.997780, 0.134051, 1.000000, 0.051530 
38.200000, 5.465896, 0.190167, 2.000028, 0.145325, 1.000000, 0.071344 
38.350000, 5.725506, 0.234583, 1.994331, 0.196758, 1.000000, 0.083431 
38.400000, 5.819274, 0.254389, 1.987146, 0.220962, 1.000000, 0.098585 
38.450000, 5.970238, 0.291859, 1.985718, 0.266553, 1.000000, 0.114488 
38.500000, 6.048683, 0.314351, 1.995939, 0.292886, 1.000000, 0.101479 
38.650000, 6.295589, 0.399574, 1.989165, 0.367738, 1.000000, 0.091768 
38.700000, 6.441391, 0.459085, 1.989774, 0.406575, 1.000000, 0.076291 
38.750000, 6.525417, 0.496303, 2.000482, 0.426710, 1.000000, 0.070391 
38.800000, 6.612062, 0.536761, 1.995190, 0.446681, 1.000000, 0.072242 
38.900000, 6.751267, 0.606193, 1.994117, 0.479127, 1.000000, 0.077726 
38.950000, 6.832426, 0.649430, 1.989756, 0.500087, 1.000000, 0.083953 
39.000000, 6.970852, 0.728722, 1.988115, 0.540545, 1.000000, 0.108103 
39.050000, 7.048686, 0.776832, 2.000282, 0.567820, 1.000000, 0.112776 
39.150000, 7.224349, 0.897111, 1.993296, 0.633119, 1.000000, 0.107298 
39.200000, 7.291000, 0.947285, 1.997284, 0.657469, 1.000000, 0.107566 
